AccX,AccY,AccZ,GyrX,GyrY,GyrZ,Ema_Acc,Ema_Gyr,isDone,Activity
1132,1356,187,-140,32,-373,776,194,False,5
1212,1441,271,-81,75,-412,902,241,False,5
1313,1485,330,-73,99,-471,1009,290,False,5
1357,1492,486,-124,126,-562,1074,349,False,5
1302,1495,672,-148,197,-615,1093,412,False,5
1257,1458,842,-143,291,-629,1101,471,False,5
1175,1381,954,-145,377,-653,1048,530,False,5
1045,1148,981,-176,472,-661,836,590,False,5
828,833,878,-266,554,-654,466,651,False,5
443,195,100,-284,693,-369,505,772,False,5
377,93,-209,-183,577,-253,559,749,False,5
225,50,-459,-154,477,-187,486,706,False,5
119,33,-641,-152,406,-127,347,655,False,5
53,83,-824,-156,305,-87,170,594,False,5
7,159,-924,-123,155,-55,62,516,False,5
-46,217,-910,-72,28,-37,63,430,False,5
-69,235,-845,-43,-80,-28,120,363,False,5
-53,244,-763,-36,-179,-23,197,327,False,5
70,187,-696,-51,-257,-19,275,314,False,5
267,148,-625,-88,-354,-16,304,324,False,5
441,182,-442,-89,-475,-20,349,356,False,5
637,303,-163,-28,-599,-3,276,404,False,5
882,361,160,68,-696,39,33,463,False,5
1212,357,501,130,-768,105,359,528,False,5
1670,478,1104,105,-876,132,1058,600,False,5
1976,701,1790,95,-972,131,1756,677,False,5
2547,724,1972,99,-926,169,2301,731,False,5
3245,777,2538,65,-1026,162,3192,793,False,5
3283,1023,2962,130,-1109,210,3538,861,False,5
2820,998,2670,133,-955,257,3009,888,False,5
2405,831,2186,-131,-746,116,2354,864,False,5
2402,798,1688,-400,-541,-129,2042,828,False,5
2647,714,1189,-348,-434,-190,1988,780,False,5
2814,709,1070,-112,-588,-147,2092,747,False,5
2642,677,1298,52,-820,-150,2020,764,False,5
2421,603,1567,93,-889,-132,1946,792,False,5
1955,468,1341,16,-776,-117,1416,790,False,5
1573,471,1362,-78,-711,-172,1133,779,False,5
1300,538,1258,-41,-745,-233,887,779,False,5
917,289,1457,-7,-738,-269,745,780,False,5
486,51,1701,-7,-510,-170,769,732,False,5
228,103,1735,-25,-318,-172,752,658,False,5
152,-158,1948,-100,-73,-188,960,571,False,5
289,-75,1688,-36,186,-47,714,496,False,5
761,220,1272,-36,336,9,498,464,False,5
1089,385,1191,-84,478,-2,659,468,False,5
1286,251,1346,-60,687,8,878,512,False,5
1785,-56,1748,-24,1023,88,1498,615,False,5
2577,-400,2184,9,1172,191,2401,729,False,5
3202,-642,2851,-91,1290,244,3335,847,False,5
3805,-385,3590,-215,1435,342,4245,975,False,5
4223,9,4406,-137,1420,426,5103,1078,False,5
4203,3,4359,1,1332,446,5055,1143,False,5
4181,184,3986,30,1199,377,4779,1166,False,5
4007,285,2899,80,969,284,3953,1135,False,5
2921,169,1990,-27,675,47,2538,1043,False,5
2005,440,1776,-135,520,-105,1714,944,False,5
1510,409,1658,-156,459,-154,2713,857,True,5
1041,840,1093,192,68,-45,727,154,False,5
988,1071,1672,176,47,-121,1217,167,False,5
813,1103,1798,153,267,-288,1260,218,False,5
1412,614,1782,15,577,-355,1355,309,False,5
1620,698,2066,-130,542,-411,1716,386,False,5
1658,873,2401,-56,742,-396,2045,477,False,5
2070,705,2658,39,925,-350,2441,579,False,5
2339,650,2735,-39,1018,-406,2656,683,False,5
2183,630,2861,-204,1077,-457,2653,783,False,5
2015,702,2690,-280,1163,-367,2433,877,False,5
1713,648,2001,-212,1110,-225,1712,932,False,5
1400,484,1103,-133,966,-139,846,942,False,5
1167,484,509,-45,796,-83,362,914,False,5
1038,359,-210,20,644,-52,118,860,False,5
902,177,-717,-23,470,-63,165,783,False,5
630,156,-777,-35,291,-72,12,686,False,5
373,59,-734,-28,142,-79,174,582,False,5
183,-28,-667,-48,64,-70,307,487,False,5
100,-10,-674,-65,26,-46,318,406,False,5
126,88,-685,-42,-21,9,297,334,False,5
154,189,-723,13,-95,59,237,289,False,5
197,240,-716,53,-189,90,219,274,False,5
316,245,-625,50,-316,77,258,285,False,5
497,206,-458,0,-467,17,293,321,False,5
722,206,-113,-33,-652,-37,240,388,False,5
978,288,376,39,-818,-35,86,474,False,5
1143,369,927,162,-931,40,517,568,False,5
1348,530,1501,232,-983,139,1085,658,False,5
1926,584,1522,202,-905,230,1523,717,False,5
2774,798,2083,101,-1030,240,2559,786,False,5
3389,1029,2581,91,-1172,240,3382,869,False,5
4146,1152,3123,190,-1227,294,4316,950,False,5
3474,926,2956,94,-1153,292,3654,998,False,5
3142,403,2240,-385,-992,49,2879,1012,False,5
2578,708,2330,-694,-873,-287,2546,1039,False,5
2420,831,1337,-353,-493,-223,1886,961,False,5
2666,517,918,26,-407,-54,1866,851,False,5
2565,468,909,90,-624,-70,1761,807,False,5
2309,337,1063,26,-670,-83,1564,781,False,5
1845,335,1302,-55,-649,-95,1282,756,False,5
1426,404,1289,-40,-545,-77,964,715,False,5
1105,370,1140,-26,-468,-70,630,666,False,5
779,293,1186,-84,-478,-115,448,633,False,5
204,381,1525,-78,-457,-121,585,602,False,5
-50,342,1586,-14,-305,-115,623,547,False,5
-164,159,1435,23,-112,-109,453,469,False,5
-49,2,1494,-26,2,-104,494,396,False,5
146,17,1365,-52,133,-57,372,347,False,5
597,129,1248,-77,280,-11,389,336,False,5
998,240,1169,-74,361,11,555,342,False,5
1240,-70,1309,-119,426,0,804,362,False,5
1560,-243,1833,-165,546,67,1419,404,False,5
2191,-217,2269,-96,843,208,2161,498,False,5
3218,-359,2802,-98,1164,316,3282,640,False,5
4199,-293,3486,-165,1362,377,4465,797,False,5
4969,154,3988,-166,1326,428,5373,918,False,5
5151,981,4082,-37,1210,420,5645,990,False,5
4780,1065,3679,-77,1090,212,5125,1015,False,5
4069,943,3425,-155,966,97,4401,1008,False,5
3356,936,2775,-99,871,116,3763,983,True,5
921,892,1175,-171,53,-231,739,137,False,5
808,802,1698,-281,152,-295,1044,196,False,5
937,874,2029,-239,366,-277,1399,260,False,5
1176,717,2266,-129,514,-272,1651,327,False,5
1539,651,2309,-6,675,-222,1850,403,False,5
1852,526,2278,16,803,-209,1982,488,False,5
1732,679,2896,-268,1119,-193,2442,779,False,5
1583,546,2521,-220,1111,-155,2026,852,False,5
1356,527,1809,-169,1075,-135,1321,901,False,5
1360,464,1059,-84,985,-84,785,919,False,5
647,417,69,-8,952,-55,227,926,False,5
1679,195,-859,15,727,-4,896,886,False,5
1309,122,-1256,35,427,-7,818,794,False,5
871,0,-1204,38,135,-28,486,664,False,5
529,-30,-954,23,-42,-20,91,541,False,5
254,-14,-638,20,-175,11,313,468,False,5
-19,79,-535,38,-207,68,458,418,False,5
-93,106,-526,39,-199,104,455,380,False,5
-35,110,-517,-22,-200,118,470,351,False,5
158,157,-422,-73,-252,107,522,337,False,5
407,147,-274,-75,-351,85,487,343,False,5
642,160,-70,-55,-506,70,334,377,False,5
910,204,232,-12,-663,72,38,435,False,5
1275,246,683,26,-804,81,467,509,False,5
1667,345,1465,50,-993,118,1245,608,False,5
1921,533,1988,47,-1043,119,1815,696,False,5
2277,603,2228,54,-1008,141,2242,760,False,5
3244,687,2490,24,-1012,174,3146,814,False,5
3795,1064,3188,34,-1141,182,4069,882,False,5
3842,1221,3444,109,-1150,230,4302,941,False,5
3386,853,2867,-172,-1034,69,3517,963,False,5
2731,374,2486,-660,-756,-373,2711,984,False,5
2704,815,2073,-467,-573,-381,2503,953,False,5
3004,569,1235,-84,-519,-307,2297,884,False,5
3003,81,1358,41,-710,-280,2296,860,False,5
2605,75,1662,84,-804,-215,2090,855,False,5
2052,24,1680,111,-735,-146,1652,835,False,5
1584,11,1382,41,-636,-123,1102,798,False,5
1126,213,1352,-21,-615,-131,772,764,False,5
583,318,1542,-7,-562,-136,678,727,False,5
34,162,1558,2,-429,-126,566,671,False,5
-111,61,1466,34,-262,-95,471,592,False,5
-200,-146,1430,7,-158,-87,451,510,False,5
-318,-258,1555,-35,-58,-56,608,425,False,5
-170,-141,1311,-22,115,16,329,364,False,5
62,29,1239,-68,197,43,240,333,False,5
318,258,1284,-81,293,64,347,328,False,5
699,326,1447,-63,395,68,639,344,False,5
1026,125,1681,-27,543,88,973,385,False,5
1672,-23,2048,-15,740,150,1643,459,False,5
2307,-194,2763,16,906,226,2604,554,False,5
3052,-352,3284,-91,1129,258,3497,675,False,5
4005,5,4176,-209,1290,294,4786,808,False,5
4758,248,4654,-196,1217,290,5660,899,False,5
4955,489,4586,-153,1133,292,5769,955,False,5
4771,844,4340,-138,1084,257,5504,988,False,5
4288,665,3422,-65,986,243,4526,994,False,5
3640,681,2431,-65,812,205,3925,963,True,5
929,918,1159,-13,178,-189,746,124,False,5
1036,720,1393,-47,304,-229,879,176,False,5
1132,696,1663,-138,415,-257,1128,242,False,5
1286,891,1987,-119,528,-260,1529,313,False,5
1468,795,2133,-31,667,-247,1708,393,False,5
1714,683,2266,-17,766,-237,1922,475,False,5
1817,758,2417,-50,805,-250,2117,548,False,5
1778,776,2594,-82,863,-261,2239,620,False,5
1800,768,2552,-105,943,-239,2215,691,False,5
1670,720,2300,-77,939,-211,1932,746,False,5
1462,550,1758,-54,914,-187,1351,783,False,5
1279,349,1140,-86,881,-171,748,807,False,5
1093,260,623,-93,783,-118,284,805,False,5
874,202,254,-29,659,-46,67,776,False,5
-300,671,-487,32,397,68,118,701,False,5
861,59,-730,25,533,-26,130,668,False,5
765,-162,-476,64,200,181,84,590,False,5
-101,390,-742,43,156,-4,155,504,False,5
292,64,-825,131,94,51,122,437,False,5
328,-9,-841,89,-23,61,97,371,False,5
329,-65,-806,27,-140,38,127,326,False,5
318,1,-627,-34,-256,29,296,313,False,5
357,122,-420,-17,-365,49,435,324,False,5
467,236,-242,36,-460,85,423,353,False,5
642,255,2,28,-573,82,309,398,False,5
707,360,431,38,-679,93,97,455,False,5
969,422,731,24,-699,120,285,506,False,5
1470,642,1560,-19,-800,73,1237,565,False,5
1143,705,2435,-100,-878,-46,1780,629,False,5
1794,664,2190,-2,-774,28,1907,658,False,5
2484,565,2518,67,-985,3,2581,724,False,5
2914,706,3209,89,-1110,38,3391,802,False,5
3278,874,3604,135,-1121,103,3949,868,False,5
2873,614,3405,-33,-1045,-10,3497,903,False,5
2560,458,3015,-384,-900,-323,2981,928,False,5
2457,620,2478,-399,-775,-487,2544,942,False,5
2456,705,1963,-79,-724,-421,2222,922,False,5
2382,428,1601,168,-765,-311,1901,906,False,5
2147,369,1775,208,-883,-273,1810,914,False,5
1538,195,1680,156,-764,-213,1286,893,False,5
1118,63,1473,17,-545,-193,850,830,False,5
790,16,1380,-64,-438,-207,590,761,False,5
412,-227,1515,-79,-382,-196,586,696,False,5
-57,-361,1656,-50,-251,-120,695,613,False,5
-149,-269,1781,-13,-110,-59,807,515,False,5
-6,-247,1533,-17,71,-32,552,428,False,5
186,-240,1485,-44,244,11,515,392,False,5
570,-140,1482,-14,375,76,593,390,False,5
825,-173,1550,49,518,142,764,420,False,5
1291,-277,1706,56,702,200,1157,482,False,5
1895,-473,2062,61,808,251,1840,555,False,5
2608,-654,2451,53,925,338,2638,641,False,5
3557,-560,2785,-29,962,351,3552,718,False,5
4136,26,3320,-133,979,341,4303,783,False,5
4359,522,3305,-126,1117,387,4495,864,False,5
4627,1155,3168,-107,1010,333,4725,905,False,5
4178,1088,2215,86,996,324,3852,934,False,5
3505,588,1350,-50,822,136,2801,914,False,5
2563,722,1371,-142,548,70,1994,845,False,5
1869,726,1665,16,452,108,2685,769,True,5
681,692,1300,-31,317,-119,622,191,False,5
620,574,1534,-75,381,-158,751,236,False,5
534,590,1825,-85,438,-184,990,285,False,5
840,410,2527,-70,699,-168,1694,467,False,5
899,416,2668,-94,777,-160,1845,533,False,5
912,402,2671,-121,845,-136,1850,599,False,5
931,395,2503,-103,886,-96,1699,659,False,5
832,267,2009,-94,883,-68,1190,705,False,5
766,177,1426,-111,812,-55,628,728,False,5
658,134,827,-87,723,-7,65,728,False,5
581,67,396,-16,621,46,293,707,False,5
475,45,-2,0,539,79,522,674,False,5
424,141,-388,21,436,90,408,628,False,5
287,126,-605,18,293,47,318,562,False,5
-88,96,-668,-89,105,-60,319,479,False,5
-666,291,-526,-120,76,-32,102,412,False,5
-278,36,-994,-58,196,8,32,371,False,5
-509,110,-23,-285,147,-128,478,365,False,5
-591,430,-290,-40,103,-13,213,314,False,5
-476,409,-404,-13,57,2,253,263,False,5
-489,394,-472,-59,5,-23,214,223,False,5
-486,342,-498,-111,12,-66,224,204,False,5
-429,306,-488,-99,20,-85,281,190,False,5
-465,341,-484,-62,-12,-70,247,170,False,5
-202,9,-417,-75,-102,0,536,161,False,5
-161,269,-473,-103,-133,-52,432,164,False,5
-133,314,-301,-109,-203,-50,545,178,False,5
-24,324,-264,-47,-255,-18,581,194,False,5
158,272,-212,-21,-288,-12,620,213,False,5
382,215,-69,-53,-344,-40,556,240,False,5
716,254,248,-53,-544,-102,200,303,False,5
635,361,460,-46,-544,-138,136,355,False,5
880,479,818,42,-645,-155,293,417,False,5
1486,481,1290,226,-688,-106,1025,480,False,5
1946,343,2173,281,-892,-106,1937,572,False,5
2203,399,2506,195,-967,-89,2360,655,False,5
3507,569,4037,187,-1117,-50,4377,889,False,5
3173,432,3599,-17,-952,-178,3817,905,False,5
3022,306,3123,-264,-765,-405,3356,905,False,5
3086,624,2542,-95,-697,-384,3046,884,False,5
3265,421,2110,196,-772,-263,2910,875,False,5
3030,354,2256,263,-917,-205,2794,895,False,5
2492,301,2340,188,-917,-204,2431,907,False,5
1886,212,2042,45,-837,-284,1787,903,False,5
1345,177,1828,-23,-761,-340,1276,889,False,5
804,-191,1884,-84,-700,-380,1057,871,False,5
65,-337,2160,-81,-521,-313,1187,819,False,5
-354,-573,2201,-46,-339,-227,1301,737,False,5
-694,-754,2196,-35,-153,-197,1423,640,False,5
-349,-668,1944,-18,204,-25,1084,553,False,5
120,-315,1595,-10,348,59,630,513,False,5
598,-239,1522,-87,461,79,652,505,False,5
995,-121,1642,-157,645,137,923,539,False,5
1659,-72,1787,-162,807,197,1439,601,False,5
2343,-302,2253,-179,920,302,2264,677,False,5
2971,-274,2754,-192,1044,414,1763,769,True,5
659,929,1372,89,372,-13,783,150,False,5
757,720,1331,120,389,-81,692,203,False,5
673,476,1604,51,430,-136,803,253,False,5
633,369,1917,13,482,-156,1052,303,False,5
585,205,2319,14,554,-147,1400,357,False,5
698,148,2588,16,662,-116,1684,420,False,5
864,80,2645,8,754,-99,1783,488,False,5
983,155,2728,-32,785,-107,1903,549,False,5
1004,243,2716,-43,826,-105,1905,605,False,5
1039,210,2478,-55,858,-98,1695,657,False,5
970,275,1950,-59,847,-78,1195,696,False,5
947,291,1233,-22,786,-40,581,714,False,5
804,267,627,10,658,-30,53,703,False,5
581,274,196,27,543,-17,328,671,False,5
416,255,-147,39,446,-1,490,626,False,5
296,231,-369,39,326,-4,473,566,False,5
87,215,-483,10,225,-11,464,498,False,5
-45,227,-526,-1,152,-6,425,429,False,5
-132,248,-554,14,88,4,378,361,False,5
-3,-91,-252,-126,123,-16,732,324,False,5
-356,174,-331,-360,-13,-85,483,333,False,5
-490,509,-382,-119,-17,-56,196,293,False,5
-302,231,-434,47,1,-15,423,244,False,5
-152,176,-563,7,-38,-25,390,204,False,5
-12,263,-495,-82,-102,-70,439,193,False,5
160,213,-417,-92,-158,-86,505,195,False,5
230,216,-189,-41,-224,-98,632,205,False,5
505,277,-40,48,-498,-71,422,265,False,5
57,121,-97,140,-487,-19,834,313,False,5
1149,82,478,218,-794,-32,247,415,False,5
1173,138,1001,73,-575,44,548,448,False,5
1531,264,1244,44,-742,84,990,508,False,5
2320,295,1918,41,-820,127,2024,572,False,5
2951,314,2872,85,-1032,196,3129,668,False,5
3413,381,3786,65,-1183,251,4111,777,False,5
3362,283,4041,-94,-1134,162,4264,851,False,5
3015,118,3867,-467,-988,-227,3904,904,False,5
2918,319,3405,-458,-873,-473,3495,942,False,5
3333,234,2882,-178,-874,-442,3412,952,False,5
3443,0,2616,17,-964,-345,3324,967,False,5
3236,141,2661,147,-1054,-229,3191,991,False,5
2746,368,2487,191,-1066,-174,2723,1012,False,5
2005,260,2163,77,-951,-210,1960,1004,False,5
1073,-50,1915,-114,-764,-289,1195,968,False,5
544,56,1789,-136,-627,-332,870,919,False,5
365,-317,1810,-107,-546,-347,873,866,False,5
-294,-649,2123,-33,-358,-218,1239,777,False,5
-367,-561,1910,-41,-35,-95,1024,643,False,5
164,-443,1606,-71,183,-37,674,554,False,5
389,-329,1477,-69,309,45,562,507,False,5
850,-67,1364,-71,450,129,608,500,False,5
1306,216,1471,-50,624,172,978,530,False,5
1972,211,1777,-44,878,212,1662,605,False,5
2767,103,2345,-80,1144,276,2628,719,False,5
3591,96,2972,-69,1308,394,3662,849,False,5
4132,297,3462,53,1335,467,4398,962,False,5
4451,366,3582,116,1261,368,4725,1033,False,5
4161,272,3886,-25,1142,186,4699,1058,False,5
3656,573,3702,-44,1079,154,4234,1064,False,5
3329,441,3371,55,933,157,3506,1041,True,5
874,626,1453,-50,391,-131,807,185,False,5
994,619,1701,-79,496,-159,1065,253,False,5
1112,609,1958,-70,609,-146,1332,329,False,5
1251,580,2261,-74,700,-145,1648,406,False,5
1328,562,2546,-100,784,-156,1926,486,False,5
1401,653,2764,-92,863,-141,2166,564,False,5
1467,584,2811,-59,939,-123,2224,641,False,5
1438,535,2615,-58,964,-124,2031,707,False,5
1378,443,2083,-50,981,-106,1536,763,False,5
1391,334,1337,-51,932,-77,958,798,False,5
1180,316,669,-38,789,-61,392,796,False,5
962,264,137,49,653,-8,6,768,False,5
770,100,-310,82,530,0,163,721,False,5
512,72,-518,20,335,-31,268,644,False,5
226,158,-524,-1,189,-31,407,554,False,5
47,173,-489,20,115,-21,479,466,False,5
-73,147,-437,22,51,-17,533,385,False,5
-217,185,-387,8,0,-4,519,309,False,5
-277,238,-397,30,-21,19,460,255,False,5
-275,260,-464,48,-47,26,401,219,False,5
-234,224,-546,32,-103,11,365,196,False,5
-99,156,-533,-16,-192,-29,435,196,False,5
14,112,-430,-56,-303,-70,555,220,False,5
93,98,-281,-62,-415,-89,688,261,False,5
192,177,-117,-20,-501,-65,713,310,False,5
366,255,-4,34,-572,-23,553,362,False,5
650,284,64,55,-661,1,287,422,False,5
1011,372,442,4,-795,-24,164,497,False,5
1299,620,1158,20,-933,-50,847,584,False,5
1518,825,1631,76,-931,-46,1375,654,False,5
2153,1139,2064,191,-929,-12,2192,713,False,5
2711,1406,2487,340,-1008,26,2938,783,False,5
3038,1475,2619,461,-1012,126,3273,850,False,5
2692,1108,2304,279,-932,142,2712,877,False,5
1907,599,2230,-275,-822,-130,1994,876,False,5
1247,1054,2355,-421,-585,-317,1865,858,False,5
1374,1093,1801,-56,-321,-253,1515,769,False,5
1319,326,1236,111,-281,-212,836,689,False,5
1040,192,1117,22,-321,-219,538,629,False,5
878,341,1044,96,-267,-152,406,567,False,5
793,157,884,140,-228,-127,197,513,False,5
614,14,775,92,-199,-125,11,461,False,5
503,-97,794,59,-153,-118,55,409,False,5
396,-195,821,66,-84,-59,67,351,False,5
323,-112,921,131,-27,27,17,308,False,5
366,-246,1015,171,28,66,106,283,False,5
317,-547,1210,78,94,68,365,254,False,5
367,-636,1541,-4,199,106,707,248,False,5
765,-465,1778,-5,361,182,990,279,False,5
1241,-440,1850,1,520,243,1270,338,False,5
1764,-372,2016,-59,664,283,1704,415,False,5
2349,-149,2355,-133,812,342,2329,510,False,5
2848,347,2734,-148,911,377,2963,607,False,5
3166,958,2728,-85,926,359,3287,685,False,5
3058,1055,2578,-5,909,281,3136,738,False,5
2784,822,2134,-25,858,180,2602,766,False,5
2348,947,1824,-66,744,100,2120,763,False,5
1892,835,1573,-46,656,35,1598,742,False,5
1548,604,1229,-48,573,11,1066,708,False,5
1257,566,907,-31,476,17,1636,662,True,5
336,663,1665,-49,376,-67,823,219,False,5
294,664,2008,-80,418,-129,1135,264,False,5
256,569,2285,-109,530,-177,1368,325,False,5
330,535,2634,-121,644,-170,1707,395,False,5
501,468,2777,-38,741,-119,1860,466,False,5
651,332,2726,-2,805,-94,1822,535,False,5
765,269,2623,1,831,-87,1745,595,False,5
844,218,2278,-11,838,-89,1439,644,False,5
858,152,1734,-13,818,-76,940,679,False,5
876,91,1167,-12,788,-32,462,701,False,5
792,96,627,1,707,12,14,702,False,5
689,120,206,42,596,48,270,681,False,5
539,86,-134,70,467,48,437,640,False,5
370,83,-303,36,333,22,514,579,False,5
201,125,-401,-5,236,4,534,510,False,5
80,158,-434,-87,128,-17,531,439,False,5
-134,204,-602,-233,31,-32,350,398,False,5
-143,264,-558,-74,106,2,366,344,False,5
-201,321,-413,-94,66,-7,439,298,False,5
-189,361,-463,-12,-17,-17,383,244,False,5
-146,321,-563,24,-90,-23,335,214,False,5
151,194,-291,-9,-376,-88,619,255,False,5
424,106,-58,-4,-490,-95,559,304,False,5
688,200,167,22,-607,-97,264,366,False,5
957,227,782,106,-585,-65,256,412,False,5
1135,342,1136,192,-724,37,641,480,False,5
1236,448,1674,176,-778,94,1128,544,False,5
1928,387,1789,142,-738,162,1658,589,False,5
2627,504,2485,89,-989,141,2651,671,False,5
3061,811,3217,136,-1145,198,3514,771,False,5
3536,951,3572,159,-1146,287,4115,855,False,5
3471,592,3290,-96,-1042,135,3818,895,False,5
3117,332,3084,-522,-916,-252,3397,932,False,5
2999,637,2706,-454,-849,-428,3089,956,False,5
3160,601,2441,-71,-866,-337,3037,951,False,5
2690,351,2098,106,-837,-194,2429,934,False,5
2319,514,1919,112,-756,-128,2053,902,False,5
1941,466,1629,88,-688,-139,1576,863,False,5
1350,249,1577,24,-667,-179,1090,828,False,5
826,87,1522,-46,-613,-219,733,793,False,5
375,-109,1530,-111,-551,-265,579,758,False,5
-142,-261,1636,-119,-442,-237,662,710,False,5
-522,-275,1774,-119,-272,-157,869,635,False,5
-652,-74,1704,-46,-61,-86,825,531,False,5
-400,-149,1431,27,163,-29,493,458,False,5
-120,-210,1276,30,305,14,298,427,False,5
220,-250,1223,35,412,59,267,425,False,5
661,-281,1246,9,520,108,438,446,False,5
1155,-153,1395,-29,608,149,817,482,False,5
1694,-43,1630,-37,710,203,1351,533,False,5
2235,-24,1974,-42,817,253,1982,598,False,5
2806,59,2392,-60,903,296,2687,669,False,5
3382,209,2750,-137,964,261,3363,736,False,5
3601,337,3067,-274,960,184,3742,792,False,5
3747,559,3552,-345,916,161,4193,832,False,5
3708,688,3808,-259,916,251,4359,862,False,5
3698,738,3702,-75,925,343,4284,887,False,5
3544,580,3159,59,927,360,3324,909,True,5
569,1326,1456,-19,153,-150,1049,79,False,5
515,1216,1736,-149,325,-271,1181,152,False,5
634,1103,2163,-243,547,-347,1509,260,False,5
855,829,2239,-151,643,-306,1536,353,False,5
998,578,2090,-34,709,-242,1387,432,False,5
1098,456,1964,40,703,-189,1295,492,False,5
1129,456,1689,71,700,-172,1082,538,False,5
1019,482,1466,64,657,-192,849,568,False,5
915,403,1014,70,663,-186,424,592,False,5
842,279,664,25,607,-172,108,600,False,5
520,322,457,-63,505,-188,236,588,False,5
368,304,226,-47,473,-130,471,569,False,5
221,276,125,-15,373,-88,624,532,False,5
0,304,18,5,267,-75,695,481,False,5
-157,287,-89,57,206,-40,660,428,False,5
-249,218,-147,46,159,-32,637,376,False,5
-307,227,-41,-38,67,-53,615,319,False,5
-635,269,-196,-38,32,-33,283,267,False,5
-659,307,-109,-2,58,-23,264,226,False,5
-896,323,-2,-43,44,-30,47,194,False,5
-912,400,-52,-67,63,-17,2,174,False,5
-957,368,-29,-57,68,-7,25,157,False,5
-1063,355,-16,-13,58,5,120,137,False,5
-1096,317,-35,-6,38,3,141,117,False,5
-1006,286,-56,-13,112,13,47,116,False,5
-983,286,-96,-8,111,10,28,115,False,5
-955,287,-143,6,89,-1,7,110,False,5
-935,280,-203,29,80,-5,3,105,False,5
-915,281,-203,30,84,-6,21,101,False,5
-918,299,-217,28,95,0,10,101,False,5
-933,305,-261,28,91,3,15,100,False,5
-939,315,-281,16,92,4,29,98,False,5
-958,301,-268,4,87,1,39,96,False,5
-963,313,-237,5,68,-1,39,90,False,5
-813,306,-309,54,97,16,77,94,False,5
-736,285,-373,49,91,7,127,95,False,5
-651,286,-423,32,74,1,172,92,False,5
-580,280,-462,25,72,0,207,89,False,5
-434,240,-522,28,66,-2,279,85,False,5
-330,220,-605,11,40,-16,276,77,False,5
-159,207,-659,-29,25,-29,291,71,False,5
66,190,-664,-59,7,-51,306,72,False,5
260,113,-699,-87,1,-90,245,83,False,5
548,90,-580,-141,-137,-99,197,110,False,5
870,-83,-69,166,-788,66,123,249,False,5
1170,57,143,54,-687,4,180,337,False,5
995,187,279,25,-556,-2,50,381,False,5
1127,273,607,35,-790,8,308,463,False,5
1602,266,1081,66,-788,59,950,528,False,5
2092,331,1820,40,-857,76,1792,595,False,5
2616,416,2509,37,-998,103,2648,676,False,5
3402,606,3328,63,-1155,165,3797,775,False,5
4278,1075,4467,187,-1342,297,5277,897,False,5
3778,1031,4399,167,-1173,416,4889,968,False,5
3410,543,3882,-371,-953,25,4195,979,False,5
2823,1034,3563,-449,-784,-269,3661,972,False,5
3095,601,2750,-139,-658,-216,3183,918,False,5
3060,414,2309,45,-752,-97,3142,886,True,5
367,854,1795,-144,337,-115,1021,172,False,5
269,829,2134,-112,447,-157,1305,235,False,5
368,729,2360,-58,605,-171,1497,314,False,5
615,630,2626,-48,714,-181,1769,399,False,5
760,675,2868,-58,803,-202,2042,485,False,5
941,524,2922,-103,906,-215,2114,575,False,5
950,529,2765,-147,947,-198,1971,656,False,5
921,417,2400,-102,936,-129,1604,714,False,5
894,337,1851,-45,889,-60,1083,750,False,5
872,261,1145,-7,806,-13,462,761,False,5
914,1690,827,-46,434,9,1091,696,False,5
964,-373,171,353,532,76,47,685,False,5
682,-99,-279,136,449,-17,256,642,False,5
385,-94,-405,-150,279,-170,433,585,False,5
51,140,-445,-113,177,-14,530,510,False,5
-37,145,-443,93,133,46,532,441,False,5
-154,126,-578,-91,46,7,388,373,False,5
-176,194,-493,0,44,44,441,311,False,5
-192,287,-442,-11,17,22,439,255,False,5
-146,298,-489,22,-39,35,409,215,False,5
-130,263,-517,-4,-31,2,405,178,False,5
-81,249,-591,-21,-160,-28,353,175,False,5
1,237,-460,-54,-228,-43,482,187,False,5
130,164,-334,-38,-322,-44,605,215,False,5
288,152,-184,-1,-442,-40,625,261,False,5
579,50,33,11,-527,-38,417,314,False,5
577,147,673,21,-676,-57,101,387,False,5
631,249,1182,230,-470,89,362,415,False,5
743,0,1724,-37,-602,72,877,454,False,5
1026,435,1979,-82,-687,40,1271,501,False,5
1425,499,2211,81,-844,81,1677,571,False,5
3180,676,3655,-35,-1109,73,3891,808,False,5
3043,414,3748,-163,-1084,-94,3845,866,False,5
2976,46,3211,-405,-934,-383,3378,910,False,5
2707,148,2869,-393,-873,-541,2947,948,False,5
2990,162,2538,-88,-865,-437,2925,953,False,5
2670,169,2247,222,-858,-150,2493,942,False,5
2290,346,1999,269,-852,-22,2059,932,False,5
1919,479,1782,105,-858,-122,1662,920,False,5
1316,189,1821,-126,-836,-314,1254,916,False,5
477,-64,1895,-220,-690,-376,955,896,False,5
75,0,1920,-124,-577,-334,921,852,False,5
-226,-63,1959,57,-433,-266,972,784,False,5
-502,-530,1688,149,-123,-98,839,670,False,5
-189,-607,1538,96,100,-53,664,566,False,5
-19,-424,1170,98,259,20,244,508,False,5
233,-444,1169,46,338,64,272,476,False,5
594,-326,1262,-25,432,108,432,469,False,5
1014,-63,1409,-36,584,160,737,497,False,5
1663,133,1701,16,760,203,1382,554,False,5
2393,125,2098,79,952,260,2184,641,False,5
3316,126,2503,7,1129,240,3156,744,False,5
3881,253,2823,-177,1164,162,3805,833,False,5
3964,511,3154,-268,1053,154,4091,885,False,5
3979,728,3451,-243,986,202,4317,915,False,5
4053,967,3701,-134,920,251,4573,924,False,5
3949,1074,3503,11,897,237,4386,925,False,5
3708,720,2593,4,897,135,3440,921,True,5
567,922,1407,-145,334,-196,775,192,False,5
501,842,1732,-191,436,-210,989,257,False,5
452,802,2124,-284,547,-258,1314,339,False,5
372,633,2408,-286,686,-242,1517,427,False,5
463,444,2456,-205,769,-166,1538,504,False,5
515,325,2320,-94,795,-86,1398,564,False,5
565,271,2105,-29,807,-43,1196,613,False,5
505,235,1828,-25,787,-48,910,648,False,5
536,293,1397,16,811,-14,524,680,False,5
560,248,890,54,719,-23,80,688,False,5
480,251,418,77,614,-5,315,674,False,5
427,191,67,116,527,20,527,647,False,5
270,141,-128,114,432,10,669,607,False,5
116,142,-365,71,302,7,591,547,False,5
10,215,-479,61,218,11,474,483,False,5
-52,215,-547,62,145,-4,409,418,False,5
-123,179,-553,39,50,-21,405,347,False,5
-208,159,-510,16,-11,-26,426,284,False,5
-236,147,-475,5,-52,-15,449,238,False,5
-262,326,-265,-221,-116,-31,504,252,False,5
-150,300,-379,-8,-168,-5,493,235,False,5
63,244,-427,68,-273,-2,504,244,False,5
222,185,-306,3,-393,-39,579,274,False,5
439,192,-125,19,-507,-40,504,321,False,5
803,193,250,13,-597,-9,137,376,False,5
998,292,688,34,-738,8,246,448,False,5
1151,390,1369,75,-762,43,830,512,False,5
1252,319,1747,20,-627,151,1172,538,False,5
2177,389,2116,11,-725,195,2060,580,False,5
2658,478,3025,17,-1069,137,3055,680,False,5
3033,718,3646,110,-1152,220,3796,779,False,5
2971,517,3649,34,-1064,201,3733,840,False,5
2612,240,3050,-343,-842,-84,3022,854,False,5
2544,235,2659,-482,-723,-354,2687,871,False,5
2777,258,2115,-283,-685,-380,2500,863,False,5
2965,101,1764,-65,-781,-334,2451,861,False,5
2843,153,1796,25,-864,-302,2366,871,False,5
2538,164,1736,15,-848,-301,2079,877,False,5
1917,40,1876,-86,-785,-340,1682,873,False,5
1124,175,1416,-121,-559,-281,816,826,False,5
916,487,1462,-36,-471,-223,792,765,False,5
537,385,1475,65,-503,-253,616,725,False,5
81,-56,1713,12,-424,-272,715,681,False,5
-524,-233,1825,-27,-232,-230,912,610,False,5
-661,-449,1710,-77,-93,-224,887,538,False,5
-562,-406,1491,4,14,-147,644,460,False,5
-430,-501,1481,55,166,-20,621,403,False,5
-65,-279,1362,76,341,58,391,393,False,5
350,-245,1272,59,462,68,341,408,False,5
810,-253,1420,9,611,93,654,450,False,5
1657,-157,1612,-21,732,140,1317,509,False,5
2053,81,1319,-52,916,215,1441,596,False,5
2321,230,1122,-155,987,254,1588,682,False,5
2416,199,1447,-209,826,221,1823,722,False,5
2520,314,2299,-98,663,249,2425,720,False,5
2829,160,2800,-18,766,297,2983,740,False,5
3336,74,3443,-145,745,199,3794,749,False,5
3274,366,3490,-315,771,137,2505,768,True,5
218,704,1769,-192,290,-132,916,258,False,5
227,684,1978,-120,435,-119,1105,299,False,5
311,616,2120,-36,525,-82,1229,346,False,5
392,515,2246,-39,601,-112,1337,399,False,5
424,421,2340,-113,685,-152,1415,461,False,5
536,387,2400,-116,753,-119,1489,523,False,5
613,297,2246,-70,772,-72,1347,574,False,5
636,315,2031,-39,763,-38,1151,612,False,5
597,308,1719,-17,730,-35,845,636,False,5
511,308,1274,-3,699,-21,406,648,False,5
422,324,833,31,643,2,11,647,False,5
362,280,452,90,559,18,356,631,False,5
233,201,84,112,470,15,681,601,False,5
84,167,-131,74,366,-10,771,555,False,5
-49,153,-259,42,263,-21,695,498,False,5
-136,153,-331,36,197,-18,610,438,False,5
-172,162,-371,28,137,-18,560,378,False,5
-211,139,-403,6,85,-26,524,320,False,5
-242,105,-411,-24,45,-34,511,268,False,5
-69,52,-118,-116,93,-44,853,246,False,5
-351,22,-25,-422,35,-26,647,281,False,5
-326,292,-295,-64,-39,0,472,240,False,5
-59,304,-386,47,-110,-14,505,216,False,5
86,310,-472,16,-166,-13,428,206,False,5
267,191,-430,-78,-262,-48,459,220,False,5
411,262,-261,-123,-385,-95,447,259,False,5
622,320,14,7,-480,-123,300,306,False,5
921,278,445,131,-686,-130,59,387,False,5
960,694,645,242,-666,-11,348,451,False,5
1306,346,1216,134,-790,-12,817,521,False,5
1885,517,1755,54,-718,-14,1626,561,False,5
2352,597,2435,75,-903,-62,2437,630,False,5
2866,733,2876,172,-1024,-15,3125,711,False,5
3567,833,3417,205,-1137,33,4009,800,False,5
3944,672,3654,133,-1169,-26,4418,875,False,5
3648,298,3320,-94,-1013,-168,3941,906,False,5
3402,310,2888,-240,-860,-317,3473,914,False,5
3387,386,2393,-112,-736,-338,3164,895,False,5
3439,264,2143,47,-770,-284,3060,880,False,5
1821,418,2059,112,-797,-175,1780,880,False,5
1101,260,1967,2,-699,-244,1269,852,False,5
309,-23,2003,-71,-616,-291,1026,818,False,5
-301,-194,1854,-45,-471,-279,888,764,False,5
-366,-356,1590,18,-305,-228,669,687,False,5
-443,-734,1659,-33,-221,-204,867,610,False,5
-539,-752,1653,-91,-17,-73,894,511,False,5
-197,-403,1543,-53,180,31,606,447,False,5
40,-191,1453,-31,296,95,466,420,False,5
384,75,1510,-17,420,147,559,425,False,5
905,423,1579,25,542,161,868,453,False,5
1465,439,1673,100,730,176,1266,514,False,5
2318,170,1728,104,892,173,1896,594,False,5
3209,161,2180,-2,997,186,2882,678,False,5
3738,337,2603,-45,1143,222,3567,775,False,5
4390,498,2940,-37,1142,234,4306,853,False,5
4490,719,3112,17,1057,215,4510,898,False,5
4430,968,3286,87,1020,200,4599,927,False,5
4451,1007,3186,154,935,92,3457,932,True,5
560,921,1806,-79,299,-156,1103,156,False,5
594,762,2067,-185,500,-218,1281,240,False,5
818,690,2380,-263,625,-253,1609,336,False,5
961,479,2648,-301,717,-249,1857,432,False,5
1122,249,2997,-346,854,-193,2209,534,False,5
1337,82,3248,-329,917,-89,2513,623,False,5
1458,79,3264,-232,923,34,2575,688,False,5
1552,119,2979,-134,948,111,2361,743,False,5
1555,174,2358,-107,927,118,1829,782,False,5
1400,277,1568,-98,894,118,1120,807,False,5
1235,343,864,-69,803,126,545,809,False,5
982,315,346,-6,681,123,87,785,False,5
776,237,-84,1,589,114,184,748,False,5
624,217,-388,-21,447,95,233,690,False,5
354,289,-567,-5,268,78,271,607,False,5
147,267,-586,42,189,57,339,526,False,5
33,200,-589,42,115,44,377,447,False,5
-72,225,-629,18,56,35,328,371,False,5
-140,274,-658,11,0,17,273,301,False,5
-147,306,-658,13,-42,0,259,249,False,5
-86,289,-670,-1,-90,-24,265,218,False,5
241,280,-525,-341,-88,-68,358,246,False,5
-2,402,-356,-196,-187,-111,463,255,False,5
145,337,-337,-14,-214,-156,501,257,False,5
400,196,-346,30,-304,-171,435,275,False,5
650,228,-142,47,-406,-187,296,310,False,5
884,173,183,115,-625,-112,80,377,False,5
1454,401,613,192,-660,-43,628,439,False,5
1909,159,1616,253,-795,26,1506,518,False,5
2380,294,2381,93,-803,86,2379,577,False,5
3106,366,3222,63,-1065,37,3490,675,False,5
4046,300,4466,35,-1242,41,5033,788,False,5
4615,176,6044,22,-1291,105,6606,889,False,5
3864,-415,5924,-157,-1209,-45,6084,955,False,5
2835,-463,5518,-495,-903,-502,5220,993,False,5
2753,-211,4579,-193,-680,-505,4347,968,False,5
2812,-917,3922,54,-783,-324,3912,944,False,5
2370,-763,3714,133,-949,-148,3471,949,False,5
1872,-376,3485,231,-1018,42,2973,968,False,5
1289,-101,2909,99,-938,3,2183,963,False,5
616,-2,2338,-201,-783,-290,1417,942,False,5
-33,-3,1911,-297,-767,-479,911,943,False,5
-1159,-369,2393,-186,-574,-437,1684,904,False,5
-2136,-312,1394,64,-386,-278,1569,819,False,5
-1181,-627,1880,81,-17,-41,1307,673,False,5
-719,-200,1522,45,123,-14,695,565,False,5
-460,-164,1563,6,224,-11,637,496,False,5
-221,-199,1653,6,403,28,679,478,False,5
156,-324,1846,28,559,83,880,495,False,5
816,-462,2282,57,713,146,1467,542,False,5
1858,-503,3002,76,958,231,2566,631,False,5
3166,-501,3762,142,1146,301,3942,743,False,5
4082,-945,4030,101,1214,277,4813,844,False,5
4268,-618,4578,-44,1229,200,5289,924,False,5
4513,-385,5321,-85,1205,229,5987,985,False,5
5175,129,5716,43,1115,288,6711,1019,False,5
4890,307,3875,-29,1103,84,5246,1036,False,5
3797,303,2899,-253,816,-113,3786,1001,False,5
2927,584,2846,-111,552,21,3124,913,False,5
2430,602,2244,71,456,131,3758,826,True,5
490,822,1568,-151,241,-136,836,171,False,5
541,636,1822,-109,385,-140,1004,221,False,5
621,623,2078,-136,505,-145,1256,285,False,5
700,586,2326,-218,605,-178,1498,361,False,5
763,574,2616,-233,723,-167,1784,444,False,5
903,456,2688,-161,827,-101,1872,525,False,5
1012,429,2539,-114,855,-64,1766,593,False,5
1041,386,2322,-75,862,-45,1573,647,False,5
1030,445,1998,-13,849,-22,1291,688,False,5
983,406,1298,40,826,-25,678,715,False,5
847,306,721,81,756,-17,153,724,False,5
657,157,281,78,637,-30,268,708,False,5
438,108,-20,44,525,-38,548,672,False,5
247,92,-249,17,412,-34,637,620,False,5
116,93,-373,7,320,-25,598,560,False,5
-66,147,-453,18,240,-13,519,496,False,5
-167,138,-548,26,170,-5,410,431,False,5
-215,161,-580,21,119,-10,360,369,False,5
-265,138,-595,3,56,-22,334,307,False,5
-366,119,-599,-29,-3,-36,288,255,False,5
-339,156,-540,-34,-16,-35,343,214,False,5
-332,131,-636,-80,54,-20,270,191,False,5
-268,89,-664,-186,-6,-70,278,192,False,5
164,524,-532,-77,-117,-77,235,185,False,5
62,82,-572,48,-233,-8,418,196,False,5
431,307,-564,43,-325,2,226,222,False,5
542,353,-287,60,-487,22,292,276,False,5
754,293,8,120,-561,59,191,336,False,5
566,427,491,214,-916,6,137,456,False,5
1654,660,929,292,-715,137,1008,522,False,5
1929,679,1464,155,-945,142,1515,611,False,5
2666,916,1903,103,-921,179,2401,677,False,5
3548,1261,2576,219,-1030,277,3562,759,False,5
4400,1521,3351,301,-1131,446,4736,858,False,5
4925,1650,3814,184,-1166,463,5443,939,False,5
4418,1343,3669,-175,-1041,196,4897,966,False,5
3842,1188,3663,-386,-922,-125,4439,974,False,5
3678,1053,3338,-209,-800,-187,4077,949,False,5
3411,581,3034,-18,-818,-112,3601,924,False,5
2854,564,2856,64,-850,-32,3076,910,False,5
2270,620,2654,108,-852,11,2546,899,False,5
1466,515,2329,40,-806,-23,1799,881,False,5
610,297,2199,-99,-777,-164,1301,864,False,5
-97,39,2332,-180,-624,-271,1334,832,False,5
-744,-292,2121,-238,-502,-306,1266,792,False,5
-954,-291,1877,-190,-193,-242,1125,706,False,5
-775,-451,1695,-103,-36,-156,917,603,False,5
-722,-454,1642,-48,66,-47,850,501,False,5
-360,-282,1656,8,247,42,717,451,False,5
81,-130,1607,112,415,129,614,450,False,5
713,-30,1489,207,573,177,651,487,False,5
1135,-31,1772,242,732,160,1104,547,False,5
2082,-108,2058,191,755,135,1929,595,False,5
2496,-89,2381,44,934,99,2450,664,False,5
3522,198,3437,-62,1161,94,3925,764,False,5
4394,-84,4065,-49,1245,147,4986,862,False,5
4591,86,3912,-209,1271,87,5032,948,False,5
4328,331,3913,-241,1109,116,4844,986,False,5
3843,326,3656,-108,1019,245,4314,999,False,5
418,841,1680,-85,402,-135,924,210,False,5
393,867,1864,-79,499,-145,1092,273,False,5
417,691,1937,-88,576,-183,1098,340,False,5
424,585,2051,-95,627,-181,1174,404,False,5
484,518,2126,-71,656,-171,1241,459,False,5
471,405,2085,-53,684,-155,1175,508,False,5
526,407,1992,-35,684,-130,1100,545,False,5
453,413,1772,-11,686,-123,875,576,False,5
451,342,1396,12,685,-101,506,599,False,5
382,356,1066,20,644,-87,187,609,False,5
247,315,648,23,616,-63,238,611,False,5
184,306,321,44,560,-21,519,601,False,5
58,249,4,69,467,-14,744,575,False,5
-99,156,-190,53,353,-20,734,531,False,5
-269,129,-300,2,290,-22,576,483,False,5
-301,218,-348,0,246,-2,490,436,False,5
-301,237,-405,57,189,5,442,388,False,5
-283,183,-440,64,133,-11,445,340,False,5
-302,161,-437,32,79,-26,444,289,False,5
-279,148,-452,20,58,-19,448,244,False,5
-321,120,-538,-51,108,-2,362,219,False,5
-169,64,-395,-149,-83,-29,565,210,False,5
-192,214,-318,-98,24,24,571,188,False,5
-215,220,-492,5,-51,17,419,161,False,5
-102,240,-589,9,-100,30,355,150,False,5
0,250,-599,4,-174,31,350,155,False,5
142,230,-519,-16,-257,42,414,176,False,5
295,137,-437,-27,-370,37,455,215,False,5
470,255,-281,-64,-475,5,395,268,False,5
1251,1149,450,-44,-513,-92,757,319,False,5
1023,537,615,308,-576,-3,308,385,False,5
1552,294,1423,154,-677,180,1126,452,False,5
1720,584,1824,29,-862,144,1574,536,False,5
2465,567,2364,19,-942,185,2462,621,False,5
3368,753,3228,36,-1117,224,3725,724,False,5
3913,1008,4187,89,-1251,333,4818,839,False,5
3910,858,4459,-20,-1117,341,4992,904,False,5
3462,567,4064,-403,-928,39,4368,926,False,5
3029,744,3621,-405,-791,-143,3779,921,False,5
3316,262,3017,-191,-720,-139,3490,888,False,5
3210,1,2803,-127,-814,-128,3261,877,False,5
2763,200,2903,-39,-892,-63,3012,880,False,5
2237,306,2752,42,-867,13,2559,878,False,5
1552,390,2461,-17,-806,-17,1935,863,False,5
985,288,1992,-148,-728,-144,1240,842,False,5
401,227,1760,-257,-679,-253,819,827,False,5
-61,203,1835,-174,-684,-282,847,813,False,5
-515,34,1750,-47,-586,-252,824,778,False,5
-654,-181,1862,-36,-440,-205,981,720,False,5
-750,-60,1453,-27,-209,-131,636,625,False,5
-429,20,1265,1,-53,-117,335,526,False,5
-192,-28,1311,54,14,-107,325,445,False,5
-5,-211,1141,66,257,-13,160,409,False,5
405,-158,923,20,502,28,20,427,False,5
914,-142,937,-7,562,47,316,455,False,5
1187,-14,1052,-41,575,93,586,480,False,5
1556,136,1248,-44,754,150,999,538,False,5
2219,280,1670,-38,911,199,1791,617,False,5
3149,353,2445,25,1028,262,1320,706,True,5
361,922,1684,-205,337,-106,953,260,False,5
297,691,1865,-102,455,-65,1010,302,False,5
260,697,2067,-65,527,-71,1196,349,False,5
204,513,2342,-77,604,-116,1406,403,False,5
237,424,2592,-113,711,-133,1637,468,False,5
427,242,2567,-95,785,-109,1613,534,False,5
535,95,2429,-75,814,-71,1489,591,False,5
641,136,2167,-28,815,-25,1263,636,False,5
591,173,1746,18,772,-20,851,663,False,5
622,208,1158,47,727,-20,330,676,False,5
490,217,725,28,637,-21,98,668,False,5
367,153,361,7,539,-39,462,642,False,5
203,120,126,-27,424,-30,732,599,False,5
82,176,-7,-8,334,3,805,546,False,5
-26,202,-154,45,264,32,744,490,False,5
-79,200,-317,80,211,45,616,438,False,5
-125,186,-388,65,140,29,551,382,False,5
-148,196,-354,-37,62,14,569,320,False,5
-245,188,-366,-81,68,-12,521,277,False,5
-236,271,-358,-104,140,9,492,256,False,5
-224,300,-324,-21,-11,-17,504,211,False,5
-74,220,-448,62,-93,-30,495,192,False,5
115,159,-489,44,-135,-28,473,182,False,5
201,178,-473,20,-220,-46,456,190,False,5
350,226,-328,1,-349,-72,469,223,False,5
534,339,-142,61,-464,-83,351,274,False,5
779,301,209,115,-563,-51,139,334,False,5
1041,293,477,147,-605,5,181,392,False,5
1518,373,1053,162,-624,42,884,442,False,5
2186,259,1917,76,-874,12,1919,529,False,5
2722,349,2637,65,-995,49,2805,623,False,5
3803,414,3859,172,-1184,141,4433,739,False,5
4114,469,4983,182,-1291,258,5478,857,False,5
3400,187,4872,-15,-1150,204,4944,919,False,5
2992,23,4250,-402,-830,-172,4197,923,False,5
3222,218,3594,-329,-672,-348,3831,903,False,5
3711,-282,3149,-130,-755,-338,3875,890,False,5
3434,-260,3390,-56,-950,-301,3832,911,False,5
2725,-69,3334,134,-1008,-114,3306,934,False,5
2158,132,3075,187,-940,26,2758,938,False,5
1519,281,2631,51,-881,-45,2050,927,False,5
812,214,2253,-116,-785,-207,1404,906,False,5
182,89,2009,-181,-683,-273,1019,876,False,5
-376,28,2019,-114,-586,-278,1053,832,False,5
-729,-91,1820,-35,-509,-223,962,777,False,5
-1137,-149,1571,-2,-237,-163,944,679,False,5
-916,-172,1467,-11,-35,-100,738,564,False,5
-290,174,1376,84,423,49,416,422,False,5
401,271,1265,121,624,68,354,465,False,5
954,196,1492,187,758,61,781,529,False,5
1651,-31,1586,164,748,65,1289,576,False,5
2004,-111,2007,115,844,53,1838,632,False,5
2647,-170,2585,46,901,50,2703,686,False,5
3225,-103,3137,-14,997,58,3500,748,False,5
3667,-155,3484,-46,1075,88,4060,814,False,5
3909,32,3463,-77,1093,113,4222,871,False,5
4058,306,3881,28,954,176,4623,891,False,5
4048,595,4448,243,840,250,3465,895,True,5
483,1045,1611,-92,277,-117,980,122,False,5
694,1093,1735,27,455,-121,1164,191,False,5
715,890,2185,-25,586,-173,1465,275,False,5
918,826,2401,-93,650,-225,1699,359,False,5
970,643,2914,-178,808,-259,2137,460,False,5
1147,457,3264,-189,917,-209,2489,560,False,5
1281,372,3273,-159,997,-143,2534,652,False,5
1386,336,2952,-120,1037,-89,2278,731,False,5
1348,294,2331,-90,1027,-55,1708,791,False,5
1407,357,1525,-76,964,-35,1105,826,False,5
1181,328,878,-36,832,14,507,827,False,5
920,307,300,54,686,44,15,799,False,5
776,217,-179,74,547,23,174,750,False,5
544,196,-448,13,358,-34,268,672,False,5
319,229,-509,-21,181,-63,357,576,False,5
138,229,-495,1,93,-46,437,481,False,5
42,212,-505,36,52,-22,450,398,False,5
14,157,-542,36,-8,-18,435,326,False,5
-66,160,-696,26,-61,-9,282,274,False,5
-214,245,-94,-235,44,-42,661,268,False,5
24,276,-605,31,-55,34,334,228,False,5
191,231,-636,98,-192,37,296,226,False,5
357,213,-649,62,-314,12,229,245,False,5
602,147,-424,0,-457,-43,249,288,False,5
844,177,-77,3,-589,-59,134,348,False,5
1027,267,278,92,-630,-7,96,406,False,5
1445,264,751,121,-794,46,649,485,False,5
2033,442,1406,138,-718,162,1511,538,False,5
2792,532,2364,63,-876,236,2696,612,False,5
3547,817,3090,135,-993,322,3774,700,False,5
4299,862,4358,97,-1251,371,5181,821,False,5
4215,710,4977,-111,-1194,268,5560,903,False,5
3304,493,4718,-536,-959,-184,4780,945,False,5
2975,495,4128,-462,-724,-444,4112,949,False,5
3469,153,3570,-152,-687,-366,3980,917,False,5
3601,-176,3313,44,-894,-210,3896,918,False,5
3129,42,3610,141,-1065,-98,3777,950,False,5
2472,206,3550,170,-1027,1,3330,968,False,5
1719,362,3021,69,-944,-42,2494,963,False,5
762,310,2563,-123,-817,-222,1691,942,False,5
131,32,2055,-210,-689,-379,1059,916,False,5
-225,-184,1867,-172,-607,-413,889,883,False,5
-658,-402,2109,-121,-617,-387,1245,854,False,5
-1100,-505,2075,-78,-396,-301,1402,784,False,5
-807,-690,1798,-65,-49,-158,1088,662,False,5
-659,-404,1734,-59,114,-53,898,557,False,5
-407,-158,1664,29,312,30,720,509,False,5
87,-229,1564,144,486,102,583,510,False,5
534,-285,1514,183,683,144,630,552,False,5
1355,-343,1742,192,854,160,1233,620,False,5
2241,-471,2305,226,964,180,2249,697,False,5
3136,-613,2899,19,1114,141,3314,782,False,5
3908,-130,3764,-118,1269,152,4427,882,False,5
4444,-42,3558,-51,1267,221,4693,963,False,5
4432,183,3784,-2,1155,268,4830,1007,False,5
4594,802,4223,272,954,335,5291,1015,False,5
4289,460,3897,232,836,124,4813,987,False,5
3844,807,3822,-40,805,-133,4480,953,False,5
3246,766,3353,-180,838,-250,3729,941,False,5
2834,635,2833,-170,804,-178,3751,920,True,5
490,976,1334,-131,263,-128,724,166,False,5
393,990,1649,-120,360,-157,963,215,False,5
394,995,1982,-129,452,-201,1252,274,False,5
347,790,2304,-178,553,-262,1460,347,False,5
426,611,2579,-144,678,-222,1684,423,False,5
610,496,2681,-70,769,-161,1793,496,False,5
702,464,2572,0,816,-118,1706,561,False,5
780,429,2360,26,833,-111,1522,617,False,5
802,419,1915,31,844,-115,1118,664,False,5
776,397,1316,38,823,-111,578,697,False,5
799,260,680,37,749,-93,80,709,False,5
588,152,269,41,593,-78,335,687,False,5
386,126,-15,44,458,-65,593,642,False,5
183,106,-204,21,366,-42,706,587,False,5
126,167,-337,15,271,-24,603,524,False,5
-12,161,-441,37,176,-15,530,455,False,5
-115,144,-465,32,112,-6,499,387,False,5
-163,181,-466,28,76,-1,474,326,False,5
-201,179,-506,22,41,0,426,270,False,5
8,92,-377,-37,-104,-13,611,238,False,5
-137,184,-498,-184,-36,-30,451,228,False,5
-96,226,-382,-89,-10,-40,545,202,False,5
8,230,-439,-18,-116,-28,504,185,False,5
570,190,-394,-8,-361,-27,281,232,False,5
888,263,-84,-3,-552,-37,70,296,False,5
1098,329,345,75,-666,-23,197,371,False,5
1533,370,875,124,-693,64,803,438,False,5
2218,390,1629,90,-777,118,1779,508,False,5
2899,459,2505,109,-947,159,2858,600,False,5
3753,611,3623,131,-1119,244,4252,710,False,5
4340,843,5115,157,-1300,386,5760,841,False,5
3799,599,5296,-39,-1191,350,5545,921,False,5
2902,517,4726,-486,-885,-91,4569,939,False,5
2957,456,3825,-342,-677,-236,3856,910,False,5
3763,-535,3199,-192,-699,-203,3967,878,False,5
3750,-394,3312,-117,-933,-155,4018,893,False,5
3211,-96,3608,47,-1097,-34,3830,934,False,5
2661,145,3477,39,-1106,0,3380,968,False,5
2107,368,3056,-109,-1086,-140,2730,994,False,5
1439,307,2809,-253,-1064,-338,2171,1024,False,5
371,113,2647,-316,-970,-393,1675,1038,False,5
-465,99,2598,-249,-755,-361,1641,1005,False,5
-735,-413,2383,-243,-547,-366,1527,944,False,5
-992,-802,2253,-184,-164,-245,1589,824,False,5
-803,-742,2086,-65,103,-81,1355,689,False,5
-444,-648,1821,64,303,47,983,613,False,5
-7,-597,1593,100,430,120,701,582,False,5
399,-537,1546,75,621,159,684,595,False,5
1022,-622,1851,26,795,212,1203,640,False,5
1969,-453,2185,34,895,259,1975,698,False,5
2673,-230,2543,88,969,327,2696,764,False,5
3599,-295,3317,52,1156,340,3903,852,False,5
4447,-24,3897,-17,1197,299,4912,928,False,5
4677,175,4050,-42,1183,274,5189,985,False,5
4833,762,4515,138,1109,314,5657,1020,False,5
5087,922,4471,253,1039,168,5835,1033,False,5
4706,747,4069,24,999,-117,5265,1027,False,5
4204,730,3676,-110,958,-211,4413,1019,True,5
684,1514,1303,-142,-11,-221,1111,156,False,5
298,1363,2015,-275,339,-340,1450,235,False,5
560,1291,2447,-357,600,-372,1822,346,False,5
731,1088,2752,-235,735,-352,2048,447,False,5
986,707,3177,-118,883,-276,2400,544,False,5
1223,507,3197,-170,940,-273,2460,633,False,5
1355,533,3101,-190,993,-232,2425,714,False,5
1404,428,2724,-156,1015,-170,2094,779,False,5
1409,345,2065,-149,970,-123,1523,821,False,5
1256,406,1409,-125,899,-60,930,838,False,5
1095,421,802,-43,788,-11,421,828,False,5
887,382,293,25,637,7,9,790,False,5
695,324,-137,45,522,6,221,737,False,5
546,277,-448,-12,395,-19,241,668,False,5
325,317,-577,-37,219,-26,265,579,False,5
153,312,-593,-8,119,-30,312,488,False,5
78,236,-550,17,62,-37,396,405,False,5
4,170,-524,-8,-6,-35,449,331,False,5
-22,177,-540,-5,-44,-11,431,274,False,5
10,178,-569,6,-88,8,403,236,False,5
115,188,-610,2,-145,22,351,218,False,5
273,219,-585,-2,-223,29,318,219,False,5
462,231,-512,-1,-335,24,272,242,False,5
679,253,-307,-16,-489,-14,213,292,False,5
993,292,81,-3,-645,-39,38,362,False,5
1293,334,576,73,-731,-3,454,437,False,5
1748,379,1120,116,-728,97,1110,498,False,5
2677,459,1713,116,-828,169,2211,569,False,5
3382,629,2957,140,-1077,221,3536,676,False,5
4148,884,4186,170,-1237,343,4959,800,False,5
4654,1079,5155,129,-1311,418,6028,916,False,5
3899,694,4926,-347,-1084,47,5320,961,False,5
2867,793,4515,-647,-857,-463,4406,1002,False,5
3185,704,3603,-309,-649,-507,3860,977,False,5
3566,44,3215,27,-746,-313,3801,944,False,5
3088,86,3498,196,-946,-122,3666,949,False,5
2566,301,3498,329,-982,113,3348,968,False,5
2006,594,3063,234,-926,145,2709,967,False,5
1216,595,2586,-28,-876,-83,1918,950,False,5
333,500,2461,-197,-786,-304,1533,933,False,5
-502,138,2330,-181,-610,-378,1387,894,False,5
-1012,-137,2260,-104,-490,-368,1480,839,False,5
-1179,-443,1968,-36,-264,-279,1336,748,False,5
-1426,-474,1647,-14,10,-167,1229,632,False,5
-1083,-389,1347,62,216,-51,771,551,False,5
-644,-353,1216,117,298,0,420,505,False,5
-199,-376,1280,116,413,32,348,490,False,5
375,-397,1425,87,584,70,526,511,False,5
965,-402,1604,69,685,107,914,548,False,5
1468,-301,1945,29,754,123,1455,591,False,5
2106,-167,2490,21,863,161,2265,648,False,5
2946,-26,3316,4,983,158,3435,717,False,5
3525,-72,3407,-38,1072,155,3902,790,False,5
4274,864,4104,69,931,76,4988,888,False,5
4189,1095,3995,58,885,-33,4891,888,False,5
3578,796,3506,-89,864,-177,4072,887,False,5
3204,860,3289,-120,860,-136,3671,885,False,5
2863,951,2686,70,799,-3,3635,869,True,5
524,1441,1536,-399,213,-315,1170,360,False,5
279,1304,2200,-469,423,-417,1572,439,False,5
206,1236,2619,-391,594,-420,1903,516,False,5
511,658,2756,-214,748,-320,1879,581,False,5
673,550,2979,-101,814,-240,2103,636,False,5
907,456,2955,-58,866,-203,2124,687,False,5
1012,447,2691,-64,871,-189,1909,728,False,5
1052,405,2409,-52,846,-175,1659,755,False,5
1068,396,1861,-37,839,-134,1181,774,False,5
996,280,1219,-35,781,-97,598,777,False,5
888,257,645,-15,708,-45,127,763,False,5
737,240,156,36,605,0,209,731,False,5
622,157,-246,43,486,11,312,683,False,5
447,156,-567,32,312,8,261,609,False,5
249,173,-596,19,193,0,331,525,False,5
126,176,-552,10,105,-5,407,441,False,5
3,179,-528,15,49,5,442,363,False,5
-47,185,-589,21,23,28,380,299,False,5
-2,223,-641,25,-21,39,321,249,False,5
71,211,-672,13,-94,24,292,218,False,5
275,135,-900,-295,-54,-47,49,235,False,5
88,252,-491,-41,-227,-10,441,234,False,5
416,315,-331,11,-352,-17,382,258,False,5
824,291,-274,94,-476,-33,84,303,False,5
983,262,47,99,-573,-36,18,359,False,5
1324,355,426,111,-770,-42,435,443,False,5
2055,520,928,190,-901,-18,1314,538,False,5
2725,808,1681,256,-1045,53,2302,646,False,5
3588,1158,2390,316,-1143,175,3463,756,False,5
4791,1423,2915,360,-1219,330,4785,867,False,5
5924,1599,4028,250,-1335,326,6339,973,False,5
5147,1259,4278,-60,-1268,172,5810,1035,False,5
4279,860,4130,-524,-1052,-231,5008,1067,False,5
3676,1277,3661,-383,-807,-389,4342,1048,False,5
3721,723,3018,78,-687,-251,3845,985,False,5
3169,155,2825,251,-752,-61,3248,947,False,5
2443,294,2835,386,-749,167,2753,930,False,5
1826,443,2414,442,-684,353,2059,921,False,5
1539,553,1639,253,-609,312,1315,882,False,5
1172,123,1398,-356,-656,-92,828,856,False,5
452,300,1880,-618,-679,-326,956,880,False,5
-345,420,2177,-351,-617,-307,1243,858,False,5
-932,260,2172,-34,-502,-165,1377,792,False,5
-1265,106,1840,39,-169,-65,1235,671,False,5
-892,168,1545,68,103,-44,791,563,False,5
-587,147,1379,83,183,-42,505,491,False,5
-350,-45,1283,94,314,-43,330,459,False,5
1076,-226,1601,87,683,68,942,527,False,5
1677,-163,1934,76,767,117,1565,577,False,5
2348,-55,2298,44,887,128,2285,641,False,5
3225,-52,2785,-45,909,48,3261,695,False,5
3876,-196,3175,-203,915,12,4014,743,False,5
4277,8,3805,-367,832,18,4724,776,False,5
4713,762,3968,-301,873,190,5207,809,False,5
5452,1345,3823,-140,903,247,5793,837,False,5
5083,1451,3237,-97,947,183,5198,863,False,5
4563,1054,2492,-153,926,91,4304,879,False,5
3719,1218,1895,-132,785,120,3914,864,True,5
665,880,1365,-61,288,-134,754,126,False,5
555,799,1558,-81,404,-139,836,187,False,5
656,909,1717,-105,506,-147,1050,257,False,5
543,837,2062,-156,539,-214,1290,326,False,5
421,879,2349,-163,667,-205,1543,404,False,5
420,775,2513,-123,754,-202,1663,481,False,5
494,616,2476,-134,835,-189,1598,558,False,5
606,565,2283,-113,883,-167,1428,627,False,5
676,397,1886,-31,919,-114,1042,687,False,5
803,274,1246,33,911,-64,507,732,False,5
746,223,639,45,807,-35,7,747,False,5
577,137,197,82,661,-16,375,731,False,5
58,131,-306,-15,240,-23,662,542,False,5
-71,158,-342,5,164,1,616,466,False,5
-187,181,-382,16,109,22,537,395,False,5
-241,171,-435,8,72,19,474,331,False,5
-296,193,-441,-11,26,9,434,270,False,5
-320,210,-435,-20,-6,-1,420,220,False,5
-219,168,-434,-111,-27,-18,485,199,False,5
-360,299,-395,-170,46,-24,387,195,False,5
-4,225,-452,-62,-72,-20,495,175,False,5
124,307,-538,-19,-129,-15,368,166,False,5
366,261,-481,9,-262,-37,341,186,False,5
569,205,-337,37,-448,-67,307,239,False,5
789,210,-79,73,-640,-87,179,321,False,5
1192,240,360,111,-777,-89,268,415,False,5
1505,272,960,147,-885,-34,805,511,False,5
1917,434,1400,184,-881,91,1413,589,False,5
2743,570,1911,196,-910,194,2391,661,False,5
3736,672,2813,198,-1116,250,3724,761,False,5
4555,936,4073,163,-1271,322,5181,873,False,5
3948,942,4310,87,-1110,359,4920,932,False,5
3303,704,3937,-282,-759,105,4187,909,False,5
2952,562,3418,-353,-590,-123,3551,866,False,5
3633,87,2978,-189,-508,-82,3698,803,False,5
3983,158,3045,-43,-778,41,4016,798,False,5
3402,389,3326,58,-1026,134,3773,846,False,5
2692,509,3329,-22,-1026,128,3311,883,False,5
1982,751,3031,-143,-927,9,2698,894,False,5
1025,534,2738,-286,-855,-189,1971,899,False,5
102,337,2170,-262,-662,-258,1198,871,False,5
-318,268,1706,-48,-470,-139,755,795,False,5
-526,188,1380,107,-425,-54,488,724,False,5
-688,44,1250,80,-390,-78,427,660,False,5
-851,43,1155,-50,-272,-117,435,588,False,5
-834,41,1177,-122,-147,-168,443,521,False,5
-767,-34,1192,-70,-21,-130,417,447,False,5
-510,-108,1078,-2,170,-23,197,391,False,5
-72,-30,1006,2,319,20,9,377,False,5
314,-7,1041,-18,406,28,87,383,False,5
686,12,1220,-14,499,57,399,406,False,5
1244,148,1471,34,634,113,932,454,False,5
1838,355,1702,35,738,110,1530,512,False,5
2435,253,1965,-51,936,50,2139,597,False,5
3588,339,2627,-112,911,52,3459,662,False,5
3466,480,2465,-106,987,113,3280,729,False,5
3701,591,2448,-133,1027,127,3476,792,False,5
3898,825,2697,-55,888,143,2530,813,True,5
228,1221,1926,-256,248,-139,1291,158,False,5
78,1401,2127,-209,470,-156,1548,233,False,5
284,1011,2404,-120,594,-197,1623,314,False,5
359,687,2682,-123,714,-204,1791,402,False,5
516,539,2976,-129,816,-196,2068,491,False,5
644,276,3063,-115,897,-162,2142,576,False,5
800,200,3066,-57,953,-100,2174,653,False,5
974,138,2580,-23,998,-54,1761,722,False,5
1213,197,1788,11,989,-20,1169,775,False,5
1148,122,988,-11,892,-9,519,798,False,5
945,150,438,17,755,20,52,790,False,5
776,188,-16,44,596,33,201,751,False,5
629,184,-392,46,438,17,236,689,False,5
410,151,-546,6,262,-18,300,603,False,5
204,210,-512,-18,145,-31,410,512,False,5
116,240,-469,3,68,-17,460,424,False,5
81,210,-472,19,17,0,477,344,False,5
83,201,-532,5,-20,14,425,280,False,5
161,257,-958,-10,-53,27,4,236,False,5
-322,153,-201,-226,208,40,590,250,False,5
383,289,-425,-77,-194,-46,359,243,False,5
448,270,-295,-19,-337,-48,399,262,False,5
734,257,-171,43,-494,-83,203,310,False,5
944,281,253,140,-750,-89,16,401,False,5
1317,186,707,105,-712,0,506,465,False,5
1652,330,1021,52,-801,21,969,532,False,5
2424,445,1703,85,-940,47,1995,615,False,5
3288,539,2760,156,-1125,124,3326,720,False,5
4352,757,4059,176,-1315,255,4999,846,False,5
4845,1213,5503,207,-1404,367,6431,970,False,5
3502,649,4713,-226,-1086,132,4907,999,False,5
2364,1106,4408,-576,-788,-404,4122,1010,False,5
2875,695,3320,-312,-466,-474,3446,955,False,5
3624,-71,2598,-7,-505,-297,3459,881,False,5
3145,-67,2943,143,-836,-136,3307,876,False,5
2452,8,3248,270,-929,49,3069,894,False,5
1843,291,2986,202,-857,108,2521,893,False,5
1092,375,2495,-29,-771,-59,1749,869,False,5
532,38,2060,-226,-622,-307,1127,841,False,5
171,-52,1642,-258,-502,-374,651,808,False,5
-287,-106,1628,-142,-482,-325,656,766,False,5
-793,-148,1600,10,-427,-216,791,708,False,5
-966,-269,1569,26,-320,-129,862,636,False,5
-589,-188,1193,50,171,5,343,396,False,5
-279,-194,1127,88,293,49,177,378,False,5
81,-299,1138,92,396,96,179,386,False,5
532,-334,1279,97,502,138,424,414,False,5
1161,-289,1606,126,615,182,1002,462,False,5
1564,-258,1528,97,766,242,1201,531,False,5
2260,-10,1999,88,833,242,2017,599,False,5
2811,-128,2400,128,893,245,2698,666,False,5
3230,-76,2538,30,964,202,3108,730,False,5
3396,340,3029,39,891,160,3563,765,False,5
3575,46,3533,135,874,159,4026,791,False,5
3730,263,3339,91,925,132,4013,821,False,5
3586,596,3477,181,827,108,4030,827,False,5
3576,556,3342,299,814,74,3926,835,False,5
3339,438,2741,193,774,-97,3241,829,True,5
204,1013,1630,-76,138,-26,929,149,False,5
163,947,1857,-115,290,-107,1090,185,False,5
275,865,2072,-118,431,-126,1262,241,False,5
436,783,2285,-84,545,-137,1454,306,False,5
639,742,2552,-86,654,-160,1733,380,False,5
853,697,2822,-99,777,-157,2029,464,False,5
991,749,3102,-75,837,-154,2341,542,False,5
1170,552,3105,-40,928,-134,2363,621,False,5
1203,605,2806,-39,974,-128,2112,693,False,5
1159,537,2227,-39,979,-121,1567,752,False,5
1063,359,1569,-50,932,-106,928,789,False,5
936,255,988,-50,853,-61,384,802,False,5
838,165,464,19,746,5,28,791,False,5
711,97,46,90,615,49,280,757,False,5
608,43,-319,93,465,44,312,701,False,5
504,75,-493,46,307,23,290,623,False,5
369,131,-557,24,181,9,319,535,False,5
337,140,-580,50,110,14,314,452,False,5
312,112,-614,42,25,19,302,372,False,5
326,167,-663,22,-34,27,242,307,False,5
565,324,-734,-236,-131,-28,18,300,False,5
339,260,-424,-121,-143,-30,398,277,False,5
604,374,-501,73,-352,-56,130,294,False,5
956,225,-340,146,-438,-78,39,329,False,5
1064,133,0,140,-612,-71,72,389,False,5
1159,111,485,98,-751,-38,261,463,False,5
1541,260,984,60,-804,35,846,531,False,5
2131,361,1398,129,-886,99,1574,605,False,5
2969,436,2567,180,-1084,172,2948,706,False,5
3396,673,3685,151,-1215,297,4056,817,False,5
4243,940,4346,172,-1203,429,5146,911,False,5
4015,952,4851,46,-1203,420,5368,984,False,5
3296,814,4331,-362,-919,76,4503,985,False,5
2908,782,3766,-430,-720,-200,3821,960,False,5
3262,440,3235,-245,-670,-202,3615,916,False,5
3297,213,2966,-88,-781,-102,3439,891,False,5
2790,517,3107,38,-908,17,3207,895,False,5
2269,693,2968,83,-895,79,2799,896,False,5
1644,715,2603,-34,-828,-26,2160,882,False,5
803,547,2279,-181,-774,-220,1477,871,False,5
-8,391,2080,-175,-616,-321,1116,840,False,5
-452,73,1791,-118,-463,-325,848,787,False,5
-861,-26,1585,-42,-335,-269,803,716,False,5
-1028,-322,1375,19,-157,-221,746,627,False,5
-1069,-320,1268,22,-19,-156,689,533,False,5
-845,-289,1125,58,144,-75,436,461,False,5
-502,-313,1013,90,258,-23,173,423,False,5
-131,-360,1052,78,339,-4,119,408,False,5
302,-396,1250,53,439,29,345,415,False,5
746,-353,1430,4,552,73,651,443,False,5
1226,-141,1818,-18,667,110,1197,489,False,5
1984,-16,2462,-5,818,159,2161,558,False,5
2609,116,2895,34,900,183,2898,630,False,5
3192,269,3316,-12,1011,137,3610,708,False,5
3813,649,3695,-42,991,60,4349,765,False,5
4078,801,3822,-120,939,-13,4646,801,False,5
4036,884,3949,-157,917,-28,4715,827,False,5
3934,752,3877,-162,917,-11,4574,847,False,5
3695,543,3500,-128,901,65,4118,860,False,5
3169,548,2928,-26,831,168,3556,858,True,5
251,963,1707,-105,309,-87,975,144,False,5
344,867,1956,-77,460,-105,1167,211,False,5
382,673,2194,-80,573,-130,1326,287,False,5
450,560,2493,-130,660,-165,1594,368,False,5
548,449,2912,-124,783,-142,1996,455,False,5
715,241,2826,-62,827,-84,1924,531,False,5
738,250,2808,-11,845,-58,1914,594,False,5
819,321,2530,7,855,-65,1678,646,False,5
870,405,2089,23,848,-74,1298,687,False,5
1032,526,1374,12,858,-79,797,722,False,5
920,352,675,-22,795,-55,194,737,False,5
770,356,199,26,650,-24,128,719,False,5
586,256,-237,67,492,-16,318,675,False,5
54,194,-506,13,103,-39,455,446,False,5
-73,166,-467,40,51,-28,499,371,False,5
-44,121,-329,19,57,-5,646,308,False,5
-153,106,-337,-49,0,2,615,256,False,5
-162,273,-446,4,23,19,452,211,False,5
-21,272,-498,32,-74,26,432,186,False,5
84,226,-599,43,-98,36,354,171,False,5
312,207,-602,17,-178,28,291,173,False,5
559,189,-478,-12,-332,1,240,204,False,5
769,259,-208,6,-517,-37,162,267,False,5
1103,265,178,69,-703,-64,148,355,False,5
1484,324,696,138,-824,-29,670,451,False,5
1978,466,1332,190,-907,44,1429,546,False,5
2594,620,2120,228,-956,141,2406,635,False,5
3308,807,2714,205,-1040,236,3354,725,False,5
4340,877,3625,190,-1140,305,4722,819,False,5
5171,848,4878,95,-1276,336,6159,919,False,5
4230,856,5163,-97,-1126,280,5729,968,False,5
3661,677,4437,-324,-901,28,4792,966,False,5
3456,833,3870,-263,-731,-79,4254,929,False,5
3894,195,3408,-144,-748,-61,4178,896,False,5
3523,192,3468,-113,-906,-11,3947,899,False,5
2687,599,3552,29,-963,143,3493,914,False,5
1938,870,3131,65,-946,200,2783,925,False,5
1017,852,2543,-116,-831,23,1868,907,False,5
251,723,2047,-230,-706,-175,1185,878,False,5
-225,361,1769,-240,-569,-298,819,839,False,5
-725,188,1681,-195,-508,-332,840,799,False,5
-1093,23,1499,-72,-393,-291,855,738,False,5
-1137,-260,1467,-21,-268,-245,874,663,False,5
-935,-311,1340,33,-70,-158,663,565,False,5
-735,-235,1118,37,89,-67,358,475,False,5
-371,-30,989,48,256,-17,56,432,False,5
16,67,868,86,362,9,129,420,False,5
282,-82,747,55,433,3,197,423,False,5
379,-152,887,-13,469,-6,23,432,False,5
903,-51,1305,-23,526,17,587,451,False,5
1358,-48,1725,36,682,71,1195,498,False,5
2171,-117,2405,11,874,102,2242,574,False,5
3218,-126,3366,-62,1049,108,3658,670,False,5
4146,71,4119,-99,1225,161,4844,784,False,5
4778,243,4466,-10,1374,275,5544,907,False,5
5113,455,4544,121,1276,307,5855,989,False,5
4796,828,4551,389,1110,315,5663,1035,False,5
4482,510,3890,451,1003,137,4115,1049,True,5
193,1420,1898,-295,249,-211,1378,174,False,5
288,669,2867,-180,727,-300,1958,428,False,5
511,446,3152,-163,870,-242,2224,525,False,5
676,143,3188,-119,944,-168,2262,613,False,5
899,99,2888,-62,981,-86,2026,688,False,5
1044,83,2383,-28,966,-40,1602,744,False,5
974,107,1742,-52,902,-25,998,775,False,5
897,119,1101,-40,836,17,425,788,False,5
753,212,556,41,698,67,40,770,False,5
626,176,86,125,555,70,344,731,False,5
519,110,-300,101,431,30,390,673,False,5
362,148,-475,24,295,0,384,597,False,5
217,264,-510,11,179,-3,386,514,False,5
106,289,-552,43,87,-4,367,430,False,5
83,257,-570,54,39,-5,369,357,False,5
56,240,-565,46,-10,-4,383,295,False,5
92,215,-643,30,-40,10,315,246,False,5
173,183,-729,-35,-59,6,228,210,False,5
165,293,-663,-85,-201,-14,256,212,False,5
469,273,-434,-21,-166,4,305,203,False,5
694,322,-369,82,-380,9,150,240,False,5
774,278,-135,96,-551,-17,166,303,False,5
1039,150,306,109,-660,4,93,376,False,5
1327,228,864,14,-654,77,599,432,False,5
1790,471,1585,51,-808,67,1436,508,False,5
2059,417,2266,107,-917,102,2090,592,False,5
2854,465,2758,51,-989,135,2996,673,False,5
3733,598,4110,79,-1194,154,4584,780,False,5
3993,757,5219,118,-1285,271,5614,887,False,5
3364,532,5409,-99,-1110,195,5391,936,False,5
2528,627,4649,-405,-802,-181,4328,932,False,5
2895,348,3741,-249,-599,-261,3743,885,False,5
3624,-265,3368,-137,-664,-200,3954,849,False,5
3201,-213,3414,16,-911,-73,3684,862,False,5
2376,52,3626,84,-1018,29,3335,894,False,5
1527,340,3307,41,-954,42,2658,906,False,5
768,320,2779,-126,-795,-130,1900,888,False,5
243,82,2116,-213,-597,-270,1131,848,False,5
17,94,1549,-133,-519,-263,551,797,False,5
-335,5,1633,-86,-570,-287,667,766,False,5
-853,-221,1795,-92,-543,-272,999,736,False,5
-1182,-155,1401,-95,-255,-154,839,651,False,5
-984,-55,1242,-31,-23,-95,585,541,False,5
-722,-30,1247,68,23,-18,441,447,False,5
-502,6,1149,105,148,40,253,395,False,5
-101,21,1104,96,315,51,108,382,False,5
267,-75,1122,59,437,55,155,395,False,5
563,-31,1153,38,518,105,283,421,False,5
951,45,1365,91,586,140,664,459,False,5
1316,-15,1616,90,674,156,1084,506,False,5
1854,-17,2174,81,790,152,1857,567,False,5
2761,-183,3239,123,924,171,3260,643,False,5
3393,-438,3010,28,1005,151,3556,717,False,5
3566,327,3133,-31,1019,127,3758,779,False,5
4184,518,4069,73,946,102,4859,814,False,5
3930,260,3860,32,1003,88,4514,852,False,5
4030,665,3831,65,935,83,4599,870,False,5
3802,571,3592,205,900,85,3573,881,True,5
411,739,1919,-77,432,-52,1097,194,False,5
429,665,2166,-28,563,-77,1306,269,False,5
526,456,2394,-13,676,-65,1493,351,False,5
565,411,2717,0,722,-91,1805,426,False,5
726,326,3010,-27,815,-134,2113,506,False,5
777,282,3209,-71,891,-140,2313,585,False,5
914,309,3189,-64,949,-108,2331,660,False,5
1030,216,2855,-42,965,-95,2042,722,False,5
1148,238,2163,-28,960,-69,1460,770,False,5
1126,241,1414,-37,921,-28,823,800,False,5
1053,202,756,14,829,24,311,806,False,5
910,141,236,45,682,31,49,781,False,5
738,125,-159,35,526,24,234,730,False,5
535,156,-416,8,386,22,304,661,False,5
344,203,-509,7,246,25,352,578,False,5
217,224,-539,28,145,20,377,492,False,5
185,207,-570,39,87,15,365,413,False,5
171,182,-610,19,19,18,340,337,False,5
196,196,-632,8,-36,21,309,278,False,5
276,164,-676,-21,-102,15,251,243,False,5
553,172,-793,-214,-326,-38,18,273,False,5
342,361,-182,-145,-210,-43,470,270,False,5
608,347,-271,46,-534,-84,249,324,False,5
998,260,97,110,-563,-106,35,376,False,5
1151,16,648,110,-697,-42,320,442,False,5
1322,50,1137,30,-781,75,744,510,False,5
2089,242,1489,53,-832,149,1576,577,False,5
2740,203,2622,107,-1105,155,2797,686,False,5
3510,222,3777,64,-1233,241,4160,800,False,5
4369,287,5056,-54,-1323,229,5688,908,False,5
3518,73,5287,-265,-1148,80,5350,963,False,5
2634,135,4535,-485,-831,-252,4246,969,False,5
3082,189,3952,-322,-666,-349,4015,938,False,5
4132,-440,3347,-157,-703,-334,4335,909,False,5
4298,-668,3555,-124,-951,-338,4617,930,False,5
3724,-402,4234,28,-1146,-201,4653,977,False,5
3000,10,4318,164,-1117,29,4257,1007,False,5
1955,483,3803,134,-1042,61,3303,1016,False,5
675,560,3156,-117,-877,-117,2275,991,False,5
20,321,2121,-223,-639,-247,1145,937,False,5
-450,344,1899,-121,-495,-263,981,864,False,5
-829,111,1757,17,-453,-259,945,795,False,5
-1146,-520,1820,-35,-405,-275,1212,734,False,5
-1239,-573,1505,-97,-53,-184,1031,630,False,5
-980,-449,1226,-26,106,-76,632,530,False,5
-734,-336,1107,62,164,21,370,459,False,5
-359,-203,1074,115,245,70,150,423,False,5
-8,-199,1071,100,351,63,89,412,False,5
324,-230,1237,77,464,77,299,425,False,5
659,-182,1436,67,592,119,590,461,False,5
1284,-103,1827,98,683,139,1235,510,False,5
1897,-150,2349,83,810,145,2023,573,False,5
2675,-102,3030,2,1011,125,3043,662,False,5
3572,-4,3822,-116,1036,60,4231,738,False,5
4184,455,4604,-123,1124,97,5237,817,False,5
4836,501,5085,-128,1163,86,6035,888,False,5
5086,907,5631,-163,1106,65,6641,934,False,5
4840,861,5318,-29,1126,118,6242,974,False,5
4433,417,4481,-26,1099,78,5317,999,False,5
313,1165,2260,-145,435,-138,1561,201,False,5
392,1003,2581,-115,537,-183,1796,276,False,5
654,850,2838,-83,704,-188,2033,368,False,5
939,670,3121,-73,812,-191,2327,461,False,5
1128,567,3365,-61,912,-178,2594,555,False,5
1331,417,3255,-55,1020,-162,2541,651,False,5
1445,300,2691,-56,1094,-133,2069,741,False,5
1585,329,1853,-20,1133,-87,1460,820,False,5
1612,251,715,-25,988,-73,781,854,False,5
1154,277,240,-53,846,-36,210,853,False,5
1030,250,-209,-38,676,-20,80,818,False,5
837,258,-510,-32,480,-17,13,750,False,5
384,187,-722,68,34,-1,161,459,False,5
363,158,-709,67,-55,9,187,384,False,5
424,-63,-1290,-529,-534,-67,359,458,False,5
187,300,-196,-18,-95,-52,595,388,False,5
181,325,-951,83,-79,9,21,333,False,5
556,338,-473,142,-400,10,195,351,False,5
620,364,-302,217,-607,-16,220,410,False,5
1199,208,211,136,-731,-22,235,476,False,5
1363,241,746,126,-840,7,572,551,False,5
1816,483,1222,143,-909,104,1241,626,False,5
2573,638,1750,217,-989,191,2176,706,False,5
3522,792,2748,232,-1162,307,3536,810,False,5
4441,1148,3964,190,-1270,407,5062,917,False,5
4590,1325,4653,143,-1258,468,5668,1003,False,5
3677,1003,4201,-277,-1017,159,4672,1016,False,5
2945,1234,3945,-451,-803,-183,4075,1000,False,5
3151,783,3135,-241,-611,-252,3513,941,False,5
3604,249,2570,-67,-636,-161,3433,884,False,5
3578,192,2688,-10,-849,-85,3479,878,False,5
3172,603,2907,97,-983,31,3344,900,False,5
2635,811,2919,121,-983,79,3015,918,False,5
1836,888,2513,-6,-894,-30,2236,913,False,5
912,733,2218,-139,-802,-193,1507,898,False,5
201,479,1909,-148,-656,-304,978,866,False,5
-31,186,1609,-85,-533,-312,620,817,False,5
-255,-45,1521,-63,-516,-309,542,774,False,5
-750,-253,1542,-3,-392,-258,733,713,False,5
-964,-504,1608,0,-221,-181,941,627,False,5
-818,-335,1300,63,70,-98,572,529,False,5
-551,-370,1141,87,181,-49,319,464,False,5
-276,-346,1073,50,275,-4,160,427,False,5
-5,-307,1041,-4,415,26,85,425,False,5
334,-256,1134,-24,531,64,209,447,False,5
2026,43,1992,52,900,168,1841,615,False,5
2890,-17,2583,22,1038,160,2876,702,False,5
3576,-44,2881,-122,1080,111,3592,780,False,5
3833,361,3277,-218,1105,83,4055,850,False,5
4110,252,3631,-225,1074,113,4489,900,False,5
4012,527,3769,-154,1011,192,4529,928,False,5
3968,661,3992,-33,890,218,4667,926,False,5
3724,891,4017,57,884,195,4549,922,False,5
3411,805,3518,-8,868,43,3965,911,False,5
2900,990,2916,-85,833,-47,3587,896,True,5
-79,727,2300,-218,220,-127,1413,157,False,5
-157,772,2820,-170,554,-61,1927,242,False,5
563,622,2825,-9,694,-21,1946,332,False,5
1194,241,3604,-146,993,-77,2804,618,False,5
1362,114,3407,-117,1042,-24,2670,704,False,5
1449,113,2732,-80,1048,25,2094,773,False,5
1447,197,1864,-57,1003,40,1367,819,False,5
1271,187,1065,-68,895,58,668,835,False,5
1073,248,567,-64,750,59,238,819,False,5
868,308,178,-31,595,72,61,775,False,5
727,322,-214,17,463,64,176,713,False,5
544,333,-452,14,325,29,218,636,False,5
350,376,-518,23,202,4,270,549,False,5
230,384,-544,34,106,-12,295,461,False,5
161,373,-570,42,51,-27,300,383,False,5
132,352,-581,30,-15,-42,307,317,False,5
149,317,-603,26,-68,-46,302,271,False,5
230,253,-611,26,-137,-51,299,246,False,5
342,233,-536,25,-235,-59,322,245,False,5
509,197,-397,39,-347,-67,325,267,False,5
682,217,-190,62,-473,-66,259,310,False,5
908,285,126,112,-603,-53,40,371,False,5
1315,288,525,157,-715,-14,444,443,False,5
1770,378,1107,179,-784,62,1121,515,False,5
2486,571,1824,235,-883,184,2135,599,False,5
3473,712,2660,269,-1067,304,3432,707,False,5
4497,761,3822,159,-1244,356,4950,826,False,5
5365,884,5307,16,-1331,334,6597,935,False,5
4791,814,5784,-103,-1280,248,6554,1009,False,5
4186,554,5294,-337,-1055,-38,5771,1029,False,5
4070,562,4612,-292,-870,-164,5176,1010,False,5
4396,81,3982,-147,-896,-133,4931,991,False,5
4037,248,4199,-65,-1067,-77,4830,1007,False,5
3181,508,4160,70,-1096,31,4261,1025,False,5
2113,676,3604,23,-992,15,3232,1018,False,5
974,467,2669,-164,-882,-156,1879,997,False,5
315,144,1989,-241,-703,-306,1018,958,False,5
-48,-13,1828,-200,-624,-352,828,915,False,5
-590,-131,2011,-51,-634,-360,1099,878,False,5
-951,-655,2041,-40,-495,-266,1345,815,False,5
-1210,-448,1564,-30,-129,-95,1027,684,False,5
-819,-345,1276,54,66,-74,554,569,False,5
-666,-433,1155,33,74,-40,401,473,False,5
-526,-299,1134,-37,210,-5,285,421,False,5
741,-281,1257,-195,500,39,485,444,False,5
967,-278,1534,-179,617,108,834,485,False,5
1647,-243,2072,-103,746,226,1657,545,False,5
2775,-287,2732,-42,915,343,2904,632,False,5
3858,-285,3567,-126,1044,349,4262,727,False,5
4686,315,4233,-209,1144,335,5322,823,False,5
5565,705,5046,-129,1252,374,6545,921,False,5
5884,538,5211,-57,1280,408,6878,1006,False,5
5850,1266,4877,159,1169,415,6720,1054,False,5
5282,880,4018,239,1050,224,5694,1063,False,5
4265,768,3429,33,926,1,4526,1036,False,5
3563,789,2998,29,816,-44,4559,992,True,5
440,1500,1878,-360,79,-14,1443,159,False,5
-298,1581,2758,-329,220,-192,2192,215,False,5
151,1017,3292,-39,759,-84,2448,324,False,5
875,640,3038,33,764,-126,2225,414,False,5
1020,738,3159,-60,864,-199,2400,509,False,5
1363,547,3219,-79,940,-199,2538,600,False,5
1460,389,3192,-39,935,-166,2531,670,False,5
1484,319,2920,-13,937,-134,2290,725,False,5
1462,361,2420,12,916,-111,1850,764,False,5
1507,386,1634,-4,896,-109,1256,792,False,5
1195,266,955,-73,845,-98,552,804,False,5
931,284,501,-53,751,-48,94,794,False,5
-148,1252,154,22,580,22,270,751,False,5
842,38,-401,91,419,15,66,686,False,5
235,199,-326,-7,306,17,551,610,False,5
295,142,-523,38,251,0,382,539,False,5
149,93,-584,56,168,32,390,467,False,5
152,82,-659,71,105,71,318,402,False,5
176,69,-744,61,52,93,232,346,False,5
249,75,-800,29,-10,97,158,297,False,5
345,93,-826,5,-97,103,100,266,False,5
450,132,-748,12,-204,111,117,259,False,5
557,133,-620,20,-335,92,155,276,False,5
698,103,-375,0,-487,52,200,319,False,5
886,130,-20,-8,-630,25,104,381,False,5
1078,184,394,27,-710,56,162,447,False,5
1353,296,686,39,-754,119,545,510,False,5
1877,401,1272,47,-790,184,1302,571,False,5
2491,538,2418,41,-903,251,2513,644,False,5
2902,667,3136,-93,-997,287,3324,723,False,5
3709,1154,3998,37,-1158,424,4574,825,False,5
4103,1469,4710,154,-1232,608,5416,936,False,5
3675,1200,4439,-256,-1023,339,4886,970,False,5
2788,1191,4267,-656,-809,-224,4234,989,False,5
3092,659,3322,-508,-614,-420,3585,971,False,5
3545,224,2883,-239,-708,-359,3574,943,False,5
3226,205,3031,16,-934,-210,3431,945,False,5
2642,296,3342,194,-1020,-19,3270,964,False,5
1954,464,2957,168,-880,65,2574,951,False,5
1306,633,2452,32,-765,-23,1849,914,False,5
805,391,1749,-110,-661,-178,964,869,False,5
400,419,1460,-132,-615,-236,570,830,False,5
-124,304,1789,-77,-689,-275,818,813,False,5
-558,55,2106,-70,-655,-316,1179,796,False,5
-948,-225,1868,-52,-367,-224,1106,723,False,5
-903,-203,1601,37,-45,-154,849,611,False,5
-463,-340,1446,140,82,-53,555,523,False,5
-305,-236,1163,117,211,-3,225,466,False,5
128,-153,1049,59,362,8,67,446,False,5
409,-186,975,-13,458,-5,73,449,False,5
762,-154,1163,-56,499,22,398,459,False,5
1132,6,1339,-4,583,106,753,486,False,5
1577,210,1552,84,673,157,1222,528,False,5
1977,260,1760,115,757,150,1659,578,False,5
2471,98,2130,116,911,119,2263,647,False,5
3619,-123,3221,-35,951,62,3846,708,False,5
4044,106,3360,-137,1051,93,4258,779,False,5
4659,793,3743,-70,1110,149,5028,848,False,5
5214,1228,3855,188,1048,179,5599,894,False,5
5296,1167,3435,291,982,51,3773,920,True,5
308,1101,1707,-10,302,-38,1054,161,False,5
261,888,2143,-56,461,-129,1334,225,False,5
242,719,2534,-193,646,-167,1645,319,False,5
281,534,2824,-250,751,-216,1887,419,False,5
393,310,2957,-246,858,-171,1999,517,False,5
528,192,3017,-160,906,-84,2068,598,False,5
638,124,2831,-68,928,-13,1904,664,False,5
734,186,2494,-11,911,9,1606,713,False,5
716,191,1997,22,885,5,1130,748,False,5
861,291,1172,40,854,19,483,769,False,5
814,336,566,90,746,21,46,765,False,5
702,226,59,110,600,9,260,734,False,5
532,148,-273,69,435,-26,383,675,False,5
346,138,-392,13,281,-52,459,597,False,5
142,179,-373,4,186,-40,562,516,False,5
38,160,-422,41,133,-8,547,440,False,5
-36,108,-492,42,80,18,495,371,False,5
-133,84,-562,22,35,25,416,306,False,5
-258,72,-578,-1,1,28,362,250,False,5
-294,126,-578,1,-42,49,339,213,False,5
-314,173,-656,29,-67,75,252,191,False,5
-191,181,-726,41,-71,75,227,175,False,5
-40,147,-818,5,-120,70,167,168,False,5
97,588,-1065,-43,-153,43,220,167,False,5
362,455,-469,-190,-281,-55,252,202,False,5
424,463,-254,-19,-483,-96,322,260,False,5
503,495,-4,156,-553,-56,294,323,False,5
734,282,265,234,-689,-18,170,404,False,5
1177,115,509,132,-668,0,287,459,False,5
1674,158,924,26,-785,-8,918,524,False,5
2292,494,1507,129,-917,65,1787,605,False,5
2986,841,2247,291,-1070,243,2830,711,False,5
3583,1069,2720,337,-1061,397,3623,805,False,5
3698,931,3010,-331,-809,-46,3858,880,False,5
4156,867,3079,-222,-780,-106,4244,868,False,5
4557,584,2900,-103,-821,-93,4432,860,False,5
4163,490,2998,-77,-922,-77,4153,874,False,5
3592,672,2995,14,-953,-25,3724,890,False,5
2910,621,2701,44,-914,-6,3018,895,False,5
2172,702,2391,17,-840,-35,2305,884,False,5
1577,565,2010,-20,-765,-119,1616,862,False,5
1122,256,1846,-88,-690,-204,1175,834,False,5
517,67,1640,-129,-627,-218,720,802,False,5
-63,215,1628,-116,-564,-238,643,766,False,5
-135,-185,1609,-147,-549,-300,625,741,False,5
-426,-304,1602,-114,-513,-321,685,716,False,5
-468,-428,1671,14,-294,-205,787,644,False,5
-429,-512,1692,87,-140,-63,819,551,False,5
-339,-313,1502,24,141,45,571,470,False,5
277,17,1203,-73,443,64,234,467,False,5
502,259,1205,12,593,73,330,493,False,5
910,214,1057,139,646,99,411,528,False,5
1230,115,1086,212,759,110,644,581,False,5
1897,90,1275,166,868,94,1287,642,False,5
2449,10,1605,40,893,74,1928,693,False,5
3038,0,2114,-98,1025,95,2701,761,False,5
3597,288,2445,-176,1063,106,3358,825,False,5
4017,343,3072,-157,1030,126,2230,870,True,5
462,1035,1557,-55,235,-131,925,102,False,5
573,1146,1744,-63,419,-135,1164,170,False,5
674,1114,2208,-188,544,-238,1563,261,False,5
627,1002,2346,-256,622,-292,1626,355,False,5
712,833,2614,-252,762,-276,1834,453,False,5
834,622,2683,-210,854,-224,1877,544,False,5
873,441,2546,-147,893,-163,1727,619,False,5
891,380,2172,-98,925,-107,1378,682,False,5
890,263,1623,-84,911,-95,869,730,False,5
784,195,859,-130,871,-71,179,760,False,5
605,191,405,-102,809,1,247,771,False,5
588,78,44,-33,638,45,405,745,False,5
426,74,-244,12,472,51,503,690,False,5
278,72,-426,-1,350,39,486,623,False,5
179,122,-488,-23,241,38,466,547,False,5
114,184,-501,-18,155,47,454,470,False,5
54,246,-525,9,91,56,417,397,False,5
24,273,-564,24,36,52,372,331,False,5
1057,-738,-253,58,-91,157,313,303,False,5
-39,264,-736,-15,-129,-28,217,269,False,5
118,313,-340,10,-118,-118,523,248,False,5
431,156,-486,-19,-267,-32,331,252,False,5
-7,381,-492,35,-314,-44,377,265,False,5
322,223,-286,83,-456,-50,515,305,False,5
507,226,-44,89,-589,-58,443,364,False,5
805,189,346,109,-676,-33,103,428,False,5
1101,311,673,118,-745,47,327,493,False,5
2544,691,2263,172,-961,237,2474,717,False,5
3484,935,2843,168,-1019,310,3592,789,False,5
3655,1289,3653,229,-1107,383,4325,870,False,5
3410,884,3190,-22,-894,257,3752,882,False,5
3408,758,2905,-416,-748,-81,3541,877,False,5
3643,738,2635,-336,-673,-205,3556,857,False,5
4203,337,2491,-88,-749,-125,3897,838,False,5
4172,223,2825,4,-931,-40,4043,857,False,5
3923,478,3099,54,-1001,35,4022,886,False,5
3301,551,3034,61,-986,81,3517,907,False,5
2499,767,2968,49,-939,90,2955,914,False,5
1704,862,2742,68,-862,75,2341,905,False,5
800,726,2100,19,-758,22,1361,875,False,5
103,531,1777,-138,-660,-108,857,836,False,5
-370,317,1915,-198,-613,-207,976,804,False,5
-932,-63,2131,-210,-502,-265,1326,764,False,5
-1481,-261,1947,-167,-196,-196,1460,676,False,5
-964,-318,1565,-3,122,-55,865,567,False,5
-728,-267,1285,97,166,23,500,492,False,5
-446,-203,1223,93,273,45,317,452,False,5
-16,-128,1203,42,440,53,209,450,False,5
484,-105,1363,45,577,71,450,477,False,5
886,-144,1712,122,711,134,933,528,False,5
1548,0,1803,147,758,156,1376,580,False,5
2194,121,2264,176,902,136,2154,649,False,5
3398,150,3322,138,1002,67,3754,722,False,5
3880,-25,3324,31,1120,16,4109,802,False,5
4381,492,3465,-25,1140,-12,4607,869,False,5
4763,678,3731,74,1068,29,5088,909,False,5
4633,318,3744,151,1003,37,4965,930,False,5
4374,543,3629,169,946,28,3764,936,True,5
419,700,1632,-83,281,-66,824,121,False,5
418,713,1844,-124,411,-91,1020,185,False,5
525,837,2142,-97,505,-114,1358,253,False,5
745,627,2430,-62,612,-137,1617,328,False,5
905,548,2724,-114,728,-136,1922,412,False,5
1095,660,3071,-147,800,-153,2326,495,False,5
1159,471,3276,-163,892,-149,2506,580,False,5
1234,489,3251,-176,960,-117,2511,660,False,5
1261,439,2891,-158,1003,-85,2184,731,False,5
1317,392,2114,-118,1009,-51,1521,788,False,5
1144,323,1286,-157,934,-53,751,820,False,5
1028,313,721,-103,806,0,294,819,False,5
764,327,141,15,669,43,157,789,False,5
696,140,-308,44,520,22,226,735,False,5
509,145,-497,-19,362,-17,273,661,False,5
364,196,-602,-31,227,-10,269,574,False,5
293,204,-662,20,137,24,247,487,False,5
253,179,-658,75,70,38,272,411,False,5
226,89,-697,60,-2,39,261,343,False,5
216,114,-687,40,-55,52,270,292,False,5
258,133,-674,50,-119,63,266,262,False,5
320,161,-654,54,-187,78,254,251,False,5
500,184,-412,-56,-278,46,326,258,False,5
511,294,-405,18,-344,18,284,275,False,5
822,208,-225,89,-494,-15,122,320,False,5
1046,146,154,67,-665,-16,67,390,False,5
1310,299,527,97,-762,34,443,465,False,5
1844,407,896,153,-817,98,1090,539,False,5
2638,495,1650,157,-937,171,2150,624,False,5
3349,616,2652,103,-1034,272,3316,714,False,5
4472,959,3744,129,-1183,391,4910,822,False,5
5032,1346,5323,210,-1307,527,6447,942,False,5
3756,675,4801,-282,-1002,259,5132,968,False,5
2745,1111,4647,-544,-751,-152,4510,962,False,5
3517,529,3401,-237,-495,-152,3920,883,False,5
4587,-498,2760,-172,-608,-96,4376,834,False,5
4452,-179,3559,-118,-1081,-76,4702,885,False,5
3984,-1,4105,11,-1168,55,4720,942,False,5
3267,401,3999,-6,-1113,113,4179,977,False,5
2238,736,3528,-51,-1034,36,3242,989,False,5
1096,671,3002,-135,-926,-107,2265,979,False,5
333,475,2107,-147,-741,-169,1185,938,False,5
-24,285,1864,-189,-606,-228,885,885,False,5
-339,177,1924,-243,-658,-338,961,864,False,5
-840,-350,2045,-293,-478,-355,1238,823,False,5
-1361,-372,1864,-202,-147,-223,1337,725,False,5
-905,-382,1556,9,82,-90,840,605,False,5
-737,-393,1370,65,126,-17,604,512,False,5
-479,-178,1286,18,298,35,383,469,False,5
-93,41,1276,24,464,51,280,469,False,5
346,2,1188,46,582,70,237,492,False,5
796,3,1411,84,722,92,620,540,False,5
1434,-30,1703,152,748,122,1226,586,False,5
2029,-50,2202,180,853,122,1994,645,False,5
3046,-298,3070,64,992,57,3334,715,False,5
3987,-290,3410,-103,1119,31,4254,797,False,5
4182,211,3328,-160,1125,68,4348,865,False,5
4528,396,3812,-16,1026,138,4932,899,False,5
4519,477,3755,71,1000,138,4894,921,False,5
4594,638,3819,62,860,46,3728,909,True,5
302,657,1988,63,511,35,1115,227,False,5
170,467,2319,44,597,32,1371,301,False,5
214,628,2589,-58,628,-100,1672,368,False,5
309,525,3021,-39,731,-140,2081,444,False,5
564,424,3276,-37,801,-157,2351,518,False,5
874,452,3570,-28,892,-141,2703,595,False,5
1207,483,3411,17,957,-108,2650,669,False,5
1365,415,2932,40,962,-118,2260,729,False,5
1436,342,2042,16,941,-125,1519,773,False,5
1264,217,1187,15,852,-86,747,789,False,5
1052,90,553,17,695,-56,191,771,False,5
798,39,123,15,531,-35,191,723,False,5
580,28,-173,19,411,-18,394,660,False,5
439,39,-373,20,301,0,422,588,False,5
315,92,-520,28,198,22,385,511,False,5
182,72,-620,50,124,26,349,436,False,5
-150,98,-796,48,91,21,184,370,False,5
151,8,-530,-171,17,-26,448,330,False,5
-60,173,-541,-64,68,28,428,283,False,5
121,190,-644,-24,-11,20,317,233,False,5
267,239,-759,7,-114,11,160,209,False,5
417,213,-699,13,-260,-18,158,219,False,5
618,166,-486,-13,-417,-68,196,260,False,5
880,43,-162,-32,-572,-98,104,324,False,5
806,46,215,103,-700,-115,164,402,False,5
1332,113,661,124,-638,45,491,452,False,5
1783,142,1144,59,-802,134,1123,524,False,5
2367,309,1803,56,-815,249,1991,590,False,5
3544,320,3018,6,-984,371,3665,682,False,5
4290,440,4554,-62,-1149,460,5271,794,False,5
3600,-404,5779,-488,-896,-127,5820,959,False,5
4097,-1129,5425,-421,-918,-213,5891,973,False,5
3736,-802,5393,-295,-1090,-149,5609,1006,False,5
3017,-457,5241,-195,-1183,-54,5064,1045,False,5
2269,155,4809,-127,-1103,-32,4319,1058,False,5
1358,251,3810,-184,-981,-150,3052,1048,False,5
430,220,2861,-349,-845,-374,1901,1036,False,5
-365,187,2364,-367,-730,-466,1399,1016,False,5
-849,-112,2332,-211,-629,-437,1484,972,False,5
-1378,-233,1948,-83,-405,-282,1397,877,False,5
-1509,-301,1879,-19,-175,-157,1428,749,False,5
-1428,-161,1783,54,14,-64,1290,616,False,5
-1089,-171,1464,86,239,58,832,545,False,5
-584,-17,1249,127,417,126,378,526,False,5
-71,25,1214,201,470,137,216,527,False,5
333,33,1385,243,551,129,424,544,False,5
939,-11,1588,284,706,151,844,590,False,5
1490,-73,1976,306,796,131,1475,644,False,5
2025,-160,2500,223,762,39,2221,674,False,5
2497,-200,3178,79,936,-69,3046,728,False,5
3000,-378,3507,-78,996,-54,3630,782,False,5
2982,213,3905,0,1026,62,3917,831,False,5
4269,611,5254,218,1029,-152,5797,951,False,5
3985,588,4822,81,1012,-286,5283,971,False,5
3689,382,3755,22,929,-284,4277,971,False,5
3019,587,2624,2,726,-229,3979,929,True,5
286,1108,1874,-129,313,72,1195,160,False,5
-106,1183,2492,-83,546,10,1760,238,False,5
47,803,2555,-17,704,-7,1678,331,False,5
291,766,2541,34,730,-23,1669,411,False,5
357,760,2752,37,775,-87,1877,485,False,5
425,578,2957,-3,825,-169,2042,556,False,5
475,494,3187,-50,879,-202,2259,625,False,5
605,394,3027,-34,929,-182,2111,690,False,5
820,278,2518,-2,932,-142,1662,740,False,5
880,235,1782,18,844,-111,1001,762,False,5
870,221,1045,-14,751,-88,377,761,False,5
-290,-124,256,-234,948,-165,593,807,False,5
796,18,-45,126,494,-85,202,748,False,5
281,-290,-445,-9,280,-41,399,655,False,5
41,218,-604,-93,208,-49,356,571,False,5
327,86,-445,9,113,-5,441,479,False,5
180,83,-612,21,-18,84,356,293,False,5
314,110,-705,-10,-56,102,220,257,False,5
446,170,-654,-22,-165,95,190,244,False,5
604,200,-487,0,-324,58,198,261,False,5
743,180,-212,21,-481,25,206,305,False,5
898,117,211,36,-588,29,70,362,False,5
1145,112,671,28,-611,104,331,413,False,5
1517,157,1166,10,-724,144,919,478,False,5
1900,290,1852,47,-827,192,1669,552,False,5
2517,340,2452,13,-954,254,2530,639,False,5
3137,618,3239,3,-1077,329,3551,736,False,5
4062,970,4122,85,-1183,411,4867,840,False,5
4205,1001,4603,-32,-1162,359,5314,915,False,5
3612,746,4706,-483,-1024,-47,4979,959,False,5
2932,1004,4447,-497,-838,-329,4420,972,False,5
3041,500,3761,-238,-715,-319,3862,941,False,5
3112,161,3305,-97,-754,-222,3542,911,False,5
2761,277,3383,54,-924,-83,3375,915,False,5
2224,344,3416,160,-996,60,3090,934,False,5
1626,597,3068,132,-952,94,2523,940,False,5
870,348,2593,-45,-845,-87,1757,922,False,5
-162,245,2269,-169,-765,-235,1287,901,False,5
-659,-109,1980,-192,-607,-297,1089,861,False,5
-1049,-477,1999,-234,-489,-332,1307,816,False,5
-1486,-319,1881,-207,-238,-216,1418,729,False,5
-1267,-310,1595,-80,53,-77,1060,608,False,5
-697,-449,1427,0,197,1,650,525,False,5
-290,-444,1545,0,313,71,633,484,False,5
147,-412,1644,30,492,142,701,490,False,5
900,-640,1860,23,663,189,1163,529,False,5
1701,-544,2506,-39,797,235,2077,590,False,5
2618,-309,3130,-65,931,310,3092,668,False,5
3594,-33,3761,-87,1074,328,4202,760,False,5
4415,327,4358,-144,1102,264,5212,836,False,5
4754,579,4976,-187,1165,242,5906,910,False,5
5010,954,5143,-101,1176,284,6242,970,False,5
5102,1414,5143,133,1145,317,6381,1015,False,5
4827,969,3969,252,1151,184,5323,1050,False,5
4068,601,2781,37,959,-33,3964,1032,False,5
3171,783,2183,30,751,-24,2928,976,False,5
2630,558,1579,198,609,46,2117,909,False,5
2082,312,940,229,488,6,3284,835,True,5
409,1190,1372,-56,184,-55,861,96,False,5
435,1203,1512,2,328,-92,980,144,False,5
628,1027,1751,-26,389,-184,1124,202,False,5
654,912,1908,-127,471,-252,1213,271,False,5
605,856,2255,-213,542,-308,1486,348,False,5
731,792,2556,-192,664,-284,1773,428,False,5
853,754,2794,-121,751,-240,2017,502,False,5
1018,671,2845,-74,846,-214,2095,576,False,5
1121,525,2668,-93,916,-208,1941,649,False,5
1128,499,2231,-93,963,-176,1549,716,False,5
1150,389,1443,-68,960,-123,885,767,False,5
1062,240,821,-50,892,-67,363,792,False,5
929,178,326,-48,772,-43,0,789,False,5
849,116,-136,-51,632,-18,132,758,False,5
738,151,-443,-46,457,23,126,698,False,5
600,188,-690,-12,283,53,66,616,False,5
439,212,-839,21,179,49,29,530,False,5
402,231,-784,41,38,33,89,436,False,5
340,212,-727,52,-53,25,169,365,False,5
332,171,-714,30,-130,15,194,318,False,5
351,154,-689,-18,-203,3,211,295,False,5
475,148,-561,-52,-306,7,250,298,False,5
641,202,-402,-19,-408,-4,216,320,False,5
835,240,-163,16,-540,-13,116,364,False,5
1081,249,272,40,-703,3,142,432,False,5
1372,253,711,55,-764,67,565,499,False,5
1902,388,1203,66,-816,155,1283,566,False,5
2646,502,1874,128,-954,243,2281,651,False,5
3473,748,2744,163,-1114,394,3488,759,False,5
4361,1246,3813,204,-1182,578,4925,873,False,5
4452,1277,4277,102,-1113,628,5304,955,False,5
3669,742,4192,-497,-921,139,4620,975,False,5
3005,906,3955,-565,-742,-171,4049,969,False,5
3689,511,3276,-275,-630,-141,3960,916,False,5
4089,26,3099,-139,-793,-67,4130,894,False,5
3611,323,3280,-74,-990,16,3888,913,False,5
3212,653,3437,104,-1085,192,3749,952,False,5
2549,892,3125,157,-1029,303,3130,978,False,5
1730,1005,2475,72,-900,251,2182,970,False,5
1035,863,1919,-124,-755,62,1344,929,False,5
532,694,1618,-257,-625,-83,839,879,False,5
13,667,1898,-269,-614,-161,1011,841,False,5
-669,499,2086,-227,-608,-206,1246,809,False,5
-1272,252,2259,-195,-589,-258,1604,781,False,5
-1263,112,2248,-89,15,-169,1580,663,False,5
-668,-73,1813,34,230,-106,933,581,False,5
-266,-99,1488,49,367,-59,514,540,False,5
282,-2,1460,39,522,-34,486,536,False,5
832,169,1534,46,659,-33,753,561,False,5
1489,206,1736,66,764,-23,1296,602,False,5
2245,52,2105,74,867,-19,2077,656,False,5
3104,-56,2758,-43,1008,-79,3152,727,False,5
4124,-147,3553,-212,1096,-90,4445,805,False,5
4425,259,3528,-329,1208,-20,4665,894,False,5
4703,678,3701,-298,1092,41,5022,942,False,5
4922,915,4268,-175,989,141,5578,956,False,5
5015,1222,4273,-8,975,183,5700,963,False,5
4540,998,3736,-85,957,28,4963,963,False,5
3857,1030,3049,-265,952,-87,4023,968,False,5
3333,1227,2513,-199,837,-31,4038,947,True,5
509,922,2077,-387,276,-113,1328,197,False,5
501,1038,2750,-242,597,-97,1981,288,False,5
825,731,3092,-70,781,-87,2282,388,False,5
1164,706,3238,-2,929,-89,2512,497,False,5
1341,660,3354,-35,1016,-150,2671,603,False,5
1445,502,3300,-78,1071,-188,2637,700,False,5
1483,311,3068,-97,1087,-181,2421,781,False,5
1528,135,2404,-89,1092,-140,1851,846,False,5
1479,48,1452,-51,1037,-70,1073,884,False,5
1314,0,759,-33,873,5,517,882,False,5
1058,44,209,54,714,60,79,849,False,5
917,34,-337,54,484,61,22,777,False,5
632,66,-586,55,302,38,135,683,False,5
400,91,-605,56,173,0,269,583,False,5
192,109,-536,47,49,-12,420,480,False,5
134,122,-474,42,-23,-5,492,393,False,5
104,75,-514,26,-41,4,470,324,False,5
137,55,-589,-20,-70,23,392,274,False,5
225,82,-633,-42,-129,41,323,248,False,5
367,127,-583,-44,-227,45,299,245,False,5
552,167,-443,-20,-360,34,272,268,False,5
767,208,-216,4,-515,18,176,318,False,5
1056,245,113,21,-659,15,89,386,False,5
1456,367,522,67,-781,47,589,465,False,5
2013,707,1273,172,-928,101,1484,562,False,5
2409,863,1925,229,-1043,170,2202,666,False,5
3062,790,2025,99,-968,194,2755,731,False,5
4176,1071,2705,66,-1120,209,4089,813,False,5
4869,1323,3337,148,-1245,251,5049,906,False,5
5050,1209,3460,79,-1174,244,5239,965,False,5
4768,1211,3343,-175,-974,97,4947,970,False,5
4414,1167,3243,-244,-870,-68,4600,957,False,5
4182,927,2959,-101,-803,-85,4206,928,False,5
3839,638,2867,8,-854,-29,3833,913,False,5
3255,842,2873,79,-898,47,3422,911,False,5
2576,923,2568,116,-880,85,2752,907,False,5
1770,769,2252,-84,-866,-58,1965,900,False,5
965,552,2153,-335,-775,-278,1423,897,False,5
60,358,2361,-371,-638,-422,1388,888,False,5
-779,-238,2419,-314,-413,-456,1552,848,False,5
-1127,-773,1912,-331,-123,-412,1350,787,False,5
-842,-835,1585,-284,108,-318,979,717,False,5
-916,-882,1326,-180,156,-152,837,630,False,5
-598,-738,1302,5,237,37,611,552,False,5
-262,-599,1267,140,360,176,425,526,False,5
223,-477,1340,191,475,237,439,534,False,5
746,-490,1488,170,601,248,735,561,False,5
1248,-450,1593,105,736,261,1073,606,False,5
1737,-259,2129,94,845,282,1759,664,False,5
2648,-143,2893,155,985,316,2924,740,False,5
3550,-344,3603,77,1143,258,4069,827,False,5
4030,-482,4032,-69,1250,237,4721,916,False,5
4180,189,4301,32,1212,330,5000,984,False,5
4294,478,4523,225,1064,320,5254,1014,False,5
4064,686,4607,271,951,167,5181,1011,False,5
3890,519,4437,204,888,-61,4923,991,False,5
3484,484,3891,-39,888,-308,4245,981,False,5
2851,334,2790,-225,865,-378,3002,979,False,5
2568,848,2524,-97,710,-169,2699,930,False,5
2198,732,1883,136,625,-4,3308,872,True,5
685,1539,980,-183,2,-130,948,106,False,5
630,1555,1394,-167,161,-211,1181,147,False,5
528,1309,1950,-313,383,-340,1407,238,False,5
583,1269,2667,-379,712,-402,2010,370,False,5
959,933,2966,-202,891,-332,2253,491,False,5
1087,639,2972,-50,926,-257,2228,585,False,5
1106,433,2946,-18,980,-232,2176,669,False,5
1154,275,2675,-111,1009,-251,1926,744,False,5
1086,242,2066,-178,1031,-221,1346,809,False,5
1195,237,1088,-159,933,-137,633,838,False,5
977,276,531,20,730,-11,145,817,False,5
776,135,19,165,579,26,212,774,False,5
650,31,-486,95,435,-25,187,708,False,5
474,130,-606,7,268,-81,219,622,False,5
275,178,-611,-16,103,-97,306,526,False,5
199,190,-525,4,14,-79,407,437,False,5
141,161,-532,22,-51,-48,426,364,False,5
183,115,-598,19,-91,-7,364,310,False,5
296,108,-581,0,-160,32,339,280,False,5
421,207,-483,-1,-255,48,326,276,False,5
581,320,-326,42,-396,41,260,301,False,5
762,358,-41,128,-576,48,157,359,False,5
924,365,329,213,-690,104,46,433,False,5
1205,399,467,194,-646,177,352,485,False,5
1926,551,866,136,-693,221,1182,536,False,5
2426,853,1595,135,-882,297,2026,617,False,5
3065,1103,2173,163,-893,394,2915,691,False,5
3863,1374,2951,195,-913,509,4051,765,False,5
3835,1397,3437,84,-1000,502,4335,837,False,5
3674,1112,3356,-244,-854,281,4098,855,False,5
3416,1235,3315,-305,-758,111,3917,849,False,5
3521,817,2771,-163,-680,85,3554,820,False,5
3639,495,2658,-167,-761,54,3533,812,False,5
3361,518,2864,-148,-860,52,3446,824,False,5
2876,543,2915,-114,-868,80,3130,835,False,5
2281,677,2853,-77,-837,113,2714,838,False,5
1472,793,2454,-30,-776,141,1969,828,False,5
699,701,1868,-70,-696,103,1114,803,False,5
206,661,1549,-207,-612,-30,696,772,False,5
-516,733,1845,-226,-564,-155,1051,743,False,5
-908,410,1916,-158,-467,-202,1159,701,False,5
-1302,280,2093,-54,-238,-176,1480,620,False,5
-935,-2,1712,104,-3,-80,950,522,False,5
-517,-40,1635,175,154,-28,715,465,False,5
-276,28,1560,181,286,6,584,439,False,5
250,104,1466,154,472,-4,490,450,False,5
839,57,1581,88,561,-58,790,474,False,5
1396,79,1742,15,655,-79,1233,511,False,5
2161,273,2051,-33,769,-95,1991,564,False,5
2801,203,2622,-41,820,-104,2842,616,False,5
3524,122,3045,-99,952,-42,3658,685,False,5
4119,316,3526,-130,1065,-3,4431,762,False,5
4829,341,3934,-53,1098,78,5237,830,False,5
5299,558,3854,180,1160,253,5576,904,False,5
5074,498,3246,422,1071,234,5044,958,False,5
4660,380,2702,351,901,44,4400,959,False,5
4089,512,2257,242,725,-110,3698,922,False,5
3354,263,1482,26,561,-320,2676,867,False,5
2581,240,1004,-260,515,-420,1779,836,False,5
1794,491,765,-320,434,-367,2826,799,True,5
589,1805,1365,-31,43,-34,1338,59,False,5
322,1952,1672,-16,218,-197,1590,106,False,5
688,1594,2183,-210,505,-359,1789,216,False,5
757,1351,2789,-311,679,-440,2190,346,False,5
1213,1054,3492,-250,964,-399,2844,491,False,5
1402,514,3686,-152,1053,-297,2976,613,False,5
1527,436,3488,-170,1142,-263,2832,727,False,5
1683,401,2930,-163,1171,-206,2402,822,False,5
1606,333,2035,-127,1114,-144,1613,883,False,5
1501,299,1221,-89,973,-79,957,903,False,5
1284,321,562,-7,823,-9,437,887,False,5
1231,202,-175,78,636,33,259,837,False,5
966,142,-568,65,383,11,129,747,False,5
649,188,-610,73,212,-6,89,643,False,5
237,158,-535,37,-30,23,393,363,False,5
260,172,-616,29,-52,61,309,307,False,5
386,208,-693,18,-102,79,179,272,False,5
526,221,-647,11,-219,52,137,262,False,5
678,189,-481,0,-378,-4,147,285,False,5
825,230,-180,1,-562,-42,124,341,False,5
1095,272,254,54,-696,-18,156,412,False,5
1399,257,728,94,-769,64,597,485,False,5
1825,321,1238,86,-802,162,1228,552,False,5
2496,412,1768,53,-850,240,2086,619,False,5
3400,469,2814,23,-967,322,3438,699,False,5
4301,583,4293,-8,-1119,409,5104,797,False,5
4257,484,5646,-98,-1161,447,6087,887,False,5
3218,700,5460,-362,-928,264,5376,915,False,5
2243,715,4777,-383,-728,-15,4325,897,False,5
2787,41,4049,-385,-551,-216,3915,858,False,5
3372,-254,3550,-288,-657,-211,3902,836,False,5
3014,-208,3743,-135,-974,-109,3810,867,False,5
2398,76,3950,-8,-1094,43,3621,912,False,5
1741,299,3538,14,-969,170,2954,926,False,5
1097,565,2812,-71,-878,101,2070,918,False,5
499,423,2138,-273,-775,-149,1235,901,False,5
-277,576,1905,-362,-660,-310,1009,884,False,5
-763,553,1868,-256,-535,-322,1092,842,False,5
-1231,435,1608,-128,-352,-285,1071,767,False,5
-944,-16,1090,101,80,-98,442,488,False,5
-641,-81,1023,162,217,-20,209,445,False,5
-243,-125,956,169,352,8,5,434,False,5
152,-180,1030,141,455,1,56,442,False,5
541,-237,1215,97,539,-4,350,463,False,5
927,-234,1501,53,620,14,779,495,False,5
1422,-153,1954,63,714,37,1421,539,False,5
2093,-54,2631,74,810,52,2362,594,False,5
2787,77,3474,18,945,33,3454,664,False,5
3430,-45,3973,-22,1082,37,4248,748,False,5
4116,453,4031,-19,1104,58,4778,819,False,5
4666,829,4558,99,1022,28,5575,861,False,5
4408,236,3856,-71,1028,-114,4861,896,False,5
3951,741,3610,-182,921,-87,4402,905,False,5
3569,906,3163,90,843,72,3854,894,False,5
3363,804,2326,171,706,3,3167,860,False,5
2746,773,1654,-32,587,-199,3369,812,True,5
605,1227,1493,59,42,-123,1024,101,False,5
192,1036,1956,-23,334,-174,1221,156,False,5
816,909,2258,-143,634,-171,1567,259,False,5
1059,1018,2274,-143,681,-194,1707,351,False,5
1136,986,2590,-112,749,-240,1995,440,False,5
1245,786,2916,-168,874,-258,2266,537,False,5
1382,873,3119,-203,938,-265,2521,628,False,5
1381,741,2935,-181,1005,-234,2327,712,False,5
1358,585,2481,-159,1009,-190,1888,777,False,5
1234,492,1793,-120,982,-128,1231,821,False,5
1109,346,1022,-86,898,-54,547,837,False,5
944,259,512,-21,773,-3,104,824,False,5
772,155,73,-6,639,15,209,787,False,5
629,131,-275,-34,500,20,301,730,False,5
465,163,-471,-40,339,40,318,652,False,5
305,205,-586,6,227,51,308,568,False,5
245,175,-631,49,148,56,300,487,False,5
199,149,-627,52,64,58,325,410,False,5
243,150,-635,47,8,65,303,344,False,5
337,120,-674,27,-51,68,236,293,False,5
393,181,-631,3,-147,71,234,267,False,5
453,256,-526,24,-269,59,260,268,False,5
578,266,-336,45,-423,24,280,300,False,5
663,267,-78,51,-562,-2,281,353,False,5
806,193,352,62,-655,20,99,414,False,5
942,329,809,51,-740,47,284,479,False,5
1038,342,1214,2,-844,5,633,552,False,5
1446,537,1559,45,-880,61,1193,618,False,5
1987,703,2166,152,-988,145,2022,696,False,5
2564,916,2962,147,-1101,216,3023,783,False,5
3013,1075,3220,167,-1052,304,3538,848,False,5
3572,920,3551,84,-1102,282,4120,906,False,5
2966,776,3562,-172,-1013,100,3699,931,False,5
2432,705,3283,-394,-813,-167,3146,929,False,5
2229,802,2859,-311,-641,-283,2712,896,False,5
2345,617,2329,-105,-576,-275,2362,846,False,5
2072,293,1916,-59,-611,-281,1837,812,False,5
1657,96,1765,-118,-629,-295,1422,790,False,5
1161,158,1797,-64,-611,-232,1145,763,False,5
716,174,1734,67,-544,-118,884,722,False,5
