0,0,0,0,0,0,1,1
0,0,0,0,0,0,2,1
0,0,0,0,0,0,3,1
0,0,0,0,0,0,4,1
-314,1043,-430,108,97,31,5,1
-146,1081,-648,344,-29,27,6,1
-475,622,-448,296,-65,-13,7,1
-205,870,-404,286,65,8,8,1
-331,759,-708,297,-6,15,9,1
-156,770,-813,240,3,-36,10,1
-259,436,-664,262,-42,-16,11,1
55,542,-844,70,76,32,12,1
-30,373,-841,68,33,11,13,1
-115,348,-741,84,59,9,14,1
-79,209,-827,73,102,43,15,1
-73,68,-978,26,70,63,16,1
-26,261,-917,-14,108,74,17,1
97,419,-811,29,126,34,18,1
167,236,-1033,55,82,0,19,1
113,190,-980,15,56,2,20,1
70,331,-838,12,45,19,21,1
92,389,-809,39,87,3,22,1
222,293,-956,46,47,11,23,1
116,266,-904,20,30,13,24,1
203,341,-867,5,38,10,25,1
191,306,-872,29,7,8,26,1
160,255,-830,12,12,9,27,1
178,251,-804,7,17,14,28,1
210,328,-872,-15,34,9,29,1
214,319,-880,1,8,5,30,1
189,301,-834,15,5,9,31,1
204,304,-837,-4,17,11,32,1
220,329,-825,1,17,6,33,1
209,314,-820,18,-1,2,34,1
225,311,-845,13,17,6,35,1
181,276,-795,3,-4,2,36,1
237,329,-832,3,20,9,37,1
190,332,-790,2,3,2,38,1
254,324,-838,8,18,3,39,1
185,323,-799,5,8,3,40,1
272,332,-867,7,14,7,41,1
210,352,-789,-2,2,1,42,1
256,342,-813,30,-4,-1,43,1
185,312,-804,11,11,0,44,1
261,320,-839,9,1,2,45,1
223,360,-815,19,10,0,46,1
219,308,-803,15,-14,-7,47,1
222,299,-816,15,16,0,48,1
206,314,-800,1,0,0,49,1
249,325,-804,16,11,3,50,1
204,344,-798,12,2,-2,51,1
247,321,-825,21,8,-2,52,1
225,316,-814,17,7,0,53,1
232,349,-813,8,-6,-5,54,1
239,330,-818,25,4,-1,55,1
196,298,-804,10,1,-1,56,1
232,345,-793,12,10,0,57,1
233,317,-795,14,-2,-3,58,1
226,333,-821,12,17,0,59,1
226,311,-816,14,-7,-2,60,1
235,336,-796,18,4,2,61,1
198,336,-794,12,7,3,62,1
239,336,-820,12,9,2,63,1
261,356,-820,23,0,-3,64,1
190,298,-794,19,-6,0,65,1
912,334,365,-183,-112,-65,1,1
852,358,358,-181,-146,-51,2,1
746,371,399,-154,-109,-24,3,1
741,359,416,-153,-55,-13,4,1
721,402,368,-189,-78,-20,5,1
709,385,388,-175,-83,-2,6,1
811,388,561,-213,-95,3,7,1
582,480,1114,-116,-117,30,8,1
348,281,1841,81,168,154,9,1
167,429,2842,283,489,208,10,1
3922,-1242,-3922,406,968,325,11,1
995,353,463,-153,-186,26,12,1
962,229,382,-118,-95,16,13,1
1003,226,316,-160,-69,-16,14,1
947,231,311,-183,-104,-34,15,1
863,279,348,-197,-87,-46,16,1
789,325,383,-152,-40,-48,17,1
852,285,294,-101,37,-47,18,1
1030,211,290,-68,79,-36,19,1
1129,197,299,-53,54,-25,20,1
990,206,223,-6,15,1,21,1
932,136,170,19,71,8,22,1
1064,102,164,28,79,8,23,1
1157,82,187,57,44,27,24,1
1163,27,251,66,10,30,25,1
1131,-33,287,7,-17,0,26,1
1068,6,336,-43,-30,-17,27,1
1002,23,345,-21,-12,-14,28,1
1007,-34,329,0,0,-17,29,1
1033,-77,316,3,-4,-18,30,1
988,-92,326,0,-22,-8,31,1
960,-115,319,1,5,7,32,1
1022,-96,307,3,32,30,33,1
1050,-53,286,2,11,47,34,1
1053,-21,271,-11,14,49,35,1
1041,48,230,-20,8,50,36,1
1040,102,201,-10,12,48,37,1
1074,108,175,0,7,34,38,1
1121,43,185,0,-5,16,39,1
1167,-12,235,-35,-28,-1,40,1
984,-12,246,-62,-71,-10,41,1
822,40,209,-65,-26,-11,42,1
857,94,105,-4,27,6,43,1
955,22,36,55,37,21,44,1
1043,-4,37,71,17,41,45,1
1095,17,97,40,-17,32,46,1
1069,29,164,0,-41,1,47,1
988,69,167,-22,-35,-22,48,1
983,113,152,-1,-3,-34,49,1
999,93,160,38,-7,-42,50,1
1019,11,180,56,-8,-51,51,1
990,-49,193,55,-14,-50,52,1
965,-79,161,40,2,-47,53,1
973,-31,126,36,11,-40,54,1
1008,-12,93,43,6,-45,55,1
982,-52,71,52,-11,-53,56,1
1020,-126,78,41,13,-58,57,1
1077,-133,86,24,7,-52,58,1
1024,-77,88,35,-1,-34,59,1
973,-47,69,70,10,-11,60,1
930,-66,46,84,7,2,61,1
919,-85,27,64,22,5,62,1
951,-37,10,39,19,15,63,1
966,37,19,22,4,23,64,1
1002,111,58,30,16,22,65,1
887,127,652,147,-78,-21,1,1
824,158,796,137,-35,-22,2,1
705,154,755,199,-16,-5,3,1
755,41,681,196,101,-2,4,1
934,-29,741,113,137,-22,5,1
884,-37,834,-8,43,-43,6,1
731,54,1020,-29,91,4,7,1
803,188,1424,3,265,56,8,1
836,324,1600,227,429,134,9,1
1132,-33,1374,440,696,224,10,1
3922,-1101,-3922,1031,-670,547,11,1
839,269,522,209,-124,-29,12,1
842,209,472,193,-68,-39,13,1
927,185,487,164,-35,-52,14,1
862,129,489,173,-46,-67,15,1
736,64,398,129,-8,-89,16,1
789,51,347,84,77,-107,17,1
912,-19,287,67,68,-121,18,1
971,-52,286,66,36,-100,19,1
941,-49,312,90,11,-34,20,1
976,-60,405,67,36,3,21,1
990,16,486,59,8,42,22,1
870,120,726,117,45,70,23,1
785,166,967,240,288,65,24,1
997,-9,1065,355,609,115,25,1
1702,-6,327,507,808,218,26,1
934,-112,-493,83,101,-1,27,1
462,-437,-1025,448,-378,-19,28,1
1188,-153,-484,-143,974,-44,29,1
2403,113,-184,-16,129,64,30,1
1274,167,-332,41,-536,17,31,1
1195,143,131,-108,-124,-76,32,1
1293,187,496,-50,-303,-128,33,1
929,2,332,-42,-307,-119,34,1
996,162,210,-69,-37,-112,35,1
1076,198,212,16,-145,-81,36,1
897,83,240,43,-160,-67,37,1
871,38,251,21,-97,-44,38,1
847,69,313,-23,-128,-25,39,1
767,130,413,-35,-81,-6,40,1
776,117,440,-27,-20,7,41,1
763,106,440,-53,-14,19,42,1
771,178,469,-78,21,32,43,1
801,265,451,-55,41,46,44,1
800,322,469,-8,75,68,45,1
843,354,513,5,119,62,46,1
944,363,568,-23,171,27,47,1
992,390,628,-33,196,17,48,1
944,443,1053,64,301,60,49,1
972,384,976,261,553,95,50,1
1427,82,544,328,680,134,51,1
1917,-188,-2300,-182,286,-55,52,1
363,-546,336,-278,-323,-139,53,1
864,430,-86,-568,328,-122,54,1
1700,675,-220,283,278,207,55,1
1386,-7,106,89,-423,16,56,1
1062,205,507,-70,-335,-89,57,1
931,136,761,-27,-243,-27,58,1
844,262,451,-37,-132,-25,59,1
996,269,313,-33,-12,-33,60,1
1011,281,389,24,-143,-15,61,1
832,223,484,64,-154,-6,62,1
786,149,506,73,-75,7,63,1
788,152,492,28,-59,9,64,1
779,206,547,8,-22,9,65,1
1033,445,913,-176,-319,-48,1,1
1050,191,932,86,-217,19,2,1
827,-19,857,86,-181,31,3,1
858,-14,688,-27,-24,14,4,1
896,189,657,-56,-82,7,5,1
785,184,642,-35,-121,6,6,1
724,153,654,-87,-122,-20,7,1
687,299,749,-149,-83,-42,8,1
1772,437,-232,365,485,210,9,1
2254,-1494,-1277,-101,77,190,10,1
493,-385,377,-442,-428,-352,11,1
762,126,544,-93,-113,-48,12,1
730,180,617,-111,-80,-39,13,1
717,255,637,-83,12,-29,14,1
735,229,592,-37,77,-14,15,1
775,214,536,-19,117,2,16,1
826,249,495,11,145,24,17,1
889,268,447,76,168,50,18,1
951,272,513,171,191,87,19,1
1033,202,555,273,267,149,20,1
1217,201,243,424,338,216,21,1
2840,451,-1767,570,254,251,22,1
1749,-534,-477,-151,128,43,25,1
1389,-76,1,-516,-344,-52,26,1
1250,384,135,-312,-258,4,27,1
1211,421,341,-151,-294,-31,28,1
996,278,402,4,-284,-33,29,1
904,140,415,24,-165,-5,30,1
788,228,454,39,-154,41,31,1
716,285,453,53,-73,38,32,1
723,201,421,79,-35,29,33,1
707,161,387,32,-16,16,34,1
720,203,396,-12,12,4,35,1
753,219,426,-37,33,-10,36,1
797,242,465,-57,49,-26,37,1
879,294,495,-44,81,-36,38,1
951,390,535,46,112,-29,39,1
982,374,553,176,164,-17,40,1
1069,219,514,282,263,-12,41,1
1179,81,407,320,317,-14,42,1
1570,10,-405,361,362,4,43,1
1730,-805,-2003,697,-113,492,44,1
294,-1060,-377,-290,-216,-289,45,1
1036,78,-12,77,580,-64,46,1
1627,-145,-104,-39,120,-50,47,1
1024,70,-29,-95,-190,-11,48,1
1176,51,41,-133,0,11,49,1
1203,192,271,-185,-285,-47,50,1
889,118,381,-154,-290,-63,51,1
852,95,371,-181,-158,-75,52,1
781,133,365,-197,-114,-61,53,1
789,216,351,-170,-25,-43,54,1
836,268,310,-101,-6,-29,55,1
832,257,271,-7,20,3,56,1
881,216,223,60,45,36,57,1
886,210,178,85,49,46,58,1
938,146,117,94,94,46,59,1
996,50,84,38,84,32,60,1
1001,91,65,-49,78,14,61,1
1010,184,39,-71,85,11,62,1
1014,207,23,-53,77,13,63,1
995,211,1,-33,60,16,64,1
1029,189,-2,-16,67,20,65,1
1152,1,-31,-71,-68,135,1,1
979,256,271,-127,-127,155,4,1
1036,312,326,-91,-93,174,5,1
1017,355,414,-65,-116,181,6,1
1024,444,465,-54,-82,156,7,1
916,396,470,-77,-81,96,8,1
3922,1008,-888,855,-872,587,9,1
692,-969,-614,923,-1254,54,10,1
658,-661,-624,-226,788,-131,11,1
961,338,303,73,31,-60,12,1
981,293,318,136,20,-47,13,1
935,241,329,169,19,-44,14,1
949,206,324,165,53,-56,15,1
961,199,291,147,70,-69,16,1
997,225,246,143,99,-78,17,1
1036,245,214,163,102,-85,18,1
1057,243,207,199,102,-89,19,1
1080,205,191,238,109,-92,20,1
1108,143,176,267,114,-90,21,1
1118,76,142,286,115,-83,22,1
1127,4,99,287,117,-71,23,1
1120,-54,65,268,106,-51,24,1
1113,-112,9,228,98,-32,25,1
1124,-162,-39,164,76,-21,26,1
1117,-204,-78,90,32,-11,27,1
1090,-198,-52,13,1,-7,28,1
1137,-212,-17,-83,-33,-2,29,1
1136,-148,58,-182,-82,15,30,1
1058,-1,117,-243,-119,33,31,1
1012,74,162,-260,-114,41,32,1
1040,72,205,-283,-134,35,33,1
1053,79,285,-315,-152,31,34,1
1064,127,337,-322,-149,39,35,1
1062,167,357,-301,-151,55,36,1
1037,183,365,-276,-145,69,37,1
1022,191,372,-266,-137,72,38,1
1003,205,382,-258,-132,72,39,1
1007,215,389,-248,-114,74,40,1
1043,225,398,-236,-101,76,41,1
1083,232,408,-224,-92,79,42,1
1085,238,418,-217,-91,79,43,1
1062,242,426,-218,-88,75,44,1
1023,262,435,-224,-83,65,45,1
974,283,428,-224,-66,53,46,1
942,304,412,-211,-39,43,47,1
921,319,381,-182,-19,42,48,1
917,314,345,-139,3,52,49,1
919,313,312,-95,11,66,50,1
932,296,290,-63,25,79,51,1
938,292,271,-53,32,84,52,1
964,308,257,-50,51,85,53,1
1026,335,254,-45,60,82,54,1
1054,361,245,-36,63,74,55,1
1029,393,232,-27,58,57,56,1
1000,404,217,-23,68,26,57,1
1036,391,192,-20,79,-14,58,1
1062,346,166,-12,72,-47,59,1
1051,305,152,-2,61,-64,60,1
1061,257,144,-4,60,-79,61,1
1062,227,138,-19,51,-96,62,1
1057,213,126,-22,45,-101,63,1
1056,196,127,-10,39,-91,64,1
1047,176,131,10,20,-72,65,1
1123,-147,-493,-74,53,18,1,1
1234,-50,-385,-107,15,38,2,1
1207,18,-271,-121,-78,42,3,1
1178,38,-156,-140,-145,46,4,1
1118,73,22,-177,-196,48,5,1
1046,191,200,-196,-210,41,6,1
932,240,271,-174,-188,31,7,1
875,302,242,-149,-122,13,8,1
467,103,1579,247,887,223,9,1
1930,-187,1188,175,1571,362,10,1
1264,1405,-2396,-763,116,-362,11,1
970,156,424,-206,-5,-162,12,1
1020,163,381,-115,-14,-110,13,1
912,141,347,-25,-35,-47,14,1
863,89,303,16,-7,0,15,1
820,57,275,3,-5,23,16,1
805,58,259,-28,18,40,17,1
831,73,242,-58,31,59,18,1
872,111,230,-71,41,86,19,1
977,140,239,-69,51,119,20,1
1072,168,246,-59,52,150,21,1
1161,212,260,-54,48,171,22,1
1196,249,284,-68,32,165,23,1
1184,275,305,-108,21,129,24,1
1107,283,302,-167,5,69,25,1
1056,308,298,-222,16,1,26,1
1055,303,281,-228,22,-35,27,1
1081,279,256,-196,17,-36,28,1
1076,250,244,-150,-7,-18,29,1
1010,212,231,-111,-19,10,30,1
969,163,221,-106,-19,29,31,1
974,141,247,-142,-19,28,32,1
1016,175,305,-180,-22,20,33,1
1041,218,340,-183,-24,27,34,1
1079,250,361,-163,-12,45,35,1
1084,302,369,-149,-20,50,36,1
1049,369,372,-131,-19,37,37,1
986,409,328,-95,-8,12,38,1
1049,341,299,-70,40,-24,39,1
1121,266,287,-68,-5,-56,40,1
872,244,287,-61,-45,-66,41,1
857,219,254,-51,38,-66,42,1
984,252,197,-32,59,-57,43,1
1141,337,128,29,84,-37,44,1
1252,346,97,112,59,-25,45,1
1279,280,105,149,0,-59,46,1
1220,139,107,114,-59,-130,47,1
1166,5,106,12,-75,-212,48,1
1133,-18,126,-77,-90,-260,49,1
1047,-26,121,-89,-99,-261,50,1
944,-106,104,-53,-82,-218,51,1
889,-163,66,-33,-68,-150,52,1
870,-217,35,-28,-45,-64,53,1
923,-198,36,-55,-43,10,54,1
950,-100,77,-82,-63,66,55,1
940,11,98,-99,-54,105,56,1
964,72,106,-106,-36,120,57,1
1020,77,129,-115,-41,129,58,1
1043,68,173,-130,-50,144,59,1
1058,97,219,-143,-44,164,60,1
1057,147,256,-151,-37,180,61,1
1073,204,267,-151,-14,187,62,1
1092,264,254,-138,1,182,63,1
1101,295,233,-121,10,167,64,1
1086,312,220,-114,7,138,65,1
376,-76,6,25,-16,-169,1,1
259,-188,-101,17,-33,-139,2,1
267,-246,-41,9,26,-93,3,1
579,-265,-29,-5,51,-44,4,1
1257,-127,61,-40,92,96,5,1
2030,1012,799,-237,117,179,6,1
2463,2750,1458,-42,-68,146,7,1
209,618,745,-132,184,104,8,1
1415,3579,2716,57,529,340,9,1
2384,3922,3158,95,748,-10,10,1
1484,2286,2096,97,-134,-463,11,1
1959,1692,1904,-203,57,419,12,1
2367,3922,2796,-29,-108,627,13,1
956,2525,1669,-76,-537,-291,14,1
-281,1480,825,-88,38,-154,15,1
1,528,238,273,360,82,16,1
-178,-39,35,231,126,76,17,1
-223,-31,-77,142,304,106,18,1
-4,62,-242,148,289,128,19,1
-20,118,-271,220,192,152,20,1
-6,18,-235,253,166,154,21,1
-24,93,-81,189,93,108,22,1
-60,401,251,185,45,57,23,1
-156,546,912,277,32,43,24,1
58,954,1910,177,226,9,25,1
1225,3922,3057,129,846,366,26,1
2238,3922,2914,406,603,166,27,1
816,1403,2350,321,-484,-296,28,1
373,566,1404,205,489,-246,29,1
1093,107,1058,383,863,49,30,1
901,-78,577,312,284,6,31,1
504,-424,343,278,384,10,32,1
456,-573,32,41,366,-48,33,1
276,-443,-33,-121,223,-42,34,1
301,-255,40,-114,183,32,35,1
409,-142,168,-19,39,109,36,1
540,-22,222,83,58,202,37,1
1051,625,297,129,169,287,38,1
1807,1504,704,190,229,337,39,1
2309,2051,1462,67,-4,263,40,1
1808,2995,1321,-125,-435,-80,41,1
856,2312,743,129,-230,-67,42,1
529,1225,274,142,55,-116,43,1
296,733,-148,170,-45,-55,44,1
-86,356,-385,96,-203,-86,45,1
-580,-87,-194,0,-144,-78,46,1
-624,-97,-75,-53,52,-76,47,1
-579,-282,116,-11,1,-66,48,1
-706,-338,281,-44,7,-51,49,1
-412,-151,413,-100,221,-31,50,1
-45,274,601,5,292,-53,51,1
877,1220,1008,110,654,82,52,1
2509,3922,2751,116,1353,416,53,1
3781,3922,2166,203,150,-335,54,1
1154,1380,1683,291,-720,-277,55,1
270,456,976,197,52,-246,56,1
656,-217,490,227,420,-165,57,1
746,-539,202,153,199,-142,58,1
668,-684,-48,118,194,-74,59,1
768,-880,-322,134,98,-26,60,1
650,-1057,-413,38,-130,14,61,1
473,-711,-281,-96,-172,28,62,1
711,-401,-190,-93,-164,47,63,1
850,-258,0,-59,-306,54,64,1
1582,-116,507,-90,-144,197,65,1
522,2370,1971,-92,550,219,1,1
2284,3922,3156,93,1252,721,2,1
2231,3435,2060,360,-319,-200,3,1
552,609,1434,116,-540,-391,4,1
186,571,716,49,600,-245,5,1
938,-99,249,246,604,-96,6,1
58,778,461,169,296,185,9,1
119,364,222,326,303,208,10,1
-12,12,-4,317,301,180,11,1
806,311,803,176,-77,-265,12,1
532,95,361,83,219,-238,13,1
551,-177,108,73,297,-133,14,1
479,-231,-77,17,207,-58,15,1
373,-130,-186,21,148,22,16,1
336,-44,-217,61,116,68,17,1
394,-77,-222,88,73,92,18,1
396,-51,-147,45,-52,62,19,1
473,47,-9,17,-52,50,20,1
998,536,217,13,52,73,21,1
1903,1252,875,10,190,128,22,1
2176,2467,2083,-161,-181,72,23,1
1289,3107,1388,-197,-632,-62,24,1
406,1831,808,-99,-308,-148,25,1
13,937,350,-96,-82,-147,26,1
-179,429,-75,25,-36,-78,27,1
-303,15,-257,49,53,-24,28,1
-165,-28,-350,31,60,37,29,1
-172,132,-209,-2,-43,10,30,1
-205,77,-104,24,-9,-3,31,1
-193,66,-40,42,-22,-28,32,1
-217,5,75,68,14,-38,33,1
-4,204,239,14,131,-26,34,1
379,1418,1051,-124,128,9,35,1
1135,3922,2363,35,438,292,36,1
1635,3807,1765,81,94,-177,37,1
418,1437,1305,-2,-417,-333,38,1
23,843,894,72,494,-194,39,1
857,155,419,245,682,-69,40,1
654,-213,183,239,240,-53,41,1
437,-430,-50,240,358,-11,42,1
689,-633,-319,153,360,0,43,1
674,-538,-394,-2,77,-30,44,1
658,-322,-256,-43,-38,-31,45,1
670,-214,-9,-31,-217,-27,46,1
882,-185,269,15,-211,6,47,1
1832,756,1691,-143,3,164,48,1
1679,3922,3140,-235,-590,416,49,1
604,3922,2026,-87,-756,-121,50,1
23,1571,938,2,63,-140,51,1
382,514,202,143,316,18,52,1
278,16,-160,103,-58,70,53,1
-94,-25,-205,32,-26,150,54,1
24,113,-308,12,91,169,55,1
20,126,-317,43,-45,142,56,1
-186,57,-253,58,-98,116,57,1
-277,16,-216,37,-78,95,58,1
-510,188,-125,1,-159,40,59,1
-707,538,229,26,-88,16,60,1
-461,1449,777,116,32,-4,61,1
304,3605,1696,187,399,45,62,1
1807,3922,2292,208,1051,307,63,1
1625,2744,1806,153,-185,-319,64,1
368,690,1429,46,-345,-343,65,1
1377,3641,1706,-126,-167,243,1,1
695,3320,1134,-61,-367,-95,2,1
59,1569,658,-8,-38,-58,3,1
54,963,195,34,162,36,4,1
25,503,-105,23,56,30,5,1
-108,326,-158,40,98,71,6,1
61,214,-231,46,143,41,7,1
23,-57,-248,85,-50,-21,8,1
681,-139,285,166,315,-58,9,1
648,-596,-64,114,259,-70,10,1
595,-786,-335,19,177,-51,11,1
-147,-87,-98,89,216,36,12,1
-195,-54,-128,-30,0,69,13,1
-430,204,-3,61,-53,117,14,1
-515,97,79,151,2,111,15,1
-451,16,126,102,65,70,16,1
-396,166,234,31,107,8,17,1
-292,395,362,80,183,-3,18,1
-70,616,525,112,242,-4,19,1
434,2357,1250,38,373,19,20,1
1546,3922,2006,217,826,337,21,1
2208,3628,1607,133,195,-213,22,1
716,1148,1276,46,-506,-434,23,1
152,458,804,35,302,-285,24,1
830,-236,397,134,701,-146,25,1
780,-519,68,65,173,-137,26,1
272,-574,-96,79,166,-37,27,1
468,-573,-300,51,359,12,28,1
562,-538,-350,19,74,33,29,1
380,-499,-230,-21,-15,64,30,1
469,-282,-64,-62,-64,105,31,1
611,386,200,20,-47,182,32,1
1670,1672,889,98,338,372,33,1
2482,3775,1977,-119,5,525,34,1
1045,3922,1721,-228,-903,-203,35,1
-383,1988,1143,46,-252,-186,36,1
87,739,371,238,569,25,37,1
359,31,-104,242,85,13,38,1
-274,-292,-152,81,-38,-47,39,1
-90,-182,-230,-16,221,-15,40,1
56,0,-141,40,-32,18,41,1
-264,-37,-5,104,-24,34,42,1
-147,-191,-56,78,27,28,43,1
-91,34,45,25,-13,32,44,1
109,628,265,-7,21,71,45,1
553,2249,1098,-57,163,99,46,1
1231,3922,2025,-26,442,148,47,1
1617,3695,1285,140,89,-178,48,1
525,1014,1022,152,-332,-316,49,1
103,419,680,85,300,-224,50,1
543,-66,320,98,461,-126,51,1
544,-269,61,81,292,-72,52,1
504,-386,-217,88,311,-3,53,1
600,-452,-407,63,252,33,54,1
635,-423,-442,-2,79,50,55,1
466,-183,-327,-33,-88,51,56,1
507,1,-152,25,-99,93,57,1
902,352,210,66,-88,180,58,1
1630,1765,1152,14,79,296,59,1
2024,3525,1646,-16,-78,319,60,1
1393,2958,1165,-118,-418,-53,61,1
327,1504,683,-137,-438,-193,62,1
-173,726,314,-11,-108,-58,63,1
-164,191,3,53,73,-7,64,1
-135,-34,-171,20,56,33,65,1
359,-236,2,84,229,-38,1,1
407,-330,-150,82,225,-10,2,1
408,-394,-244,28,118,12,3,1
329,-231,-252,-9,38,46,4,1
195,282,-324,139,38,48,5,1
49,173,-297,70,2,0,6,1
-29,31,-173,-5,-56,-66,7,1
-190,-74,-29,-70,-74,-108,8,1
-130,8,66,-71,23,-84,9,1
90,507,166,12,33,16,10,1
469,1643,523,58,130,146,11,1
390,-1,-98,-21,-121,62,12,1
553,130,-29,52,-122,110,13,1
1137,635,334,17,-73,202,14,1
1632,2603,1403,-119,-50,305,15,1
1565,3922,1217,-125,-279,97,16,1
845,2524,683,-22,-276,-119,17,1
255,1028,406,22,-210,-109,18,1
-41,443,148,52,-78,-34,19,1
-70,138,39,0,59,-9,20,1
-1,162,5,-49,17,2,21,1
-52,264,36,-18,-26,11,22,1
-42,252,21,43,5,37,23,1
-40,143,-19,65,-9,25,24,1
94,762,188,-42,49,2,27,1
298,1550,557,-74,85,11,28,1
909,3590,1203,-73,361,68,29,1
1511,3846,1204,100,229,-100,30,1
660,1696,1014,109,-272,-280,31,1
187,943,713,103,222,-184,32,1
622,361,348,163,369,-93,33,1
448,-18,177,134,118,-80,34,1
336,-303,44,80,213,-34,35,1
449,-312,-142,9,197,-1,36,1
494,-135,-239,16,108,44,37,1
534,-131,-244,43,-16,59,38,1
438,-181,-85,17,-138,59,39,1
526,69,68,-1,-129,79,40,1
846,414,293,10,-90,132,41,1
1514,1885,1059,-105,23,178,42,1
1620,3751,1287,-43,-297,282,43,1
846,2850,786,-78,-417,-55,44,1
291,1565,405,-100,-142,-103,45,1
128,923,90,-12,-77,-50,46,1
-1,387,-116,53,-60,-16,47,1
-77,48,-209,41,-43,2,48,1
-89,-39,-206,-9,-52,-1,49,1
-137,0,-167,-36,-83,-33,50,1
-182,-14,-127,0,-83,-34,51,1
-76,-6,-9,8,-66,-29,52,1
-35,293,228,-9,-100,-4,53,1
207,1516,842,-8,38,81,54,1
1035,3684,1610,139,317,307,55,1
1317,3300,1306,47,-44,-62,56,1
474,549,284,138,296,-53,59,1
359,168,117,195,191,-30,60,1
358,-168,-40,162,288,-2,61,1
501,-172,-292,125,249,-12,62,1
639,-452,-575,146,180,30,63,1
646,-393,-421,34,-60,36,64,1
366,-8,-113,-30,-182,51,65,1
-313,175,-22,-79,-55,-14,1,1
-399,162,166,-1,-77,-20,2,1
-358,190,183,46,14,-2,3,1
-75,332,170,-3,102,-12,4,1
192,703,330,-116,62,-41,5,1
411,2014,862,-166,100,-17,6,1
1444,3922,1487,75,814,193,7,1
2530,3202,1226,217,317,-175,8,1
1103,1212,1012,153,-610,-362,9,1
1550,1571,921,-32,-18,229,10,1
1804,3922,1888,-55,-177,534,11,1
-432,1631,802,47,81,148,12,1
255,3922,1534,124,344,126,13,1
1300,3922,1658,65,554,-58,14,1
953,2727,1464,91,-16,-319,15,1
414,931,1231,104,256,-323,16,1
937,301,857,200,877,-157,17,1
1453,-395,367,246,687,-61,18,1
1172,-707,51,166,428,21,19,1
1063,-841,-201,10,448,75,20,1
1072,-545,-401,-153,248,50,21,1
868,-330,-425,-152,-30,44,22,1
729,-286,-284,-104,-201,71,23,1
776,-136,3,-82,-343,112,24,1
981,451,526,-32,-373,214,25,1
1409,1722,1445,-117,-236,357,26,1
1667,3922,2590,-265,-94,409,27,1
922,3741,1524,-60,-696,-211,28,1
-238,1551,1083,-54,-636,-266,29,1
-769,969,637,125,240,-99,30,1
-37,263,161,303,603,28,31,1
271,-234,-12,188,305,-23,32,1
255,-122,-185,46,135,-19,33,1
23,79,-201,100,-9,-18,34,1
-305,-158,-90,237,-34,-5,35,1
-361,-371,4,73,124,-6,36,1
-180,-18,42,-15,115,14,37,1
61,586,172,-74,129,60,38,1
542,3420,1752,-234,406,25,39,1
1720,3922,1800,230,732,148,40,1
1412,2615,1370,375,160,-151,41,1
659,808,995,168,-192,-338,42,1
360,342,540,61,176,-321,43,1
477,-205,363,149,514,-127,44,1
688,-514,191,18,391,-107,45,1
438,-146,1,75,131,30,46,1
450,-137,-36,160,279,105,47,1
721,-212,-110,135,167,84,48,1
530,-295,-76,42,-94,15,49,1
537,-403,-73,-61,-35,7,50,1
770,-88,69,-121,-119,38,51,1
1103,720,471,-121,-187,155,52,1
1321,3156,1539,-112,-187,305,53,1
1260,3922,1332,-117,-312,118,54,1
191,2456,823,-136,-486,-187,55,1
-326,1260,417,16,-65,-93,56,1
-165,421,42,125,165,-15,57,1
-81,-31,-129,79,52,8,58,1
-195,-133,-142,7,-3,16,59,1
-127,-233,-178,-3,43,34,60,1
-98,-320,-142,-16,-40,42,61,1
-230,-285,-35,-33,-86,64,62,1
-288,-199,152,-55,-51,78,63,1
-150,372,440,-79,53,117,64,1
320,2787,1452,-63,253,146,65,1
1216,307,350,58,-37,83,1,1
1535,3716,1757,31,-133,608,2,1
1649,3922,1336,-17,16,247,3,1
850,2269,752,-47,-380,-180,4,1
-292,705,547,-36,-326,-123,5,1
-344,311,141,59,208,11,6,1
651,1553,1164,52,-45,-367,7,1
600,910,844,112,381,-239,8,1
689,382,559,145,282,-207,9,1
540,0,350,157,305,-156,10,1
588,-190,118,124,306,-113,11,1
-105,928,235,55,-212,10,12,1
-363,479,66,116,86,56,13,1
39,366,-148,100,202,76,14,1
-42,303,-158,86,-13,59,15,1
-43,222,-138,63,51,50,16,1
-61,158,-76,20,-59,9,17,1
-271,82,75,4,-63,-8,18,1
-314,199,219,8,-39,-11,19,1
-268,485,380,30,43,38,20,1
64,1442,807,-54,148,75,21,1
532,3922,1561,-37,315,82,22,1
1282,3922,1418,137,493,-123,23,1
1228,2138,1115,212,137,-322,24,1
878,1171,792,192,241,-302,25,1
960,450,504,254,342,-239,26,1
908,-48,265,237,261,-243,27,1
797,-439,50,217,262,-163,28,1
689,-704,-169,104,170,-118,29,1
580,-743,-284,-22,100,-73,30,1
569,-579,-292,-103,-4,-2,31,1
487,-286,-159,-83,-118,79,32,1
630,-38,-40,18,-109,192,33,1
1046,261,243,56,-89,336,34,1
1562,1641,917,0,-32,500,35,1
1741,2887,1029,-229,-202,341,36,1
1060,3009,837,-266,-332,84,37,1
449,2183,548,-50,-156,87,38,1
30,1105,313,62,-191,81,39,1
-259,692,177,42,-3,65,40,1
-126,532,37,36,177,73,41,1
-25,542,-68,55,100,75,42,1
-52,591,-96,76,83,73,43,1
-47,532,-84,67,36,33,44,1
-143,419,-1,35,-27,-20,45,1
-141,389,127,-1,-16,-62,46,1
86,709,293,12,32,-39,47,1
451,1341,566,53,78,29,48,1
895,2550,813,45,261,97,49,1
1752,3416,783,49,506,-54,50,1
1749,2154,571,149,-63,-296,51,1
712,963,541,77,-232,-382,52,1
594,695,343,58,224,-321,53,1
902,385,166,110,182,-300,54,1
693,26,109,129,30,-260,55,1
661,-216,32,97,119,-188,56,1
722,-372,-43,57,40,-107,57,1
640,-479,-24,-19,-70,-36,58,1
563,-413,42,-87,-134,70,59,1
457,-124,140,-100,-172,183,60,1
553,232,197,-27,-113,290,61,1
819,773,249,32,-64,400,62,1
1131,1456,313,57,-52,414,63,1
1360,1862,412,-62,-58,378,64,1
1297,2525,407,-253,-147,177,65,1
1125,813,22,-156,-143,-139,1,1
925,519,168,-99,-114,-186,2,1
775,403,427,-171,-105,-184,3,1
577,437,681,-183,-164,-174,4,1
615,402,1068,-55,-117,-124,5,1
368,199,1374,148,-246,-19,6,1
222,-62,1467,192,-127,127,7,1
268,-55,1736,-50,254,102,8,1
411,524,1969,-24,624,125,9,1
1059,492,1560,221,1066,315,10,1
2641,1397,-669,-306,-647,-395,11,1
662,503,567,91,-157,17,12,1
670,470,484,97,-13,-41,13,1
844,386,478,100,60,-87,14,1
937,291,504,111,42,-112,15,1
863,187,545,115,-17,-118,16,1
738,94,556,75,12,-113,17,1
704,87,544,22,65,-95,18,1
684,108,587,-3,98,-55,19,1
766,225,583,-16,171,-14,20,1
830,345,679,73,199,47,21,1
848,347,839,208,266,118,22,1
843,240,904,317,451,179,23,1
1287,225,508,404,631,255,24,1
3922,495,-1485,481,99,518,25,1
1471,-740,175,248,-262,57,26,1
576,64,584,-304,-247,-223,27,1
1004,653,249,94,335,81,28,1
1423,263,129,375,282,281,29,1
1203,159,217,190,-217,97,30,1
914,114,260,144,-173,79,31,1
984,174,398,4,-77,20,32,1
942,197,386,-31,-154,-8,33,1
950,238,358,-40,-69,9,34,1
1031,288,396,-23,-79,24,35,1
976,290,474,-15,-135,14,36,1
917,253,545,-23,-116,2,37,1
902,254,608,-55,-87,-6,38,1
818,360,638,-73,-80,-20,39,1
796,427,585,-24,-7,-21,40,1
905,518,585,63,48,-6,41,1
949,503,602,225,39,37,42,1
892,321,574,287,20,35,43,1
828,179,535,216,46,-6,44,1
929,169,504,95,98,-59,45,1
995,209,494,32,72,-88,46,1
978,180,426,17,51,-91,47,1
1001,90,467,-25,74,-88,48,1
1048,208,484,-54,12,-75,49,1
750,263,697,53,-27,-16,50,1
656,72,709,99,278,35,51,1
2342,-1067,-3922,203,364,266,52,1
1591,-443,-240,-310,144,-447,53,1
693,519,452,-196,-490,-81,54,1
734,320,93,119,151,159,55,1
1379,272,-2,133,363,145,56,1
1430,225,163,105,-251,98,57,1
1016,179,313,43,-331,65,58,1
975,221,512,-22,-167,46,59,1
887,241,487,-62,-200,16,60,1
852,283,444,-93,-86,0,61,1
946,331,418,-81,-64,-5,62,1
909,354,431,-56,-109,-21,63,1
856,325,460,-22,-90,-27,64,1
875,301,476,-7,-60,-32,65,1
797,272,450,-118,-261,-64,1,1
790,223,435,-87,-111,-39,2,1
832,317,536,-85,-140,-52,3,1
716,345,596,2,-157,-43,4,1
694,202,578,68,-50,-19,5,1
773,132,568,49,-23,5,6,1
676,244,662,16,-41,-8,7,1
675,154,789,4,121,-6,8,1
693,282,1154,13,272,15,9,1
764,241,993,168,517,100,10,1
3922,-371,-3922,322,427,255,11,1
790,320,392,-12,-60,-35,12,1
772,324,377,41,12,-35,13,1
859,253,309,87,72,-22,14,1
893,201,288,90,71,-15,15,1
891,201,278,81,89,-8,16,1
931,240,221,71,114,-8,17,1
930,257,170,78,119,-13,18,1
996,227,129,79,154,-18,19,1
1086,246,38,78,143,-21,20,1
1138,219,-22,104,123,-13,21,1
1159,284,-178,127,73,-12,22,1
1281,136,-616,230,84,32,23,1
1360,-222,-743,54,56,-34,24,1
1202,144,-245,-144,-41,-123,25,1
1074,133,-121,-15,-107,-20,26,1
1079,151,23,-43,-85,-6,27,1
1027,149,169,-43,-150,27,28,1
918,198,262,-56,-115,48,29,1
919,259,291,-71,-63,48,30,1
925,301,305,-61,-58,44,31,1
935,299,367,-42,-38,47,32,1
938,338,399,-26,-35,50,33,1
883,374,407,1,-17,51,34,1
857,359,413,15,21,48,35,1
883,364,428,-29,55,22,36,1
904,431,440,-71,61,-26,37,1
922,458,502,-53,81,-56,38,1
929,432,572,3,78,-76,39,1
852,353,612,71,83,-80,40,1
835,185,563,119,170,-43,41,1
903,181,636,78,218,-11,42,1
836,265,531,80,265,12,43,1
1265,423,-132,220,449,102,44,1
3549,127,-3088,249,338,356,45,1
969,-102,667,-159,-395,-200,46,1
600,506,461,112,-246,-18,47,1
1086,410,155,245,374,118,48,1
1462,163,27,212,58,79,49,1
1075,103,165,76,-275,13,50,1
926,147,284,-1,-127,12,51,1
975,193,416,-56,-167,-10,52,1
795,218,449,-87,-161,-30,53,1
864,232,429,-98,-45,-13,54,1
910,294,507,-99,-102,-14,55,1
870,334,607,-80,-82,-13,56,1
824,383,656,-57,-72,-21,57,1
731,368,665,0,-17,-22,58,1
836,282,655,34,90,-22,59,1
848,260,644,39,66,-27,60,1
847,225,691,74,163,-4,61,1
921,164,949,77,259,39,62,1
794,279,919,117,354,42,63,1
1000,232,573,215,559,93,64,1
2141,212,-1142,195,423,107,65,1
703,222,719,2,-109,-33,1,1
681,222,792,-26,-46,-41,2,1
647,242,778,-28,-2,-45,3,1
668,208,759,-22,46,-46,4,1
675,192,885,-2,77,-29,5,1
682,154,1014,52,154,12,6,1
649,127,1227,107,231,62,7,1
556,118,1460,255,445,148,8,1
786,-24,1657,295,765,181,9,1
3922,-240,-3922,471,-1140,462,10,1
-356,-1163,-705,0,115,-312,11,1
777,204,591,-49,-96,-40,12,1
757,178,624,-63,-128,-7,13,1
736,274,675,-52,-68,24,14,1
786,287,758,-29,26,33,15,1
730,393,702,29,51,15,16,1
815,221,582,94,186,17,17,1
991,214,539,91,197,30,18,1
861,258,774,111,174,45,19,1
906,212,653,141,362,51,20,1
1181,238,466,171,421,102,21,1
3844,-102,-3922,310,27,240,22,1
1071,-871,198,-3,-95,-176,23,1
667,318,588,-437,-574,-281,24,1
698,511,361,88,46,75,25,1
1228,325,198,77,175,60,26,1
1148,178,262,59,-241,23,27,1
893,211,376,-8,-202,0,28,1
952,240,473,-15,-133,5,29,1
860,249,469,-46,-165,-27,30,1
840,258,423,-51,-45,-22,31,1
931,286,419,-30,-39,-7,32,1
868,294,426,-7,-79,-5,33,1
846,288,456,14,-39,1,34,1
828,280,460,16,-33,-7,35,1
794,280,465,26,7,-10,36,1
850,254,439,44,68,-4,37,1
893,264,429,58,79,2,38,1
885,270,407,87,91,15,39,1
928,237,368,112,126,25,40,1
951,227,359,101,134,20,41,1
952,228,322,91,169,21,42,1
1035,241,270,71,210,28,43,1
1253,285,-65,15,197,17,44,1
2172,-77,-1557,-217,200,47,45,1
1150,740,311,-44,-274,-164,46,1
740,73,240,106,-68,-5,47,1
1102,278,180,62,161,33,48,1
1168,261,104,-42,-59,-27,49,1
1038,290,209,-20,-87,-33,50,1
1067,275,287,11,-138,-18,51,1
932,224,382,37,-193,6,52,1
869,193,426,29,-136,23,53,1
868,205,436,-2,-111,26,54,1
859,260,463,-25,-80,19,55,1
864,311,447,-25,-47,8,56,1
902,310,345,33,19,-11,59,1
908,262,298,42,54,-14,60,1
940,241,264,35,56,-16,61,1
917,251,251,35,53,-16,62,1
932,219,235,30,65,-15,63,1
942,202,246,23,61,-5,64,1
946,220,259,26,59,12,65,1
862,708,462,-68,-35,-196,1,1
862,539,436,27,-65,-211,2,1
747,339,445,99,-123,-178,3,1
660,164,460,118,-93,-149,4,1
723,37,482,114,-15,-101,5,1
759,-108,609,74,-8,-82,6,1
536,-198,1030,107,-20,-75,7,1
282,-553,1343,294,195,197,8,1
227,-275,2184,299,529,383,9,1
1134,-416,2555,578,1440,381,10,1
3922,-422,-3018,258,610,153,11,1
952,428,393,-115,-20,-10,12,1
932,419,384,19,6,14,13,1
953,365,355,131,40,33,14,1
995,280,290,194,64,31,15,1
1037,212,236,227,68,21,16,1
1046,153,204,231,64,6,17,1
1076,118,154,228,71,7,18,1
1237,54,-120,319,48,83,19,1
1162,-280,-109,343,-86,111,20,1
998,-277,93,153,-50,2,21,1
1035,-260,95,63,24,-34,22,1
1070,-72,127,-16,14,-53,23,1
1074,30,94,-62,2,-59,24,1
1093,107,160,-63,-23,-59,25,1
1061,215,168,-16,-77,-34,26,1
1004,155,217,66,-79,-2,27,1
969,113,250,64,-72,-14,28,1
1003,141,198,66,-46,-15,29,1
1065,289,161,137,-74,0,30,1
1106,232,170,305,-128,76,31,1
1100,-11,73,302,-198,94,32,1
1038,-38,-7,164,-239,25,33,1
997,47,-19,125,-205,0,34,1
1025,27,-146,161,-203,25,35,1
969,-74,-230,134,-242,4,36,1
901,-195,-213,33,-178,-17,37,1
972,-43,-324,5,-160,3,38,1
734,-111,-276,12,-199,11,39,1
662,-173,-282,-68,-42,-8,40,1
748,-104,-348,-107,7,3,41,1
657,-71,-316,-81,10,12,42,1
663,-114,-254,-95,115,8,43,1
783,-86,-263,-128,167,11,44,1
766,-98,-238,-137,172,28,45,1
774,0,-102,-175,264,-1,46,1
893,31,19,-160,361,-13,47,1
1048,14,51,-165,370,-19,48,1
1156,-5,-6,-201,267,-17,49,1
1169,107,4,-191,162,3,50,1
1183,76,47,-127,96,65,51,1
1146,51,80,-146,33,78,52,1
1098,125,160,-210,32,52,53,1
1084,254,197,-234,42,18,54,1
1066,343,193,-206,38,-6,55,1
1067,367,192,-137,40,-14,56,1
1090,346,186,-72,27,-14,57,1
1076,318,176,-20,-12,-15,58,1
1034,250,165,-4,-14,-24,59,1
1067,188,62,-16,-32,-34,60,1
1002,153,97,-46,-59,-54,61,1
965,145,161,-38,-22,-54,62,1
980,110,145,-16,-8,-37,63,1
978,107,134,0,6,-22,64,1
993,118,145,15,10,-17,65,1
749,801,339,70,24,-202,1,1
527,379,298,95,60,-212,2,1
414,123,274,119,150,-161,3,1
391,15,99,152,191,-93,4,1
378,-82,-43,199,181,-43,5,1
400,-359,-181,188,131,-32,6,1
562,-555,-353,60,5,-25,7,1
563,-299,-304,-36,-231,-4,8,1
897,-330,-14,6,-86,113,9,1
1787,-13,801,-183,179,306,10,1
2610,3462,2170,-528,25,127,11,1
263,893,573,-116,244,120,12,1
1389,3646,1539,36,768,254,13,1
2806,3829,1576,118,824,138,14,1
1614,1939,1122,163,-383,-259,15,1
310,680,846,97,-237,-280,16,1
238,436,586,204,496,-121,17,1
746,-110,257,295,523,-27,18,1
646,-375,30,241,206,-36,19,1
398,-586,-162,165,204,-9,20,1
469,-641,-382,8,193,-20,21,1
435,-370,-285,-91,-31,-28,22,1
465,-28,-64,-12,-47,42,23,1
685,32,71,141,-83,149,24,1
1571,327,495,-7,169,254,25,1
2482,2519,2116,-277,132,255,26,1
1911,3922,1873,-229,-635,8,27,1
326,1942,1106,-111,-571,-308,28,1
-90,1005,480,80,266,-68,29,1
315,353,-19,221,189,66,30,1
-113,93,-138,206,-43,62,31,1
-266,-109,-301,153,191,80,32,1
35,-28,-495,121,267,92,33,1
-19,-65,-458,98,23,109,34,1
-413,190,-112,72,-42,91,35,1
-550,419,192,119,86,72,36,1
-396,663,622,93,173,56,37,1
119,2510,1588,183,323,230,38,1
1116,3922,2093,372,804,257,39,1
1801,2607,1759,328,409,-198,40,1
928,1302,1371,275,88,-290,41,1
825,380,1059,292,425,-168,42,1
930,-101,846,244,346,-139,43,1
794,-458,570,143,307,-127,44,1
695,-676,270,3,260,-101,45,1
706,-505,61,-91,234,-81,46,1
746,-359,-62,-26,113,25,47,1
735,-326,-135,94,21,176,48,1
753,-210,-101,128,-40,245,49,1
802,-15,26,108,-167,254,50,1
1157,653,471,106,-64,327,51,1
1946,1938,1198,46,116,452,52,1
2048,3922,1044,-325,-74,93,53,1
1052,3536,829,-187,-235,-253,54,1
288,1653,407,183,-148,-96,55,1
28,309,26,225,-5,-41,56,1
-67,-8,-226,40,98,-101,57,1
-59,-48,-325,-14,86,-56,58,1
-67,37,-250,57,19,42,59,1
-162,22,-140,115,-41,95,60,1
-200,155,-44,119,96,78,61,1
-5,-55,-39,54,44,12,62,1
-12,393,189,-106,63,-21,63,1
461,1907,574,-59,277,20,64,1
1717,3344,1191,137,712,187,65,1
943,-255,-33,25,-58,84,1,1
972,-285,85,-44,-165,33,2,1
1172,-493,482,-126,-194,-2,3,1
1708,-137,1365,-338,-244,102,4,1
1770,2947,2526,-299,-233,451,5,1
1190,3922,1761,3,-175,171,6,1
1234,1748,531,-141,70,-177,7,1
162,910,316,-68,-435,-145,8,1
-545,326,122,5,-36,-16,9,1
347,692,1650,401,74,-282,10,1
758,-179,1032,365,444,-212,11,1
290,3379,1313,-141,-55,-129,12,1
326,1520,349,20,15,-97,13,1
-238,677,25,133,-221,-27,14,1
-359,151,-218,96,182,7,15,1
143,10,-480,23,160,17,16,1
-15,61,-454,17,-30,10,17,1
5,-6,-374,42,-40,14,18,1
-128,-56,-278,35,-144,16,19,1
-246,34,-193,-5,-79,8,20,1
-204,50,-44,-132,-66,-59,21,1
225,2016,898,-209,91,-2,22,1
644,3922,2445,257,189,402,23,1
1098,3922,2273,229,139,-172,24,1
750,1830,1601,127,84,-437,25,1
410,692,1140,281,210,-255,26,1
571,-118,803,300,433,-141,27,1
700,-355,530,216,363,-98,28,1
695,-416,381,149,351,-60,29,1
847,-500,104,101,319,-46,30,1
783,-684,-116,47,145,-38,31,1
732,-759,-210,-51,70,-40,32,1
757,-661,-204,-131,-77,-33,33,1
831,-471,-56,-122,-118,54,34,1
1505,7,493,-118,-94,304,35,1
1737,3151,2325,-268,-156,491,36,1
1061,3922,1967,-202,-592,43,37,1
2,2715,1152,-215,-187,-253,38,1
17,1674,384,105,166,23,39,1
-26,574,-71,222,-44,23,40,1
-270,-13,-241,113,97,-10,41,1
60,-27,-445,0,198,18,42,1
74,134,-457,40,-2,54,43,1
-24,23,-371,117,-44,76,44,1
-134,-115,-256,93,-114,60,45,1
-296,-181,-123,24,-111,25,46,1
-377,-51,49,-43,-85,21,47,1
-386,745,735,-122,5,155,48,1
390,3922,2342,27,511,383,49,1
1700,3922,2524,335,873,166,50,1
1791,2520,1606,339,50,-241,51,1
593,824,1177,270,-139,-333,52,1
466,152,795,200,387,-290,53,1
870,-223,428,159,386,-208,54,1
737,-317,258,130,228,-120,55,1
686,-346,83,105,190,-69,56,1
618,-416,-75,75,106,-70,57,1
549,-491,-172,14,51,-87,58,1
581,-474,-190,-43,-10,-90,59,1
592,-348,-144,-40,-110,-32,60,1
754,-269,-13,39,-119,100,61,1
1352,55,619,-48,-170,306,62,1
1388,3774,2459,-124,-181,633,63,1
751,3922,1753,-9,-386,1,64,1
478,2552,735,-98,311,-180,65,1
1102,3922,2167,225,552,470,1,1
1285,3518,1671,318,56,-53,2,1
524,1141,1104,95,-202,-339,3,1
103,838,851,-53,166,-352,4,1
424,376,629,187,596,-92,5,1
764,-15,354,269,468,21,6,1
623,-337,146,231,230,15,7,1
15,800,115,85,-120,-62,8,1
-83,254,-107,117,31,-15,9,1
-33,19,-263,48,76,8,10,1
-57,-17,-347,15,-5,32,11,1
855,13,474,244,721,-18,12,1
1056,-346,164,261,346,-46,13,1
941,-842,-111,199,222,-74,14,1
1225,-1288,-272,-55,262,-110,15,1
1579,-644,-109,-182,-111,-80,16,1
1537,-562,157,-28,-390,77,17,1
1824,335,1592,-205,-335,304,18,1
1237,3922,2933,-339,-771,471,19,1
183,1147,148,132,591,113,22,1
253,568,-251,137,-61,28,23,1
-331,384,-151,82,-130,-10,24,1
-200,284,-153,36,146,-35,25,1
-16,267,-113,25,19,-59,26,1
-210,377,0,42,-2,-68,27,1
-115,415,-13,109,81,-67,28,1
-93,388,-17,157,49,-70,29,1
-46,413,37,125,60,-69,30,1
52,970,337,70,27,-38,31,1
357,2599,1108,132,180,90,32,1
981,3922,1573,204,365,36,33,1
1367,2766,1252,223,245,-183,34,1
851,1221,963,109,-20,-318,35,1
448,768,679,88,167,-230,36,1
513,377,453,118,355,-149,37,1
552,92,252,123,332,-100,38,1
510,-66,112,107,331,-50,39,1
583,-13,-1,77,358,-4,40,1
575,124,-106,74,238,5,41,1
462,77,-142,102,174,9,42,1
519,-80,-200,87,155,22,43,1
522,-143,-242,28,38,29,44,1
495,-80,-252,-13,-55,42,45,1
951,39,-154,-76,20,143,46,1
1535,1274,724,-242,-70,270,47,1
1626,3279,1606,-229,-311,384,48,1
1216,3284,995,-165,-456,147,49,1
391,1529,661,-285,-472,-168,50,1
-219,904,481,-311,-351,-187,51,1
-530,484,285,-127,-86,-65,52,1
-421,165,106,-14,82,73,53,1
-355,154,33,2,47,153,54,1
-333,354,-27,12,73,169,55,1
-169,475,-59,49,125,153,56,1
-47,509,-26,48,93,128,57,1
-49,693,84,15,50,86,58,1
-32,1118,338,57,87,108,59,1
349,2035,696,71,247,122,60,1
1016,3204,1261,132,422,73,61,1
1504,3207,1313,166,262,-102,62,1
959,1846,1184,149,-91,-296,63,1
486,1087,995,120,130,-273,64,1
477,603,711,152,243,-234,65,1
1818,3689,2120,-228,-211,303,1,1
1249,3121,1262,-49,-485,10,2,1
497,1534,731,-143,-278,-126,3,1
110,1263,325,-104,-128,-92,4,1
-48,741,-16,55,-64,-55,5,1
-102,138,-116,52,58,-62,6,1
20,19,-214,-48,2,-69,7,1
-113,32,-125,-59,-150,-71,8,1
567,-147,115,189,184,-109,9,1
485,-324,-23,130,165,-57,10,1
488,-290,-163,78,133,-7,11,1
-188,564,250,250,-22,39,12,1
-278,29,63,189,146,56,13,1
-81,160,-72,85,271,95,14,1
32,405,-179,113,112,124,15,1
-151,294,-61,102,80,93,16,1
-120,414,-36,93,109,72,17,1
-66,598,-2,129,128,91,18,1
30,691,193,194,94,132,19,1
-21,1294,643,261,96,177,20,1
164,1775,1266,158,175,29,21,1
594,3355,2171,99,511,-15,22,1
1584,3884,2243,297,921,29,23,1
1875,1797,1610,488,279,-102,24,1
855,570,1167,297,-158,-286,25,1
442,107,834,163,292,-279,26,1
684,-153,495,109,474,-210,27,1
624,-344,240,73,289,-134,28,1
420,-433,40,43,226,-81,29,1
396,-499,-111,30,202,-4,30,1
381,-429,-157,3,78,54,31,1
224,-334,-78,-13,-36,72,32,1
128,-376,11,-45,-57,87,33,1
317,-310,152,-95,-22,109,34,1
1104,739,897,-200,156,247,35,1
1925,3922,2936,-167,543,585,36,1
2124,3922,1781,32,-281,5,37,1
462,1373,1000,22,-598,-277,38,1
-267,655,341,78,40,-42,39,1
84,134,-102,103,326,12,40,1
189,-3,-370,110,147,37,41,1
38,-147,-512,85,22,62,42,1
-58,-66,-372,34,23,83,43,1
35,111,-255,52,-23,100,44,1
-73,211,-85,85,-113,80,45,1
-69,254,126,102,-83,72,46,1
133,623,365,48,0,93,47,1
473,929,844,-99,0,8,48,1
677,2879,1940,-301,191,-35,49,1
1224,3922,2096,68,549,59,50,1
1470,2294,1532,321,91,-190,51,1
708,978,1061,257,6,-231,52,1
596,386,652,225,321,-214,53,1
750,-6,333,207,337,-182,54,1
688,-313,89,182,245,-92,55,1
565,-320,-73,118,182,-38,56,1
475,-317,-195,95,106,-22,57,1
468,-506,-239,40,44,-24,58,1
454,-483,-246,-54,-52,-17,59,1
434,-373,-132,-107,-132,-4,60,1
492,-208,-18,-94,-175,42,61,1
1261,244,659,-73,29,261,62,1
1858,3275,2366,-117,168,459,63,1
1864,3922,1868,-12,-290,73,64,1
856,1910,1063,-132,-378,-274,65,1
522,3034,2346,-29,678,326,1,1
1825,3922,3025,79,1093,17,2,1
1901,2835,2112,436,117,-242,3,1
823,772,1481,376,41,-320,4,1
1015,70,874,336,515,-227,5,1
1069,-270,505,229,273,-220,6,1
748,-387,304,169,201,-146,7,1
774,-497,67,130,206,-86,8,1
-38,536,-254,32,-71,5,9,1
-267,80,-324,29,-75,57,10,1
-244,142,-219,-6,-55,92,11,1
1054,602,1106,320,505,-339,12,1
834,-665,107,207,186,-201,15,1
840,-1075,-198,79,169,-210,16,1
788,-1115,-339,-117,45,-181,17,1
746,-735,-365,-122,-51,-67,18,1
674,-520,-272,18,-166,129,19,1
666,-384,-23,91,-189,303,20,1
1405,351,577,-85,41,391,21,1
1903,2438,1715,-131,-23,439,22,1
1858,3922,1995,-160,-114,569,23,1
1654,3922,1151,-55,-71,67,24,1
614,1292,446,-34,-573,-216,25,1
-380,580,195,21,-361,-96,26,1
-406,6,-77,89,181,21,27,1
39,-105,-322,11,144,87,28,1
-222,158,-248,-9,-80,88,29,1
-237,145,-162,32,1,99,30,1
-300,146,-75,17,-78,91,31,1
-402,231,49,-16,-21,63,32,1
-401,414,198,-17,-17,23,33,1
-334,828,522,68,104,109,34,1
775,3426,1634,207,651,420,35,1
2490,3922,2453,238,1202,279,36,1
2763,2655,1661,267,-127,-449,37,1
545,931,1624,208,-634,-590,38,1
1028,-441,361,263,111,-182,41,1
791,-685,43,184,254,-178,42,1
902,-843,-311,18,131,-243,43,1
706,-703,-369,-70,-61,-187,44,1
499,-347,-257,-14,-200,-70,45,1
303,-290,-64,116,-232,45,46,1
792,-694,148,133,-26,190,47,1
1732,618,1371,-306,109,334,48,1
1985,3922,2463,-192,-15,770,49,1
1468,3346,1258,93,-508,69,50,1
325,1174,645,-164,-545,-249,51,1
-367,900,291,-61,-200,-60,52,1
-310,226,6,100,158,46,53,1
-37,-49,-234,99,194,131,54,1
-41,86,-280,77,41,161,55,1
-98,104,-278,101,22,169,56,1
-92,97,-290,53,4,133,57,1
-124,177,-210,-2,-36,77,58,1
-167,313,32,-22,-80,65,59,1
-111,1036,411,-34,-62,97,60,1
151,2375,1348,-18,79,87,61,1
891,3922,2219,-119,587,85,62,1
2199,3922,1829,163,724,-116,63,1
1337,1585,1453,410,-79,-265,64,1
758,397,1001,263,122,-345,65,1
189,1197,814,-98,-601,-256,1,1
-100,753,344,14,81,-94,2,1
206,177,-34,113,71,-15,3,1
-87,-104,-149,56,-179,-5,4,1
-254,-95,-175,-30,18,43,5,1
85,133,-186,-67,49,103,6,1
762,-7,466,160,4,-210,7,1
446,-86,325,44,-25,-184,8,1
262,-142,228,18,41,-109,9,1
291,-198,153,26,130,-20,10,1
377,-218,99,45,130,82,11,1
-85,746,256,-44,129,-64,12,1
122,428,-31,-22,30,-47,13,1
-183,269,-68,15,-162,0,14,1
-280,115,-121,37,52,61,15,1
38,211,-174,61,119,117,16,1
-11,381,-116,102,-33,117,17,1
-153,401,-28,106,6,93,18,1
-1,791,58,17,57,50,19,1
82,1057,418,-38,19,-27,20,1
256,2127,1092,2,122,-45,21,1
1033,3386,1657,151,644,6,22,1
1998,3340,1665,238,580,-42,23,1
1215,1586,1328,221,-397,-403,24,1
322,749,1018,52,-129,-435,25,1
492,512,661,144,514,-238,26,1
831,47,442,207,348,-162,27,1
574,-146,370,184,199,-106,28,1
606,-319,247,167,363,-36,29,1
712,-480,40,93,254,-38,30,1
601,-555,-39,-2,135,-21,31,1
622,-481,-96,-80,103,15,32,1
833,-349,-36,-65,52,111,33,1
1144,-217,219,-4,-28,248,34,1
1670,356,945,-48,78,462,35,1
2235,2361,2054,-216,180,698,36,1
1987,3553,1386,-246,-577,146,37,1
590,2039,847,-265,-437,-137,38,1
61,1465,491,-157,-62,-34,39,1
41,1148,20,132,-16,126,40,1
-72,625,-271,147,-140,34,41,1
-206,528,-336,18,-106,-34,42,1
-250,442,-156,-33,-31,-28,43,1
-209,501,-45,38,40,16,44,1
-195,473,3,118,31,24,45,1
-198,482,89,108,36,-24,46,1
-159,762,293,22,93,-70,47,1
220,1473,526,21,202,-38,48,1
808,2844,1125,-12,383,-70,49,1
1827,3300,1562,27,749,0,50,1
2029,2264,1309,152,-37,-293,51,1
908,911,1233,126,-326,-411,52,1
619,535,850,105,244,-304,53,1
532,-386,305,230,245,-76,56,1
576,-660,73,177,271,-25,57,1
708,-816,-155,34,240,0,58,1
735,-642,-157,-111,68,21,59,1
753,-349,5,-136,-36,95,60,1
923,-144,194,-98,-94,174,61,1
1615,82,854,-96,28,369,62,1
2393,2083,2030,-278,86,586,63,1
1632,3538,1960,-294,-712,19,64,1
371,2426,1480,-393,-328,-278,65,1
502,1651,1806,82,341,-200,1,1
715,1087,1297,219,402,-89,2,1
717,378,855,273,348,-46,3,1
1076,2292,1520,-78,-556,-214,4,1
305,1524,886,-127,-163,-231,5,1
372,1006,347,138,118,31,6,1
319,452,17,171,-99,30,7,1
-72,162,-66,65,-121,-8,8,1
-101,217,-151,4,52,-24,9,1
29,278,-165,43,4,-27,10,1
-130,238,-48,101,-69,-28,11,1
686,-436,240,198,227,-100,12,1
696,-626,-22,29,267,-119,13,1
851,-527,-173,-93,215,-87,14,1
843,-264,-165,-146,-54,-74,15,1
602,-65,1,-60,-187,-9,16,1
713,-17,124,60,-143,93,17,1
1015,53,428,86,-154,188,18,1
1637,932,1279,-112,64,331,19,1
1803,3167,1896,-256,-284,292,20,1
963,3135,1237,-219,-598,-74,21,1
363,2039,796,-103,-118,-29,22,1
364,1235,300,14,-16,20,23,1
158,558,-22,101,-170,37,24,1
-149,128,-144,48,-112,35,25,1
-138,66,-237,-24,56,63,26,1
3,125,-300,-25,4,76,27,1
-112,177,-219,21,-117,88,28,1
-249,126,-130,59,-104,110,29,1
-331,153,-33,-10,-101,107,30,1
-301,755,257,-88,-51,105,31,1
-39,2257,1221,-29,68,112,32,1
692,3922,2111,181,535,164,33,1
1882,3761,2002,379,761,120,34,1
1411,1580,1690,405,-130,-311,35,1
705,602,1368,313,-14,-344,36,1
885,350,1035,267,577,-228,37,1
1229,0,767,382,560,-55,38,1
1095,-349,472,333,275,-62,39,1
834,-481,230,228,236,-63,40,1
857,-562,8,105,290,-72,41,1
895,-584,-165,-19,144,-74,42,1
707,-421,-198,-123,-91,-77,43,1
509,-209,-75,-106,-186,-40,44,1
462,-192,63,-28,-240,18,45,1
801,-436,444,-19,-145,163,46,1
1313,1167,1809,-327,49,376,47,1
1786,3922,2050,-150,-309,593,48,1
959,3017,994,58,-488,66,49,1
559,1516,681,-58,50,-52,50,1
305,1014,392,-187,-85,-184,51,1
-5,905,35,-35,-125,-106,52,1
-128,430,-162,166,180,39,53,1
107,273,-349,176,187,110,54,1
-45,342,-287,100,-47,84,55,1
-206,539,-133,23,26,38,56,1
-120,681,-7,42,94,-6,57,1
-59,665,130,53,91,-58,58,1
188,791,400,72,172,-33,59,1
598,1416,933,29,342,87,60,1
1336,2539,1492,91,637,349,61,1
2031,2787,1260,398,285,395,62,1
1417,1671,915,432,-158,-49,63,1
977,643,608,261,-142,-270,64,1
650,359,562,19,-168,-446,65,1
1588,-313,1115,-473,-253,153,1,1
1595,173,1366,-493,-363,352,2,1
1384,546,1317,-454,-319,505,3,1
1103,876,927,-311,-99,560,4,1
1085,852,678,-55,245,515,5,1
1422,553,540,107,448,457,6,1
1879,559,657,247,210,90,7,1
1665,486,472,275,-210,26,8,1
1076,351,462,149,-234,-180,9,1
1360,391,553,60,48,-322,10,1
1514,371,686,118,-178,-381,11,1
708,-124,479,-10,-121,-307,12,1
704,-239,455,9,-54,-212,13,1
922,-545,387,2,57,-69,14,1
817,-254,356,-86,-68,208,15,1
840,143,289,0,113,465,16,1
1173,227,156,44,195,500,17,1
1211,142,52,2,58,413,18,1
1113,-1,54,-135,100,319,19,1
1308,2,195,-274,177,297,20,1
1515,203,477,-358,128,321,21,1
1622,472,662,-317,98,386,22,1
1625,704,683,-190,95,492,23,1
1521,913,590,-32,116,544,24,1
1300,990,451,124,81,513,25,1
1089,1020,279,169,103,336,26,1
1111,785,128,196,208,96,27,1
1282,483,36,159,164,-94,28,1
1246,282,-11,116,0,-164,29,1
1138,279,76,89,-65,-145,30,1
1145,357,158,132,-100,-91,31,1
1025,375,253,197,-167,-53,32,1
928,358,351,244,-112,-30,33,1
1510,295,896,254,237,20,34,1
2419,506,869,369,239,199,35,1
1590,450,719,461,-506,258,36,1
950,339,498,291,-362,27,37,1
1269,349,520,81,-74,-282,38,1
1582,215,808,34,-260,-551,39,1
1620,-45,1081,7,-314,-658,40,1
1412,-94,1044,-10,-428,-647,41,1
894,-93,925,16,-411,-478,42,1
552,-45,765,18,-131,-297,43,1
574,74,575,45,87,-176,44,1
608,122,469,78,86,-115,45,1
575,135,442,102,100,-72,46,1
619,68,427,110,111,-37,47,1
586,-15,414,66,72,-16,48,1
536,-2,396,0,106,27,49,1
596,113,351,-30,150,93,50,1
652,209,329,-31,151,160,51,1
707,320,317,-13,176,220,52,1
854,416,302,47,251,291,53,1
1047,443,312,151,305,367,54,1
1376,280,388,238,412,439,55,1
1642,197,384,243,307,471,56,1
1602,136,399,233,210,464,57,1
1683,31,367,119,258,361,58,1
1778,104,351,-111,187,127,59,1
1414,346,198,-213,-68,-65,60,1
1001,359,124,-201,-62,-132,61,1
1072,326,62,-137,74,-118,62,1
1168,315,92,-53,-33,-57,63,1
1088,355,221,56,-90,34,64,1
1087,307,336,138,-97,90,65,1
919,395,650,150,-183,-126,1,1
782,366,783,225,-46,-51,2,1
798,335,800,286,30,49,3,1
824,288,824,247,65,35,4,1
833,322,890,173,50,-52,5,1
892,212,821,220,80,-40,6,1
714,-202,1032,217,26,-12,7,1
171,-368,1505,161,61,21,8,1
-112,-235,2140,415,230,373,9,1
153,-186,2702,337,970,188,10,1
3922,-1047,-3922,1195,-552,912,11,1
547,283,818,51,-108,-66,12,1
489,378,782,-10,-62,-124,13,1
413,443,731,-5,-46,-129,14,1
358,460,667,100,23,-51,15,1
377,339,629,154,105,-14,16,1
412,249,633,103,120,-29,17,1
416,279,564,89,180,7,18,1
523,311,441,126,248,91,19,1
692,375,377,146,279,139,20,1
898,412,327,170,322,173,21,1
1135,430,313,163,324,176,22,1
1270,473,392,180,250,177,23,1
1326,474,500,257,220,209,24,1
1500,312,646,303,266,230,25,1
1504,342,596,310,103,227,26,1
1157,270,374,365,28,225,27,1
1120,108,177,270,94,95,28,1
1012,20,114,140,0,-41,29,1
895,61,192,34,-6,-88,30,1
895,152,397,22,9,-75,31,1
917,144,460,68,25,-4,32,1
989,137,462,72,70,90,33,1
1074,299,407,80,63,168,34,1
1103,369,349,71,23,174,35,1
1045,387,359,18,-50,109,36,1
915,377,456,-87,-105,-14,37,1
821,399,528,-159,-107,-109,38,1
777,389,555,-171,-98,-139,39,1
758,399,563,-138,-88,-115,40,1
754,409,557,-64,-82,-54,41,1
731,408,599,4,-73,0,42,1
722,375,556,51,-50,34,43,1
765,319,517,48,-23,43,44,1
850,327,555,26,2,34,45,1
936,327,535,37,-1,32,46,1
995,341,423,60,-1,53,47,1
1051,337,316,106,12,83,48,1
1161,254,321,101,28,63,49,1
1389,130,394,22,61,0,50,1
1142,233,186,-33,-152,-50,51,1
833,221,-51,-31,-68,-45,52,1
965,274,-165,-62,87,-83,53,1
1123,216,-138,2,-57,-79,54,1
1127,77,15,41,-97,-41,55,1
1244,-28,222,-10,-94,-20,56,1
1136,89,399,-99,-199,-33,57,1
938,235,406,-123,-140,-31,58,1
896,352,295,-108,-69,-30,59,1
815,376,139,-52,-85,-22,60,1
763,343,69,-12,-44,-15,61,1
789,285,100,9,-42,-8,62,1
743,270,174,11,-60,9,63,1
764,341,166,-1,-2,20,64,1
844,381,121,-15,7,12,65,1
1045,328,-75,45,18,7,1,1
1038,322,-64,25,-20,-11,2,1
989,314,-11,13,-32,-23,3,1
721,526,622,-80,-50,-13,4,1
762,406,650,7,74,28,5,1
910,314,681,17,155,43,6,1
812,314,1099,21,169,61,7,1
545,327,1349,106,437,90,8,1
895,79,1603,277,1058,291,9,1
1661,-63,1573,367,1073,394,10,1
3420,704,-3250,649,-1140,411,11,1
804,189,573,7,-163,-32,12,1
708,142,591,-27,-163,-51,13,1
675,174,577,-60,-136,-67,14,1
640,171,625,-50,-92,-56,15,1
640,175,572,-31,-20,-21,16,1
714,188,489,-6,57,18,17,1
822,220,383,13,66,33,18,1
895,188,329,27,56,39,19,1
933,174,306,21,41,40,20,1
942,191,304,17,46,42,21,1
984,183,266,10,89,38,22,1
1063,200,200,0,119,35,23,1
1132,237,123,24,127,47,24,1
1181,195,42,55,137,58,25,1
1231,193,-18,56,114,52,26,1
1243,193,-57,73,85,49,27,1
1235,156,-71,81,54,38,28,1
1210,120,-43,50,6,19,29,1
1156,152,37,24,-38,1,30,1
1091,161,121,21,-69,-3,31,1
1066,159,183,8,-78,-13,32,1
1017,159,225,-11,-92,-25,33,1
966,168,260,-33,-85,-37,34,1
966,186,290,-48,-61,-44,35,1
960,220,306,-43,-56,-44,36,1
935,236,312,-23,-52,-35,37,1
931,240,320,-4,-32,-29,38,1
924,233,323,17,-25,-22,39,1
925,216,307,32,-3,-15,40,1
929,208,277,35,7,-13,41,1
946,204,262,32,15,-16,42,1
958,199,247,30,18,-18,43,1
957,198,231,32,21,-15,44,1
984,202,219,34,25,-13,45,1
996,189,209,39,23,-13,46,1
991,174,174,41,26,-10,47,1
1006,166,144,37,29,-6,48,1
1017,166,139,32,21,-4,49,1
1032,154,135,32,15,0,50,1
1025,144,125,25,4,5,51,1
1018,152,114,15,1,8,52,1
1031,163,96,9,-3,10,53,1
1058,156,57,5,4,15,54,1
1109,185,14,-16,12,11,55,1
1151,187,-43,-67,12,-17,56,1
1188,257,-48,-115,-37,-61,57,1
1113,285,33,-99,-104,-67,58,1
1039,263,128,-69,-118,-55,59,1
973,242,235,-47,-130,-38,60,1
897,238,278,-32,-112,-15,61,1
861,273,248,-34,-69,0,62,1
900,418,183,-35,-24,5,63,1
995,493,59,-21,-13,-17,64,1
1052,494,-10,-8,-41,-49,65,1
1218,164,407,-51,-304,19,1,1
985,173,855,-92,-346,-19,2,1
846,157,741,-162,-195,-36,3,1
965,293,584,-187,-37,-9,4,1
1042,439,539,-163,-121,-32,5,1
366,305,1295,41,55,77,6,1
458,174,1790,104,555,144,7,1
844,-44,1510,201,826,272,8,1
1028,670,-2653,-429,-575,-170,9,1
442,559,-24,-626,524,-116,10,1
1081,687,429,65,350,20,11,1
636,74,271,36,-44,-19,12,1
626,76,303,41,1,24,13,1
690,102,314,49,78,68,14,1
790,144,270,57,116,101,15,1
900,189,232,73,160,125,16,1
1016,197,156,104,191,144,17,1
1040,152,130,89,178,136,18,1
1112,192,126,34,180,108,19,1
1160,245,113,28,151,84,20,1
1140,231,114,32,129,66,21,1
1174,248,107,33,135,48,22,1
1324,307,-45,43,131,28,23,1
1339,286,-134,83,-11,28,24,1
1113,103,-8,72,-38,24,25,1
1081,186,72,65,27,3,26,1
1139,128,99,26,19,-37,27,1
1130,125,110,24,-7,-32,28,1
1096,173,163,10,-63,-36,29,1
1019,185,232,13,-98,-44,30,1
974,167,306,11,-99,-53,31,1
952,154,358,2,-88,-56,32,1
931,165,367,-2,-59,-50,33,1
922,185,351,3,-29,-41,34,1
925,199,322,13,-12,-37,35,1
922,188,302,19,-10,-39,36,1
918,164,302,18,-7,-40,37,1
918,145,310,12,-3,-41,38,1
903,125,324,1,2,-39,39,1
882,125,314,-4,12,-28,40,1
899,127,272,5,47,-5,41,1
969,129,214,10,66,15,42,1
1028,134,170,14,68,35,43,1
1044,145,143,6,50,45,44,1
1021,171,138,-7,33,42,45,1
1036,184,144,-17,35,30,46,1
1050,167,144,-26,18,20,47,1
1036,180,167,-31,6,22,48,1
1029,197,197,-22,3,29,49,1
1020,202,213,-13,5,34,50,1
1000,209,211,-12,4,33,51,1
1001,238,212,-9,6,29,52,1
1009,246,218,3,2,24,53,1
1019,248,209,10,0,14,54,1
979,193,234,-8,4,3,55,1
993,197,234,-1,-3,-13,58,1
964,206,241,0,-8,-13,59,1
955,217,239,3,0,-12,60,1
977,229,250,11,4,-11,61,1
1004,233,257,25,4,-8,62,1
1006,216,246,30,0,-11,63,1
1008,212,241,23,0,-21,64,1
1034,192,211,20,3,-31,65,1
1286,356,-134,43,35,-39,1,1
1223,384,-84,56,-20,-41,2,1
1161,325,-43,72,-20,-43,3,1
1180,274,-15,23,-48,-75,4,1
1113,327,41,-8,-102,-93,5,1
1056,354,85,11,-81,-87,6,1
1088,276,115,11,-92,-93,7,1
934,47,1917,354,1288,344,10,1
3922,-202,-3922,584,-893,642,11,1
943,455,514,-92,-59,-5,12,1
845,383,520,35,-106,47,13,1
838,290,513,64,-39,66,14,1
894,284,499,40,-24,54,15,1
909,304,483,26,-1,37,16,1
938,297,448,19,12,21,17,1
950,277,433,12,10,8,18,1
932,255,423,5,3,0,19,1
895,233,414,0,8,-2,20,1
879,231,407,-1,24,1,21,1
870,243,391,8,29,12,22,1
878,252,370,28,52,31,23,1
929,263,349,52,60,47,24,1
974,250,342,72,65,61,25,1
1021,247,326,80,59,70,26,1
1017,254,311,83,49,74,27,1
1036,255,291,74,59,66,28,1
1084,225,272,44,58,38,29,1
1109,200,253,-13,35,-4,30,1
1067,157,181,-79,9,-39,31,1
1058,302,241,-101,8,-65,32,1
1012,305,248,-30,-29,-54,33,1
995,276,259,58,0,-12,34,1
1025,189,244,97,-3,17,35,1
1021,191,246,90,-10,12,36,1
1007,151,229,72,-23,-3,37,1
981,140,256,38,-32,-14,38,1
950,172,285,19,-37,-16,39,1
948,183,332,45,-33,5,42,1
924,176,343,42,-20,5,43,1
927,181,338,33,-12,0,44,1
929,189,346,30,0,-2,45,1
967,202,347,37,12,-1,46,1
994,215,344,50,19,0,47,1
1015,226,320,70,26,0,48,1
978,224,272,94,19,0,49,1
944,211,238,117,34,-1,50,1
1050,280,119,188,48,38,51,1
1071,149,185,241,-33,33,52,1
932,53,234,194,-36,6,53,1
948,1,191,133,38,0,54,1
989,28,115,107,35,4,55,1
1002,3,81,86,27,16,56,1
1016,39,90,63,25,26,57,1
988,72,98,33,24,23,58,1
1002,120,108,7,36,17,59,1
1029,135,146,-2,30,13,60,1
1046,138,196,-7,11,6,61,1
1065,154,238,-20,-7,-3,62,1
1053,155,237,-22,-38,-4,63,1
988,154,266,-27,-50,-10,64,1
955,152,285,-40,-43,-24,65,1
987,252,490,-69,-106,-67,1,1
889,311,522,-44,-57,-59,2,1
847,320,596,-58,-21,-83,3,1
741,303,687,-26,-3,-93,4,1
620,241,970,-26,35,-93,5,1
453,250,1150,126,42,-28,6,1
438,-188,1313,227,161,113,7,1
238,-33,1981,-131,191,-79,8,1
68,417,2299,177,420,180,9,1
1092,80,1731,416,1339,328,10,1
-266,-3083,-2806,-100,-124,344,11,1
765,173,620,12,-128,5,12,1
757,225,664,-28,-79,0,13,1
784,276,589,41,-42,53,14,1
832,208,527,69,-7,66,15,1
845,204,527,22,12,29,16,1
872,215,469,9,24,13,17,1
899,211,443,-11,41,2,18,1
939,242,393,-15,33,4,19,1
936,263,443,-4,14,7,20,1
940,267,406,5,43,-3,21,1
979,234,348,1,72,-12,22,1
1022,237,323,-11,68,-14,23,1
1042,268,297,-6,59,-7,24,1
1047,292,254,21,60,1,25,1
1065,293,214,49,54,4,26,1
1119,313,139,85,51,13,27,1
1090,267,165,157,9,51,28,1
1074,176,155,175,12,66,29,1
1069,134,183,119,17,47,30,1
1062,169,227,82,-36,28,31,1
1004,144,259,62,-50,20,32,1
1005,140,287,25,-45,9,33,1
991,160,313,-9,-58,-4,34,1
970,186,334,-23,-57,-10,35,1
961,200,346,-27,-51,-12,36,1
949,213,360,-26,-48,-13,37,1
937,214,364,-21,-45,-12,38,1
930,232,376,-12,-39,-12,39,1
915,222,380,-3,-25,-10,40,1
920,224,379,7,-12,-4,41,1
918,230,373,16,-3,0,42,1
920,229,360,27,9,4,43,1
932,221,343,32,18,6,44,1
949,220,326,31,22,4,45,1
954,225,319,29,24,2,46,1
973,223,306,30,26,-1,47,1
973,219,297,30,25,-2,48,1
981,225,287,33,27,-4,49,1
984,220,274,36,25,-5,50,1
994,211,262,37,27,-7,51,1
998,199,253,37,21,-8,52,1
1000,189,251,37,18,-8,53,1
1003,179,251,33,12,-8,54,1
998,169,245,27,9,-8,55,1
997,169,252,20,5,-6,56,1
989,169,257,14,1,-4,57,1
985,175,262,11,0,-1,58,1
981,184,277,10,-1,2,59,1
980,190,281,10,-3,5,60,1
978,197,292,8,-3,6,61,1
965,213,314,9,-2,8,64,1
959,221,312,11,0,8,65,1
1007,292,141,-41,-77,-42,1,1
990,307,157,-38,-83,-42,2,1
975,316,142,-35,-77,-49,3,1
991,307,128,-50,-70,-60,4,1
609,173,996,119,176,34,5,1
650,109,1113,115,249,72,6,1
644,81,1318,70,400,94,7,1
745,202,1416,72,629,112,8,1
1136,244,1306,206,759,203,9,1
1480,130,1243,330,719,255,10,1
3922,407,-3922,1138,-1743,864,11,1
747,204,629,2,-148,-44,12,1
700,190,600,-39,-130,-53,13,1
682,231,635,-36,-65,-32,14,1
752,259,483,-13,3,0,15,1
798,259,449,3,7,17,16,1
819,262,426,-2,19,19,17,1
873,263,343,7,41,38,18,1
905,259,322,12,24,49,19,1
918,273,313,18,18,56,20,1
954,260,301,16,27,56,21,1
987,290,276,16,23,55,22,1
1009,297,265,36,18,52,23,1
996,271,300,40,13,41,24,1
987,257,279,36,28,30,25,1
1017,240,246,29,55,24,26,1
1051,252,232,26,40,20,27,1
1022,255,249,35,11,18,28,1
994,226,277,44,23,16,29,1
1007,219,262,37,28,8,30,1
1004,200,240,41,23,10,31,1
1009,194,254,28,23,8,32,1
999,227,288,25,10,2,33,1
976,198,263,38,16,0,34,1
1001,183,255,22,33,-2,35,1
1012,218,264,22,11,4,36,1
991,235,291,42,4,10,37,1
989,201,283,52,9,10,38,1
997,193,282,34,10,3,39,1
986,216,280,25,7,0,40,1
989,220,277,33,9,-3,41,1
1002,203,274,33,7,-6,42,1
991,203,285,33,-2,-3,43,1
983,205,294,39,-2,0,44,1
981,210,303,42,0,2,45,1
983,206,301,47,0,0,46,1
990,185,283,40,4,-5,47,1
992,185,291,25,-5,-13,48,1
973,193,313,18,-11,-15,49,1
964,191,321,20,-7,-11,50,1
959,195,328,27,-4,-4,51,1
958,202,333,34,0,-1,52,1
952,198,324,35,3,0,53,1
955,198,318,38,6,4,54,1
964,192,319,40,9,6,55,1
965,177,316,36,9,5,56,1
967,190,314,29,11,5,57,1
967,196,304,26,10,5,58,1
964,197,288,23,13,3,59,1
972,200,284,18,12,0,60,1
981,193,282,16,12,2,61,1
983,198,283,17,8,5,62,1
985,206,279,18,9,7,63,1
992,212,274,17,9,6,64,1
996,220,265,16,4,4,65,1
810,256,428,-21,-55,-36,1,1
865,330,354,-45,-14,-44,2,1
907,346,405,-31,-44,-50,3,1
809,381,529,3,-82,-61,4,1
739,172,617,81,-23,-16,5,1
789,190,874,39,44,-10,6,1
590,131,1194,138,-34,37,7,1
360,24,1558,100,252,33,8,1
486,76,1804,159,589,120,9,1
664,92,1941,332,732,256,10,1
3922,-316,-3670,515,849,402,11,1
769,233,585,-20,-87,-35,12,1
767,202,569,-1,-72,-10,13,1
788,225,489,0,-72,3,14,1
838,249,455,26,-67,15,15,1
869,199,436,47,-1,42,18,1
889,221,395,34,51,49,19,1
948,248,365,37,91,49,20,1
1006,273,324,54,100,44,21,1
1033,271,275,80,99,44,22,1
1056,249,236,101,104,44,23,1
1079,219,207,106,96,38,24,1
1084,198,178,99,83,28,25,1
1091,187,165,90,68,18,26,1
1125,173,83,73,46,7,27,1
1067,118,104,61,15,5,28,1
1079,114,111,0,12,-18,29,1
1026,178,191,7,-30,-17,30,1
975,164,232,3,-27,-11,31,1
993,169,273,-14,-20,-8,32,1
1035,239,287,-31,-26,-8,33,1
1094,363,228,-31,-54,-22,34,1
1101,458,195,-34,-117,-47,35,1
1138,517,175,-55,-164,-103,36,1
1111,593,159,-48,-224,-133,37,1
1017,653,120,29,-270,-140,38,1
958,582,32,82,-234,-134,39,1
945,518,-58,50,-219,-160,40,1
907,602,-22,60,-237,-151,41,1
868,628,-102,121,-251,-152,42,1
764,511,-157,148,-272,-157,43,1
684,545,-194,160,-257,-163,44,1
687,440,-298,246,-249,-142,45,1
594,323,-278,215,-273,-140,46,1
503,298,-247,196,-244,-127,47,1
570,280,-284,221,-194,-102,48,1
507,193,-291,198,-225,-90,49,1
451,158,-367,158,-227,-85,50,1
538,248,-495,174,-145,-48,51,1
518,199,-653,129,-135,-16,52,1
480,385,-820,46,-154,-33,53,1
380,456,-945,123,-161,-55,54,1
176,179,-889,67,-114,-63,55,1
302,281,-1072,60,-58,-32,56,1
183,59,-1100,87,-106,-13,57,1
14,94,-982,6,-138,-5,58,1
62,104,-1084,37,-57,14,59,1
200,167,-1039,17,-97,7,60,1
46,154,-813,4,-117,17,61,1
70,263,-752,-5,-37,14,62,1
300,471,-869,19,-22,2,63,1
2,289,-1005,34,-153,-21,64,1
-164,152,-804,38,-28,-14,65,1
