1,-125,898,-69,-2,-62,-55,1
2,-4,893,-189,4,-65,-77,1
3,-41,1008,-125,-4,-26,-110,1
4,-55,1134,33,2,-20,-134,1
5,35,1306,47,9,-3,-173,1
6,227,1657,-153,142,19,-204,1
7,356,1791,-212,127,2,-255,1
8,-369,1736,70,45,-209,-158,1
9,-204,574,-430,51,-220,-201,1
10,-125,723,-563,134,-11,-14,1
11,-79,700,-534,-30,-20,-70,1
12,-261,346,168,-90,-25,3,1
13,240,217,151,-74,-89,123,1
14,575,148,0,-86,77,200,1
15,154,272,42,-73,323,244,1
16,-178,590,102,-161,283,286,1
17,178,789,-115,-198,323,383,1
18,425,1121,-449,-131,559,382,1
19,-3922,2006,-3922,-638,378,-477,1
20,-1985,104,2013,525,-918,271,1
21,2466,2409,726,-112,16,-55,1
22,-212,930,-32,-35,30,-65,1
23,-158,1080,-22,-41,30,-73,1
24,-67,1083,33,-49,72,-111,1
25,3,1353,-28,-43,98,-148,1
26,65,1399,9,-25,100,-185,1
27,363,1738,-291,-21,56,-202,1
28,305,1549,-50,-6,-83,-256,1
29,59,1043,-571,-41,-68,-293,1
30,-180,959,-689,88,203,-258,1
31,-577,1024,-308,-64,273,-172,1
32,-294,850,-453,5,257,-122,1
33,366,596,-509,-182,28,-47,1
34,443,312,-587,-104,261,57,1
35,-237,697,-443,-128,388,88,1
36,-111,447,-116,-160,210,264,1
37,-21,589,-342,-80,167,355,1
38,-65,617,-277,-83,153,415,1
39,-55,785,-251,-43,99,507,1
40,-34,1068,-275,-19,102,592,1
41,-185,1467,-200,44,102,683,1
42,-418,2553,-175,-25,108,686,1
43,-945,2121,-852,-161,-16,562,1
44,-3191,1437,-659,-11,546,450,1
45,-135,916,713,10,-656,-401,1
46,1461,1179,-2331,-85,-250,11,1
47,-389,1748,-11,252,736,-296,1
48,-176,1086,497,-59,-112,-80,1
49,237,1106,-206,93,-7,-70,1
50,434,865,-112,-9,-103,-58,1
51,469,815,-472,56,-78,-120,1
52,298,854,-291,18,-93,-125,1
53,326,940,-184,-7,-129,-128,1
54,313,906,-305,5,-68,-171,1
55,161,915,-291,-29,-86,-171,1
56,112,957,-158,-28,-58,-163,1
57,54,933,-227,-18,-62,-150,1
58,32,943,-209,-17,-74,-142,1
59,60,948,-198,-11,-69,-162,1
60,51,1006,-237,-9,-66,-200,1
61,87,1124,-251,-27,-60,-238,1
62,103,1366,-128,-42,-62,-267,1
63,95,1496,81,-14,-35,-307,1
64,366,1645,-267,78,-12,-403,1
65,680,2282,134,199,8,-375,1
1,494,3467,736,5,-216,-478,1
2,143,1412,-180,15,-513,-235,1
3,1351,1610,-1951,269,117,-218,1
4,63,665,-585,-271,-2,-239,1
5,-695,475,763,-202,375,-49,1
6,-311,143,-124,-1,68,156,1
7,151,-5,-369,34,-196,224,1
8,518,130,101,-76,6,324,1
9,269,327,-143,-81,206,500,1
10,-157,644,-247,-98,52,558,1
11,159,882,-224,-100,52,648,1
12,5,1513,-391,-93,148,711,1
13,-127,2456,-1162,10,324,822,1
14,-1486,2977,-1405,-118,165,563,1
15,-3922,2036,-1369,-125,48,731,1
16,-1288,822,-422,12,-641,-418,1
17,3665,2986,1090,-303,-1075,214,1
18,319,780,51,374,1435,-486,1
19,-2253,1125,-3236,175,33,-554,1
20,402,395,-868,55,-76,-151,1
21,96,945,-264,24,-58,-145,1
22,897,118,-175,120,-224,370,1
23,509,271,275,274,313,407,1
24,-281,1178,7,207,209,525,1
25,-83,762,325,-86,-121,606,1
26,88,1205,203,87,36,699,1
27,-452,1776,-19,-25,-48,782,1
30,-1652,1591,-554,-13,202,182,1
31,-119,868,-387,-114,-214,-350,1
32,890,2467,-3321,-72,-150,168,1
33,-291,1604,788,79,689,-432,1
34,-1100,1125,307,149,-29,-188,1
35,598,888,-930,52,-82,-141,1
36,37,855,-474,1,-136,-56,1
37,478,859,-185,8,-90,-79,1
38,40,872,-422,14,-84,-71,1
39,424,833,-444,-7,-124,-69,1
40,238,873,-387,-9,-67,-126,1
41,41,890,-449,-12,-83,-118,1
42,161,899,-395,-9,-81,-116,1
43,92,899,-409,0,-83,-133,1
44,-3,881,-397,6,-97,-134,1
45,-31,979,-319,18,-82,-119,1
46,73,1024,-276,27,-95,-151,1
47,50,1088,-438,26,-97,-202,1
48,187,1211,-383,58,-147,-222,1
49,-33,1239,-261,44,-136,-287,1
50,292,1583,-666,250,-102,-252,1
51,255,2183,408,95,-307,-202,1
52,171,1627,-268,116,-535,-90,1
53,216,1587,-1252,278,-318,-235,1
54,7,824,-778,14,-192,-135,1
55,-493,391,192,21,285,38,1
56,-84,71,108,69,-402,228,1
57,487,173,187,66,-505,278,1
58,496,265,78,163,57,405,1
59,51,1030,93,102,295,520,1
62,158,1479,-121,28,83,662,1
63,-612,2212,-172,2,238,694,1
64,-1474,2323,-568,-110,45,571,1
65,-1153,1679,-963,-57,257,338,1
1,-11,1605,-327,-32,82,-263,1
2,116,2114,-73,-77,-79,-353,1
3,823,2219,-82,-79,-232,-263,1
4,437,1752,-498,-40,107,-341,1
5,514,1040,-350,65,-83,-198,1
6,-474,671,-938,-97,309,-192,1
7,-389,751,201,-152,434,-37,1
8,37,161,-69,-167,-288,159,1
9,544,110,-489,-147,-293,265,1
10,451,199,-248,-23,336,351,1
11,-62,891,-342,-72,394,437,1
12,-211,679,-310,-123,78,551,1
13,164,857,-437,0,-14,630,1
14,-30,1684,-648,25,221,688,1
15,-515,2306,-929,75,226,707,1
16,-1887,2618,-577,-68,304,699,1
17,-2252,1534,-1252,22,-26,376,1
18,-2610,1326,-73,98,-134,-94,1
19,1893,1459,1040,-59,-817,-193,1
20,1004,1284,-712,32,404,-271,1
21,-1344,2404,-1490,233,964,-574,1
22,-182,941,-138,-2,-38,-112,1
23,-74,1013,-112,-9,-45,-129,1
24,14,1188,-151,-26,-22,-203,1
25,-56,1312,-118,-18,45,-234,1
26,-38,1422,-269,-22,64,-260,1
27,-29,1754,-419,-50,0,-305,1
28,408,2138,-40,-71,-235,-296,1
29,942,1985,25,-83,-273,-244,1
30,563,1398,-335,78,58,-305,1
31,-160,1449,-1352,-22,25,-224,1
32,-441,481,-246,-156,198,-122,1
33,-343,425,322,-17,331,10,1
34,-77,245,-262,-56,-221,196,1
37,-8,363,-278,149,360,504,1
38,-220,1070,-551,-38,95,584,1
39,7,1011,-345,33,107,664,1
40,-334,1871,-883,52,217,689,1
41,-1215,2412,-1059,29,355,662,1
42,-2657,2109,-656,-22,-153,505,1
43,-2407,1399,-571,62,-86,258,1
44,-1640,1756,-128,-27,-175,-162,1
45,2396,1176,554,-44,-1436,142,1
46,1272,1306,184,112,998,-370,1
47,-960,1455,-1693,136,978,-362,1
48,-873,373,-278,30,-252,-92,1
49,302,1021,131,-65,-456,-159,1
50,504,1101,-469,30,-72,-187,1
51,-331,914,-365,1,-112,-122,1
52,325,1019,-244,-3,-110,-103,1
53,-36,914,-317,-5,-61,-111,1
54,-55,928,-261,-24,-16,-112,1
55,-22,975,-209,-13,-53,-76,1
56,-67,961,-236,0,-16,-81,1
57,-16,962,-237,0,-39,-84,1
58,-27,993,-152,1,-21,-120,1
59,14,1014,-150,8,-31,-141,1
60,-14,1122,-233,7,-3,-186,1
61,49,1276,-93,8,-14,-223,1
62,-113,1302,-13,12,-2,-260,1
63,-187,1608,26,18,-88,-267,1
64,335,2234,373,-47,-394,-207,1
65,1420,2029,-63,-89,-507,-186,1
1,640,2294,132,-135,-332,-277,1
2,630,1100,-283,91,-133,-249,1
3,-13,1092,-1624,-27,293,-199,1
4,-480,174,-209,-256,343,-127,1
5,-558,220,972,-132,453,28,1
6,-284,-24,-159,-45,-179,193,1
7,307,-8,-289,-29,-428,296,1
8,640,22,-369,15,159,421,1
9,67,387,-140,75,401,479,1
10,-280,823,-259,-63,114,571,1
11,12,962,-58,3,-67,674,1
12,-68,2099,-581,74,69,737,1
13,-905,2896,-1095,77,313,683,1
14,-2385,2153,-350,-36,59,450,1
15,-3495,1129,-1440,105,-215,181,1
16,1243,1559,-358,-138,-495,-216,1
17,1517,537,-1030,130,601,-183,1
18,-1551,2923,-875,244,834,-683,1
19,-904,630,956,15,-230,-94,1
20,844,1153,-752,-2,-165,-38,1
21,-93,970,-176,-19,-43,-210,1
24,-246,770,-165,-348,449,299,1
25,-144,912,-267,-426,336,393,1
26,103,1131,-411,-436,391,467,1
27,-335,1939,-638,-432,568,361,1
28,2,1872,-1880,-205,945,402,1
29,-1591,1559,-3645,-216,1309,-185,1
30,-2903,-281,-954,170,-256,546,1
31,1337,1256,-3800,-30,-969,90,1
32,1784,1798,1726,62,301,15,1
33,-1051,869,1057,162,259,84,1
34,-177,993,-660,81,-135,77,1
35,60,1021,-75,36,-104,123,1
36,495,889,51,56,-7,81,1
37,297,972,-128,62,71,22,1
38,228,929,-223,46,52,-5,1
39,89,1006,-23,37,101,-5,1
40,119,973,-57,37,40,-1,1
41,138,999,-87,26,61,-22,1
42,67,964,-39,16,21,-20,1
43,161,961,-136,13,30,-24,1
44,110,968,-102,0,62,-44,1
45,74,1013,-78,-6,57,-50,1
46,75,982,-130,-36,90,-64,1
47,13,986,-121,-57,77,-40,1
48,90,1069,-170,-69,55,20,1
49,160,1040,-143,-106,78,0,1
50,285,1074,-132,-130,87,-88,1
51,495,1255,-297,-140,66,-146,1
52,173,1961,-254,-164,394,-81,1
53,-60,1330,-313,-59,539,-101,1
54,-111,1299,-921,-26,584,-287,1
55,187,626,-669,5,540,-256,1
56,-240,704,-625,28,296,-254,1
57,-12,663,-502,97,158,-78,1
58,127,488,-432,10,205,2,1
59,24,340,-319,42,161,81,1
60,129,385,-289,53,152,174,1
61,39,506,-276,83,214,243,1
62,48,648,-192,96,226,327,1
63,29,902,-183,110,236,410,1
64,65,1405,-362,96,274,488,1
65,-110,1855,-210,74,310,418,1
1,-86,1003,-150,-44,-39,-246,1
2,-202,1344,-118,-70,-48,-246,1
3,-102,1603,-140,-43,-109,-229,1
4,236,1617,69,156,4,-219,1
5,124,1946,-141,-107,58,-294,1
6,-47,898,140,-50,27,-226,1
7,-80,893,-430,12,129,-235,1
8,-85,790,-634,-37,235,-165,1
9,-101,692,-229,-146,155,-133,1
10,-309,417,45,-106,345,-34,1
11,-37,448,-280,-157,41,116,1
12,442,224,-222,-217,12,239,1
13,89,210,-225,-142,208,307,1
14,-261,716,-228,-170,66,374,1
15,32,559,-83,-177,-41,471,1
16,264,1060,-174,-116,80,527,1
17,-202,1995,-1062,-46,456,499,1
18,-411,1791,188,-154,319,536,1
19,-2249,1516,-2985,244,806,80,1
20,-3922,1767,1478,-561,-577,-508,1
21,1554,-836,-3838,562,-1214,529,1
22,-54,976,-40,-37,-17,-152,1
23,-138,993,-11,-50,-9,-160,1
24,-97,1064,54,-44,-12,-146,1
25,21,1192,108,-41,45,-162,1
26,-3,1352,108,-42,108,-189,1
27,209,1827,-179,-79,113,-233,1
28,412,2284,-353,-116,29,-336,1
29,548,1665,-43,-168,-84,-289,1
30,487,967,-274,-105,148,-247,1
31,48,864,-920,-59,448,-232,1
32,-22,936,-187,-209,432,-89,1
33,-583,505,-503,-181,515,-90,1
34,-396,473,-786,-122,292,27,1
35,155,445,-831,-277,72,106,1
36,36,215,-514,-318,282,211,1
37,-215,304,-353,-226,349,304,1
38,-178,581,-562,-277,19,402,1
39,282,474,-292,-159,34,501,1
40,26,1311,-847,-105,315,534,1
41,-224,1660,-761,-35,460,565,1
42,-714,1933,-1193,29,547,527,1
43,-1418,2128,-729,68,448,427,1
44,-2186,1049,-701,110,12,319,1
45,-1242,1548,-844,82,443,-275,1
46,688,941,-277,204,-418,-75,1
47,-367,1361,1738,68,182,-382,1
48,135,805,-532,79,-167,-179,1
49,332,972,-60,36,118,-199,1
50,-128,1067,96,29,-33,-147,1
51,35,1000,-146,10,2,-177,1
52,-191,1011,-121,-7,-26,-134,1
53,-118,1012,34,-13,-27,-106,1
54,-12,1005,-57,-12,-18,-85,1
55,-83,971,-46,-21,-19,-85,1
56,-185,937,-34,-26,-8,-108,1
57,-150,933,-45,-24,9,-85,1
58,-179,947,-9,-32,15,-96,1
59,-109,1023,-57,-43,26,-111,1
60,-48,1103,53,-45,41,-128,1
61,30,1228,24,-54,91,-173,1
62,60,1469,-9,-60,117,-232,1
63,494,2033,-408,-92,94,-265,1
64,534,2170,-182,-114,-44,-312,1
65,518,1117,-251,-121,110,-200,1
1,441,1619,-60,-44,-55,-268,1
2,29,1278,27,-25,2,-259,1
3,-124,1051,-597,46,13,-263,1
4,-165,760,-549,22,-11,-179,1
5,-105,664,-146,-76,-108,-33,1
6,-178,452,-181,9,269,-4,1
7,-148,449,-628,-23,254,129,1
8,84,467,-366,-144,111,199,1
9,120,326,29,-87,94,343,1
10,-102,615,-391,-34,-4,339,1
11,-10,758,-232,12,25,501,1
12,153,1049,-143,44,36,548,1
13,-197,1564,-403,99,57,599,1
14,-460,1861,-556,111,134,578,1
15,-1349,2058,-285,75,89,511,1
16,-1689,1482,-128,16,148,307,1
17,-2205,1102,343,48,70,119,1
18,1299,2174,1705,-46,-403,-222,1
19,19,946,-172,-20,-36,-106,1
20,-133,922,-209,-21,-34,-109,1
21,-59,933,-213,-19,-58,-102,1
22,-80,597,-859,107,-57,-192,1
23,-155,582,-13,-72,99,-136,1
24,-350,370,227,-33,7,-10,1
25,453,145,-203,28,-128,182,1
26,367,298,-406,27,244,200,1
27,-256,685,-298,-64,318,237,1
28,-108,370,-1,-21,73,405,1
29,-42,784,-379,61,10,505,1
30,-107,986,-151,68,36,540,1
31,-219,1359,-251,132,-13,617,1
32,-661,1771,-228,172,-118,648,1
33,-1231,2382,-297,64,-341,651,1
34,-1293,1554,559,-13,-292,408,1
35,-1563,643,713,58,34,46,1
36,953,1391,-93,-4,-340,-145,1
37,1449,907,-1145,32,507,-72,1
38,-1363,713,177,-73,331,-307,1
39,-464,1273,37,80,-264,-69,1
40,421,863,-674,40,13,-137,1
41,-80,848,-447,20,-12,-79,1
42,157,913,-295,-10,-164,-40,1
43,193,924,-393,-5,-99,-76,1
44,90,903,-447,-11,-140,-71,1
45,162,920,-330,-20,-127,-89,1
46,76,915,-324,-22,-88,-116,1
47,-69,890,-382,-16,-82,-113,1
48,-33,928,-316,-15,-74,-113,1
49,-57,925,-310,-9,-65,-123,1
50,-196,899,-273,-4,-54,-129,1
51,-159,912,-298,6,-51,-129,1
52,-254,952,-340,15,-51,-126,1
53,-167,1005,-306,13,-56,-127,1
54,-176,1097,-312,16,-73,-147,1
55,-223,1182,-336,19,-90,-158,1
56,-205,1338,-260,46,-166,-134,1
57,76,1697,-53,158,-203,-122,1
58,330,2756,-182,54,-230,-284,1
59,-217,1045,202,152,-395,-64,1
60,-368,851,-950,249,-314,-118,1
61,-115,592,-372,68,-279,-78,1
62,-125,265,107,63,-241,73,1
63,567,79,339,245,-508,276,1
64,611,267,4,224,-233,304,1
65,312,448,108,241,141,389,1
1,-93,986,-236,-22,-32,-153,1
2,-148,994,-100,-23,-42,-175,1
3,-110,1078,-82,-24,-36,-200,1
4,-72,1218,-17,-32,-37,-224,1
5,-87,1577,32,-19,-61,-274,1
6,323,1839,-276,158,-23,-260,1
7,628,2299,-247,-134,32,-237,1
8,101,603,205,-24,92,-228,1
9,-305,581,-639,44,352,-262,1
10,-489,606,307,-99,32,-99,1
11,344,257,69,-124,-166,122,1
12,477,114,-300,-158,3,199,1
13,285,367,-53,-172,288,274,1
14,-211,723,-170,-234,218,297,1
15,178,859,-146,-244,186,456,1
16,189,1504,-478,-270,415,482,1
17,-571,1915,-715,-257,636,415,1
18,-194,1803,-1445,-191,867,305,1
19,-2831,1175,-2715,94,1096,149,1
20,-3765,353,-126,-59,-416,-91,1
21,1734,1358,-3922,183,-1114,189,1
22,-144,948,-57,-16,41,-120,1
23,-160,974,-93,-22,15,-109,1
24,-97,1070,16,-21,23,-125,1
25,-34,1140,59,-15,63,-152,1
26,1,1456,-68,-2,24,-180,1
27,247,1908,-238,-62,42,-185,1
28,208,1789,260,-118,17,-271,1
29,345,1033,-36,-137,47,-186,1
30,169,680,-593,-69,449,-241,1
31,-258,659,-868,-141,658,-227,1
32,-549,534,-302,-246,530,-140,1
33,-342,409,-314,-230,205,-8,1
34,289,423,-662,-276,-13,135,1
35,313,381,-727,-270,272,186,1
36,-156,798,-535,-284,413,153,1
37,-132,569,-82,-230,130,324,1
38,233,913,-628,-185,203,379,1
39,-90,1068,-373,-139,412,379,1
40,1,1442,-561,-98,435,451,1
41,-201,1753,-1039,-43,435,445,1
42,-968,1459,-1159,82,457,407,1
43,-2721,1339,-260,32,-96,415,1
44,-410,1333,-576,-80,-319,60,1
45,849,1003,393,23,-253,-114,1
46,645,650,-344,175,379,-169,1
47,-991,1093,-571,129,88,-225,1
48,402,833,-407,43,-273,-104,1
49,503,1026,-25,36,154,-174,1
50,-412,906,55,47,17,-117,1
51,38,1020,-28,40,-28,-59,1
52,-3,950,-157,40,-11,-42,1
53,-28,968,-141,9,-30,-36,1
54,68,965,-108,25,-20,-28,1
55,40,977,-167,21,-23,-35,1
56,20,960,-131,20,1,-43,1
57,9,979,-126,17,3,-54,1
58,28,938,-154,4,-11,-70,1
59,-7,997,-158,9,8,-88,1
60,-104,960,-155,6,3,-90,1
61,-136,955,-155,8,0,-83,1
62,-151,963,-167,9,-3,-79,1
63,-177,954,-150,5,-8,-72,1
64,-134,981,-159,0,-8,-69,1
65,-175,959,-153,-6,-2,-77,1
1,-93,1062,-393,7,-132,-169,1
2,-110,1191,-203,-22,-95,-207,1
3,-19,1462,-177,-28,-95,-239,1
4,-10,1536,-3,57,-13,-260,1
5,-142,2324,-328,14,2,-267,1
6,462,2529,30,36,-376,-334,1
7,1082,1735,-281,59,-256,-235,1
8,204,2087,-1839,165,-133,-365,1
9,528,693,-645,-242,-70,-85,1
10,-710,442,86,-68,519,-40,1
11,-576,56,229,25,13,269,1
12,382,32,-377,-66,-308,430,1
13,680,81,93,-91,-157,478,1
14,334,292,183,127,66,597,1
15,-235,1507,-414,36,91,643,1
16,-5,1362,63,64,58,758,1
17,-554,2201,-611,48,234,723,1
18,-1711,2881,-645,-11,313,567,1
19,-2478,1625,-1153,-56,227,344,1
20,-3922,1195,-577,-18,-47,47,1
21,2555,2153,1362,-117,-1368,19,1
22,-82,1017,-275,11,-97,-120,1
23,-58,1136,-248,5,-106,-146,1
24,-13,1212,-168,-7,-77,-210,1
25,-24,1342,-151,-19,-45,-269,1
26,-9,1646,-292,46,40,-329,1
27,339,1991,-476,31,6,-302,1
28,755,2669,-90,19,-389,-352,1
29,885,1613,-427,120,-177,-366,1
30,-23,1922,-1582,115,-103,-228,1
31,-255,576,-513,-180,183,-116,1
32,-773,498,622,-42,56,39,1
33,263,113,84,-69,-308,352,1
34,655,6,-343,-108,-244,441,1
35,455,111,-5,71,327,455,1
36,-383,1657,-68,59,230,534,1
37,130,808,356,-67,31,668,1
38,-39,1761,-574,-7,195,678,1
39,-745,2078,-830,3,323,702,1
40,-1568,2045,-872,-26,202,510,1
41,-2331,1613,-873,-26,138,382,1
42,-3721,1013,-648,20,-58,288,1
43,1787,1920,1173,-201,-413,-302,1
44,798,1324,-1330,119,612,-309,1
45,-2275,1115,-2162,289,214,-961,1
46,-278,745,-409,197,-134,-185,1
47,-455,808,69,-37,-299,-164,1
48,358,1065,-102,34,-96,-168,1
49,-254,911,-423,39,-44,-148,1
50,-117,925,-247,23,-86,-91,1
51,-165,941,-143,29,-49,-89,1
52,-97,915,-364,32,-68,-60,1
53,-171,900,-243,24,-57,-56,1
54,-33,934,-270,32,-60,-63,1
55,-122,907,-295,34,-62,-98,1
58,-35,1229,-280,4,-67,-263,1
59,-72,1432,-292,-6,-63,-302,1
60,-132,1679,-433,30,-145,-307,1
61,478,2658,-447,85,-179,-279,1
62,284,2415,362,79,-281,-288,1
63,405,1204,-725,262,-445,-268,1
64,234,1011,-1143,77,-88,-47,1
65,-781,204,20,-130,260,-6,1
1,-1161,2155,253,-45,-120,440,1
2,-3595,1348,317,-21,53,-172,1
3,1355,1006,-1020,54,-887,-101,1
4,1681,1527,-1064,-62,247,1,1
5,-730,1422,-176,25,625,-559,1
6,-1046,909,-29,82,-187,-121,1
7,461,782,-821,-6,-141,-98,1
8,-154,822,-354,-32,-149,-69,1
9,181,1012,-347,-8,-101,-52,1
10,-5,875,-416,-6,-97,-57,1
11,48,900,-380,-20,-72,-63,1
12,83,901,-420,-20,-50,-86,1
13,-136,877,-404,-19,-52,-87,1
14,-40,1791,71,76,-314,-225,1
15,515,1857,-174,66,-474,-136,1
16,204,1254,-134,146,-165,-182,1
17,-349,1247,-1076,177,-272,-181,1
18,4,560,-795,3,-265,-102,1
19,-240,572,162,19,198,11,1
20,-86,220,584,12,-317,182,1
21,433,86,23,109,-546,338,1
22,-676,2023,-1378,24,981,-544,1
23,-1168,57,-276,-21,-149,-336,1
24,-82,1412,-853,80,-473,-35,1
25,484,864,-218,4,-121,-93,1
26,-118,824,-279,-63,-34,-162,1
27,107,980,-386,-25,-194,-105,1
28,212,974,-251,-42,-65,-162,1
29,-75,921,-336,-46,-61,-184,1
30,-121,938,-251,-43,-89,-163,1
31,-121,972,-196,-36,-50,-175,1
32,-277,924,-169,-26,-74,-172,1
33,-223,952,-239,-25,-77,-165,1
34,-165,1055,-134,-30,-80,-181,1
35,-175,1208,-135,-53,-58,-230,1
36,-192,1393,-75,-70,-59,-260,1
37,-211,1594,-306,-57,-60,-278,1
38,148,2274,-582,-27,-87,-247,1
39,285,2646,-162,-57,-146,-368,1
40,311,1535,-385,-22,-257,-289,1
41,218,929,-1142,228,-219,-243,1
42,-398,754,-414,-121,324,-83,1
43,-178,256,620,-122,551,104,1
44,144,-101,178,33,-492,308,1
45,527,-90,-68,157,-565,347,1
46,574,195,-371,335,119,384,1
47,213,987,-109,242,486,467,1
48,-340,1056,202,76,177,614,1
49,-174,1460,246,209,-149,683,1
50,-526,2213,-387,156,70,716,1
51,-1694,2701,-408,-8,436,712,1
52,-2635,1691,-438,35,183,389,1
53,-3391,1156,-178,73,206,22,1
54,1473,1375,1035,40,-1474,-142,1
55,2037,1679,-281,-65,688,-222,1
56,-537,1594,-991,86,1123,-666,1
57,-609,139,106,69,-174,-168,1
58,226,1357,-651,-23,-497,-133,1
59,222,948,-213,-19,-65,-170,1
60,-184,907,-348,-14,-83,-143,1
61,14,938,-342,-23,-155,-111,1
62,-17,953,-201,-24,-49,-138,1
63,-143,915,-320,-17,-83,-130,1
64,-197,918,-213,-23,-74,-126,1
65,-183,951,-164,-16,-77,-121,1
1,-153,1320,-84,-49,-40,-235,1
2,48,1527,-318,4,-1,-214,1
3,175,2109,-179,-76,-4,-307,1
4,417,2293,-116,-99,-254,-339,1
5,627,1559,-265,-133,-199,-157,1
6,283,725,-812,80,152,-326,1
7,-216,1016,-690,-115,397,-191,1
8,-526,287,-265,-156,566,-58,1
9,79,-13,502,-146,-308,187,1
10,203,-30,-313,-60,-584,317,1
11,551,-7,-352,92,2,411,1
12,223,440,-167,204,449,481,1
13,-379,1084,-350,18,186,591,1
14,-108,1421,-30,99,-13,650,1
15,-352,2502,-815,141,232,632,1
16,-1401,2385,-964,-47,624,550,1
17,-2486,1326,-138,13,540,321,1
18,-2516,1209,-614,85,72,-48,1
19,1216,1313,672,-81,-602,-140,1
20,-163,948,-113,-20,-39,-142,1
21,-178,971,-105,-13,-54,-136,1
22,-548,291,3,-248,845,29,1
23,-745,66,-354,-251,107,182,1
24,-26,-23,-189,-201,-83,233,1
25,109,-36,-187,-83,-47,378,1
26,157,195,-90,10,197,447,1
27,-122,789,-288,-128,46,539,1
28,-74,936,-179,-120,31,622,1
29,-97,1872,-634,-3,29,679,1
30,-526,2553,-1176,34,404,586,1
31,-1914,2173,-268,52,301,453,1
32,-1809,1075,-578,57,-151,262,1
33,514,1416,-203,-110,-484,-268,1
34,944,1022,-339,50,206,-132,1
35,-436,1795,-68,85,506,-298,1
36,-715,557,260,-2,-200,-50,1
37,559,1000,-773,58,-96,-43,1
38,-112,843,-150,69,35,-50,1
39,49,1001,61,27,-40,7,1
40,307,958,-120,14,-119,-21,1
41,458,1008,-255,16,-99,-71,1
44,155,947,-87,-7,-41,-135,1
45,43,979,-114,-11,-34,-149,1
46,6,978,-63,-5,-37,-144,1
47,59,991,-136,-17,-36,-137,1
48,-54,981,-133,-32,-18,-169,1
49,-34,1019,-121,-46,-26,-182,1
50,-86,1073,-50,-58,-33,-205,1
51,-100,1141,76,-66,-27,-225,1
52,12,1386,247,-42,5,-237,1
53,171,2026,-136,35,3,-262,1
54,560,2468,-183,-165,83,-232,1
55,502,1480,-62,-191,-11,-279,1
56,547,884,-775,-74,424,-245,1
57,62,863,-901,-180,669,-244,1
58,-286,407,-354,-300,385,-184,1
59,-408,425,-478,-250,466,-108,1
60,16,412,-1166,-235,345,13,1
61,220,299,-1129,-370,266,55,1
62,-18,163,-880,-400,238,176,1
63,-267,285,-699,-258,165,320,1
64,347,163,-1452,-358,-216,371,1
65,405,538,-149,-180,-7,633,1
1,-2859,1839,-725,-43,-124,603,1
2,-2733,1164,-579,18,-276,249,1
3,851,2063,614,-205,-416,-151,1
4,1200,569,-747,65,16,-150,1
5,-634,1886,-834,317,681,-478,1
6,-374,609,433,-124,-177,-108,1
7,182,1447,-865,7,130,-55,1
8,67,867,341,75,-114,-53,1
9,287,884,-291,91,33,-177,1
10,-167,928,-422,24,-106,-97,1
11,252,962,-145,11,-192,-50,1
12,211,947,-250,27,-9,-143,1
13,1,912,-381,18,-88,-106,1
14,28,964,-166,5,-71,-114,1
15,-56,957,-204,15,-68,-115,1
16,75,1276,-1480,117,147,-193,1
17,-206,355,-153,-132,91,-161,1
18,-570,321,820,-60,-65,44,1
19,323,96,-36,51,-449,258,1
20,696,83,-313,-3,-248,354,1
21,467,241,51,112,242,394,1
22,190,570,-216,199,-232,-44,1
23,253,939,-71,-42,-196,-167,1
24,294,1091,-288,36,-94,-141,1
25,195,947,-448,26,-73,-161,1
26,-174,955,-230,-2,-152,-115,1
27,231,981,-204,5,-63,-144,1
28,-135,922,-335,4,-67,-146,1
29,-141,924,-231,0,-79,-119,1
30,-80,947,-218,7,-81,-119,1
31,-165,955,-234,7,-79,-130,1
32,-82,960,-316,5,-86,-140,1
33,-26,1105,-211,-20,-74,-172,1
34,-56,1274,-83,-24,-62,-220,1
35,-122,1383,-67,-9,-30,-260,1
36,-72,1690,-278,81,15,-307,1
37,484,2108,-349,-8,-62,-266,1
38,935,2415,-26,-9,-388,-323,1
39,850,1471,-632,73,-188,-283,1
40,192,1661,-1735,41,363,-240,1
41,-557,400,24,-182,333,-277,1
42,-806,239,317,-112,-232,178,1
43,651,-9,-128,-38,-521,262,1
44,824,39,-506,-121,28,382,1
45,189,191,55,63,453,407,1
46,-558,853,-576,-56,39,450,1
47,260,657,-50,10,36,616,1
48,44,1368,-364,-47,197,667,1
49,-456,2192,-767,48,331,778,1
50,-908,2722,-1006,-44,455,683,1
51,-3380,1871,-1386,-39,24,525,1
52,-2494,628,-337,16,-190,-100,1
53,2728,1906,1659,-201,-1068,24,1
54,626,1237,-828,383,1281,-443,1
55,-2610,123,349,-115,-48,-602,1
56,189,640,-251,409,-292,-89,1
57,370,588,269,-31,-228,-215,1
58,124,1014,-51,29,-32,-160,1
59,-153,954,-267,26,-112,-112,1
60,145,964,-194,25,-110,-97,1
61,89,964,-290,25,-86,-125,1
62,-35,937,-296,7,-66,-143,1
63,-54,959,-219,8,-82,-140,1
64,-101,995,-205,7,-67,-161,1
65,-138,966,-261,8,-61,-178,1
1,-120,574,576,-8,-156,564,1
2,54,1034,179,197,-48,595,1
3,-124,1284,459,111,-5,657,1
4,-533,1898,-14,80,-121,712,1
5,-794,2286,115,46,-176,664,1
6,-742,2146,-143,-62,70,517,1
7,114,956,-322,-30,-75,-91,1
8,22,941,-370,-32,-62,-106,1
9,-31,926,-312,-29,-77,-105,1
10,-61,902,-260,-18,-86,-115,1
11,-184,966,-247,-13,-89,-119,1
12,-76,973,-175,-14,-84,-132,1
13,-24,1026,-210,-17,-102,-188,1
14,7,1146,-292,-37,-115,-246,1
15,-85,1279,-119,-55,-76,-281,1
16,145,1355,-291,110,67,-209,1
17,-143,2513,-512,-38,-93,-341,1
18,662,2202,-98,-7,-513,-267,1
19,592,1478,-128,-7,-244,-143,1
20,-421,1221,-1898,59,252,-319,1
21,-547,568,-26,-201,423,-201,1
22,-1548,1162,-462,66,217,129,1
23,-184,2142,1092,12,106,-210,1
24,-234,1125,236,111,276,-265,1
25,-223,896,-954,4,-63,-285,1
26,-364,1076,-46,-2,-109,-189,1
27,205,1072,263,20,-82,-156,1
28,-376,908,-284,22,-74,-120,1
29,42,1000,-288,0,-51,-99,1
30,-132,988,-80,-7,-51,-80,1
31,-128,964,-77,-3,-54,-60,1
32,-62,869,-240,10,-17,-46,1
33,-184,921,-226,0,-44,-33,1
34,-138,910,-113,-3,-50,-28,1
35,-85,953,-175,-2,-61,-33,1
36,-85,965,-146,-7,-51,-48,1
37,-133,966,-136,-10,-46,-59,1
38,-156,1029,-191,-14,-49,-65,1
39,-196,1002,-262,-26,-42,-52,1
40,-343,967,-161,-35,-51,10,1
41,-459,707,-362,-28,-50,0,1
42,-453,599,-850,-10,-238,60,1
43,-316,747,-937,61,-531,136,1
44,-101,958,-674,91,-725,201,1
45,194,1889,2110,-81,-757,219,1
46,65,775,253,-27,-342,88,1
47,-876,860,465,24,-506,102,1
48,-44,447,-574,-31,-668,-45,1
49,-256,933,-737,180,-1016,181,1
50,92,860,-228,19,-790,51,1
51,-79,922,-111,18,-715,21,1
52,-98,993,-79,6,-400,-64,1
53,-132,838,-187,-16,-195,-79,1
54,-411,712,-319,-13,-133,-104,1
55,-390,765,-396,3,-202,-108,1
56,-374,757,-389,1,-254,-99,1
57,138,392,-264,-40,-292,-164,1
58,682,1202,-744,78,-635,121,1
59,3922,2693,-800,16,217,301,1
60,-3397,350,272,-264,645,-545,1
61,-356,1379,-539,245,-388,112,1
62,-302,875,-101,14,169,-61,1
63,-61,1007,-213,65,-43,21,1
64,-344,931,-21,31,17,1,1
65,-246,954,-208,55,-21,37,1
1,-34,983,-261,-70,-140,-60,1
2,-69,975,-160,-78,-83,-59,1
3,-69,928,-144,-80,-72,-62,1
4,-114,927,-115,-83,-64,-70,1
5,-121,918,-65,-86,-65,-76,1
6,-171,930,-68,-86,-40,-81,1
7,-139,977,7,-104,-46,-88,1
8,31,1112,-162,-104,-64,-126,1
9,-85,1323,-255,-119,-13,-176,1
10,-357,1551,-263,-71,-36,-167,1
11,-524,1367,-746,-20,-164,-90,1
12,-381,645,-823,51,-258,-143,1
13,-447,167,-201,63,-454,-90,1
14,475,84,-254,227,-328,27,1
15,155,466,-279,291,7,105,1
16,-926,987,-347,227,3,9,1
17,-651,1118,113,337,-473,124,1
18,-1125,873,737,193,-886,51,1
19,2713,3000,3313,156,-1050,532,1
20,2155,639,-779,-98,659,16,1
21,-2714,945,592,-135,1066,-398,1
22,-134,878,-247,123,-330,40,1
23,-94,789,-92,96,-306,33,1
24,-164,1003,-469,98,-158,2,1
25,317,931,-43,69,-279,60,1
26,656,1405,-138,32,46,44,1
27,-53,1124,-11,43,353,-106,1
28,-407,865,-811,50,112,-47,1
29,-69,862,-355,40,10,10,1
30,105,847,-164,26,6,-31,1
31,31,907,-487,28,-11,-88,1
32,-318,931,-251,8,-56,-64,1
33,-81,1064,-206,18,-91,-43,1
34,-176,968,-320,2,-20,-44,1
35,-246,934,-327,6,-61,-12,1
36,-151,931,-279,6,-63,1,1
37,-118,934,-287,2,-70,-10,1
38,-130,885,-282,1,-58,-30,1
39,-196,915,-227,-4,-61,-33,1
40,-181,943,-269,-1,-73,-36,1
41,-211,931,-251,-4,-49,-46,1
42,-202,916,-264,-9,-55,-48,1
43,-217,956,-260,-4,-47,-57,1
44,-284,922,-247,-8,-42,-61,1
45,-280,917,-211,-2,-56,-64,1
46,-258,930,-256,-5,-41,-83,1
47,-337,934,-218,-8,-50,-95,1
48,-284,999,-284,-4,-73,-110,1
49,-232,1089,-164,-9,-59,-136,1
50,-342,1135,-113,48,42,-137,1
51,-528,1479,-276,-13,41,-140,1
52,-363,1481,-275,5,-104,-204,1
55,-481,946,-99,58,-114,-39,1
56,-172,771,-470,116,-125,-154,1
57,-300,647,-606,30,-148,-135,1
58,-355,490,-326,8,62,-68,1
59,1,530,135,-26,-143,72,1
60,285,316,0,35,-341,142,1
61,273,546,-462,89,-72,267,1
62,86,881,-88,32,271,357,1
63,-111,860,155,60,88,414,1
64,71,991,-201,158,-111,460,1
65,125,1291,-253,158,169,486,1
1,-1323,2209,-390,-63,408,594,1
4,1117,1100,535,130,-884,-80,1
5,702,1498,-611,21,571,-192,1
6,-822,1525,-1033,-137,555,-454,1
7,-289,322,121,102,-196,-94,1
8,153,1126,-208,22,-356,-20,1
9,405,862,-263,28,147,-125,1
10,-494,1048,-337,-5,52,-112,1
11,77,883,-377,25,-198,-56,1
12,180,1053,-312,-35,-76,-105,1
13,-71,942,-281,-35,-71,-139,1
14,-35,952,-310,-46,-122,-127,1
15,248,2159,-372,-78,-250,-288,1
16,93,1420,-52,-112,-125,-223,1
17,34,778,-628,62,75,-233,1
18,-303,825,-749,-62,160,-202,1
19,-448,446,-166,-134,326,-135,1
20,-45,377,193,-126,46,72,1
21,135,213,-64,-45,-384,201,1
22,600,1244,-1201,130,-357,-102,1
23,0,1360,196,-42,499,-386,1
24,-667,674,129,154,-27,-154,1
25,343,866,-239,6,-220,-110,1
26,73,1036,-56,30,4,-179,1
27,-37,969,-251,27,-74,-137,1
28,59,984,-244,3,-109,-111,1
29,92,988,-226,2,-44,-141,1
30,-97,962,-227,-5,-65,-143,1
31,-63,969,-177,-11,-64,-146,1
32,-172,936,-169,-15,-40,-146,1
33,-254,919,-106,-11,-57,-124,1
34,-188,958,-154,-7,-46,-114,1
35,-240,965,-149,-9,-38,-107,1
36,-147,1009,-113,-15,-41,-118,1
37,-137,1143,-58,-36,-20,-171,1
38,-153,1221,-136,-41,-18,-205,1
39,-278,1387,-216,6,36,-221,1
40,37,1700,-312,-20,-14,-195,1
41,428,2277,65,-83,-163,-307,1
42,532,1779,66,-104,-246,-240,1
43,243,1083,-340,41,74,-245,1
44,-111,951,-1171,-7,242,-202,1
45,-198,321,-166,-204,120,-123,1
46,-488,316,-98,-70,529,19,1
47,-341,301,-104,-95,-93,148,1
48,223,203,-358,-132,-285,270,1
49,412,246,-254,-135,3,372,1
50,120,400,-235,-33,305,472,1
51,-311,688,-328,-116,40,523,1
52,96,1198,-429,5,60,631,1
53,-175,1833,-549,52,263,630,1
54,-852,2219,-1064,74,370,581,1
55,-1670,2172,294,-89,476,580,1
56,-2503,1165,-1288,74,72,210,1
57,-599,1426,16,17,-69,-251,1
58,1179,826,-374,110,-914,-36,1
59,269,2079,-673,22,677,-278,1
60,-141,680,1776,32,215,-133,1
61,-117,1180,-339,34,-347,-136,1
62,648,713,-312,21,-151,-106,1
63,-44,1115,-1,17,70,-176,1
64,126,1027,-215,17,-160,-79,1
65,137,1006,-162,6,-51,-102,1
1,-175,1600,-376,-56,22,-222,1
2,29,2164,-147,-76,-202,-325,1
3,511,2264,-122,-116,-313,-283,1
4,298,1298,-453,-86,-27,-216,1
5,-161,863,-1169,124,176,-260,1
6,-315,574,-387,-181,246,-120,1
7,-693,251,-139,-167,571,-8,1
8,-85,78,594,-135,-68,141,1
9,108,43,-19,-44,-531,222,1
10,373,125,-431,103,-377,375,1
11,469,511,-388,143,252,428,1
12,-67,969,-326,52,397,484,1
13,-258,955,-88,56,121,597,1
14,-246,1451,-303,189,-59,653,1
15,-750,2217,-671,149,199,708,1
16,-1637,2450,5,-91,73,715,1
17,-1985,1728,-120,14,-480,402,1
18,-2182,1384,700,26,11,-50,1
19,1461,1587,1151,101,-1127,-45,1
20,1604,1670,-65,-60,760,-241,1
21,-969,1449,-2750,109,1260,-762,1
22,-140,1018,-23,-68,-117,-95,1
23,-59,1154,-84,-99,-137,-47,1
24,-218,1036,25,-99,-218,-97,1
25,-434,936,-129,-91,-190,-61,1
26,-597,1043,-231,-114,-225,15,1
27,-590,1177,-698,-146,-284,116,1
28,-858,795,-1730,-87,-447,203,1
29,-611,611,-1776,24,-1041,227,1
30,-1059,813,-2506,112,-1005,131,1
31,-895,1603,392,-16,-1743,-148,1
32,607,1558,-574,40,-1067,-228,1
33,-493,1571,-331,3,303,-469,1
34,-975,1329,-434,82,-27,-426,1
35,-410,1492,-950,140,-513,-435,1
36,60,1328,-665,48,-581,-398,1
37,53,1110,-721,54,-544,-417,1
38,167,922,-517,56,-349,-338,1
39,256,930,-470,88,-130,-258,1
40,162,964,-414,161,-64,-166,1
41,561,1069,-478,150,-87,-102,1
42,1006,598,-163,61,-439,107,1
43,362,673,-1723,90,256,117,1
44,-30,869,-595,257,154,335,1
45,-350,1524,-1075,173,-65,369,1
46,-452,1220,-662,130,15,338,1
47,269,1265,5,160,-355,373,1
48,614,1985,706,78,-11,284,1
49,481,1499,-286,93,49,131,1
50,14,888,-559,39,64,77,1
51,-165,1024,-74,1,1,67,1
52,-127,934,102,17,-42,83,1
53,-150,786,-1,31,6,101,1
54,-83,908,-29,37,-34,115,1
55,90,1015,-66,44,-46,120,1
56,141,956,-140,51,-59,112,1
57,180,995,-292,51,-51,104,1
58,123,977,-209,28,-21,109,1
59,87,940,-82,32,-28,130,1
60,183,941,-104,37,-26,142,1
61,192,958,-191,24,52,169,1
64,203,1111,-424,-46,-78,87,1
65,116,1323,-447,-82,-140,60,1
1,-24,1298,-122,3,15,-215,1
2,-185,1729,-395,-19,12,-222,1
3,283,2416,-79,-61,-171,-327,1
4,594,2231,136,-79,-354,-265,1
5,432,1293,-405,15,-95,-185,1
6,-5,1437,-1336,6,166,-221,1
7,-253,374,-264,-269,130,-132,1
8,-525,308,15,-129,567,12,1
9,-377,75,12,-37,111,149,1
10,124,150,-243,-51,-209,222,1
11,387,256,-320,-72,-158,304,1
12,258,428,-334,-47,182,460,1
13,-102,746,-345,-71,204,526,1
14,-98,919,-289,-19,39,615,1
15,-41,1474,-451,41,91,672,1
16,-513,2244,-962,128,264,679,1
17,-1751,2832,-670,-57,493,637,1
18,-2359,1033,-1506,93,-68,554,1
19,-2554,1107,307,34,-127,-50,1
20,1618,1630,1646,-91,-1023,-55,1
21,720,1916,-647,68,367,-292,1
22,-211,952,-171,-23,-38,-151,1
23,-272,969,-106,-18,-58,-141,1
24,-190,1006,-98,-26,-51,-140,1
25,-81,1140,-155,-51,-31,-184,1
26,-84,1246,-135,-49,15,-220,1
27,-47,1355,-373,5,110,-243,1
28,-30,1710,-408,-49,-35,-245,1
29,284,2389,-191,-98,-234,-345,1
30,573,1987,-30,-122,-284,-204,1
31,323,1184,-402,61,-21,-294,1
32,-80,1239,-1021,-82,117,-162,1
33,-285,264,-159,-295,259,-61,1
34,-530,214,-41,-105,640,70,1
35,-224,-3,72,-18,154,207,1
36,89,131,0,-25,-313,254,1
37,163,176,-394,68,-307,383,1
38,323,540,-404,45,65,512,1
39,-6,758,-175,32,291,569,1
40,-204,1129,-155,64,37,658,1
41,-250,1838,-538,177,14,706,1
42,-1122,2870,-749,104,440,706,1
43,-2039,2104,-794,-91,342,484,1
44,-2551,848,-632,115,-203,294,1
45,175,1641,-104,-155,-454,-340,1
46,1395,684,-1670,147,-121,-80,1
47,-892,2822,-477,214,803,-604,1
48,-1174,668,982,10,-8,-179,1
49,567,1231,-453,4,-215,-29,1
50,283,999,-134,53,1,-138,1
51,-5,903,-249,33,-89,-123,1
52,-3,954,-311,10,-122,-95,1
53,293,979,-241,8,-151,-93,1
54,99,946,-284,-8,-44,-160,1
55,7,942,-267,-12,-91,-150,1
56,-52,942,-190,-16,-61,-165,1
57,-139,918,-204,-11,-56,-155,1
58,-220,921,-206,-7,-61,-144,1
59,-169,950,-230,-8,-56,-149,1
60,-111,966,-183,-8,-55,-171,1
61,-202,1183,-177,-10,-66,-219,1
62,-231,1275,-78,-44,-25,-246,1
63,-225,1425,-250,-47,-54,-262,1
64,94,1584,-248,114,-40,-258,1
65,482,2340,-306,-52,-93,-258,1
1,-2,1200,-102,-34,-57,-229,1
2,-64,1280,23,-50,-24,-281,1
3,44,1426,-158,10,48,-312,1
4,65,2301,-645,20,-27,-297,1
7,-10,1316,-1125,182,-7,-307,1
8,235,798,-327,-175,-36,-89,1
9,-383,265,275,-198,289,-92,1
10,-437,104,-220,-3,133,48,1
11,150,87,-132,-30,44,214,1
12,293,144,-199,-33,95,313,1
13,15,276,4,1,267,419,1
14,-186,765,-239,-113,40,498,1
15,160,601,90,-74,13,601,1
16,-55,1372,-429,-40,116,669,1
17,-391,2026,-483,20,131,731,1
18,-1370,2587,-454,-26,139,575,1
19,-2040,1789,-1138,-44,227,397,1
20,-3557,1112,-216,-25,-79,84,1
21,2073,1940,1011,-38,-1179,-165,1
22,-59,940,-248,-3,-69,-125,1
23,-48,952,-230,0,-85,-129,1
24,-101,957,-267,0,-86,-151,1
25,-77,1071,-179,-3,-77,-162,1
26,-100,1088,-97,-3,-80,-204,1
27,-36,1217,-139,-40,-21,-263,1
28,-89,1286,-170,8,0,-281,1
29,-102,1784,-518,91,-18,-268,1
30,604,2273,-92,-20,-138,-293,1
31,570,1985,58,-10,-250,-266,1
32,306,1157,-522,134,-88,-296,1
33,70,1299,-896,-24,93,-162,1
34,-55,225,-104,-229,-96,-85,1
35,-500,335,-2,-75,242,-31,1
36,-230,163,-183,20,88,147,1
37,189,175,-271,-49,74,276,1
38,96,295,-94,-135,138,354,1
39,-75,364,-21,-149,33,478,1
40,195,587,-14,-123,-39,576,1
41,189,1235,-395,-22,194,628,1
42,-117,1818,-330,-20,216,736,1
43,-578,2599,-1158,16,281,645,1
44,-1968,2348,-1256,2,322,471,1
45,-3922,1033,-842,-62,-127,451,1
46,1185,1914,118,-97,-411,-292,1
47,1311,968,-1200,21,466,-201,1
48,-776,2689,-199,133,553,-658,1
49,-497,559,534,37,-119,-56,1
50,663,1195,-785,-9,-140,-45,1
51,220,1026,-141,49,-3,-117,1
52,98,935,-223,37,-120,-109,1
53,59,968,-263,26,-105,-102,1
54,170,976,-236,25,-94,-104,1
55,-2,960,-262,15,-61,-128,1
56,11,955,-268,5,-79,-118,1
57,-72,948,-199,1,-62,-117,1
58,-88,940,-205,5,-75,-112,1
59,-93,960,-225,4,-66,-123,1
60,-105,996,-286,0,-69,-130,1
61,-65,1089,-168,0,-83,-172,1
62,-94,1146,-71,-28,-46,-233,1
63,-52,1325,-142,-49,-14,-282,1
64,-195,1530,-243,-29,-66,-294,1
65,248,1930,-438,92,-32,-269,1
1,639,431,9,-454,194,261,1
2,180,582,-87,-450,592,224,1
3,-449,921,-231,-519,443,254,1
4,-41,1188,-604,-553,272,379,1
5,167,1508,-804,-434,621,387,1
6,-170,1287,-882,-383,697,240,1
7,-226,1454,-3191,-101,1243,80,1
8,-2797,1127,-1519,-320,539,51,1
11,122,952,656,-12,5,97,1
12,-483,1170,-930,135,75,151,1
13,-4,961,16,94,-32,134,1
14,132,898,22,38,37,101,1
15,-41,979,-146,-30,84,-1,1
16,-29,1018,-107,-39,67,13,1
17,75,952,-129,-49,66,0,1
18,39,989,-126,-66,58,37,1
19,193,1039,-351,-99,99,11,1
20,152,1130,-292,-104,96,-53,1
21,459,1213,-133,-135,274,-66,1
22,146,1462,-160,0,327,346,1
23,-200,1880,-899,33,418,478,1
24,-1430,1575,-593,48,475,405,1
25,-3240,1216,-180,-59,-117,325,1
26,-119,1143,-781,32,-166,-176,1
27,1863,1213,1356,-174,-260,1,1
28,-32,1488,-376,138,874,-333,1
29,-729,390,-358,37,-153,-268,1
30,628,1130,-990,129,95,-112,1
31,-365,875,-22,51,19,-98,1
32,313,960,-70,37,-91,-67,1
33,-1,989,-270,57,14,-121,1
34,-26,1003,-321,6,-131,-63,1
35,368,928,-298,10,-134,-81,1
36,67,933,-215,3,-46,-141,1
37,5,989,-295,-5,-104,-118,1
38,-49,991,-195,-6,-53,-138,1
39,-340,1261,-599,-8,-61,-136,1
40,-64,964,-204,-19,-78,-128,1
43,-67,1182,-210,-13,-93,-153,1
44,-14,1243,21,-29,-61,-202,1
45,-52,1357,-36,-6,-30,-256,1
46,-21,1536,-299,134,51,-289,1
47,311,2157,-242,17,-65,-332,1
48,553,1979,-72,-15,-252,-291,1
49,366,1185,-439,94,15,-267,1
50,-391,1197,-877,61,22,-211,1
51,-66,369,-363,-100,-133,-94,1
52,-253,385,278,-36,128,-44,1
53,76,198,-207,-32,-225,184,1
54,544,140,-115,-74,-145,286,1
55,345,255,-77,60,244,346,1
56,-202,813,-413,-2,106,393,1
57,21,775,-36,51,67,539,1
58,154,1196,-302,6,109,614,1
59,-56,1681,-367,56,141,687,1
60,-592,2093,-516,37,124,626,1
61,-1250,2295,-711,-41,70,487,1
62,-2814,1408,-634,9,167,363,1
63,-2052,983,30,38,20,-53,1
64,1812,1478,528,53,-768,-36,1
65,-373,2098,-96,28,624,-631,1
1,-276,894,-260,-13,-68,-135,1
2,-223,905,-258,0,-61,-97,1
3,-240,944,-199,5,-59,-72,1
4,-231,956,-216,15,-65,-68,1
5,-32,1026,-339,6,-41,-81,1
6,-99,985,-309,5,-35,-140,1
7,-89,1117,-277,-2,-47,-194,1
8,-31,1232,-254,13,-23,-246,1
9,-87,1442,-403,42,4,-279,1
10,48,1950,-424,72,-117,-271,1
11,379,2446,35,40,-397,-266,1
12,179,1403,-418,129,-199,-239,1
13,-813,2156,-181,40,-84,664,1
14,-1457,2336,33,-27,-160,599,1
15,-1993,1536,264,-33,178,279,1
16,-2324,1136,-144,15,4,-104,1
17,909,2479,64,106,-1064,164,1
18,765,1426,-257,27,444,-278,1
19,-1115,1108,-198,-59,337,-446,1
22,-85,1011,-304,-27,-39,-157,1
23,-229,1103,-377,-49,-35,-214,1
24,-221,1149,-221,-55,-58,-259,1
25,-247,1542,-363,-15,-154,-289,1
26,-19,2126,-5,110,-307,-310,1
27,802,3821,-1238,-171,-26,-191,1
28,174,274,-203,66,-38,-206,1
29,-742,360,-910,203,42,-208,1
30,-591,379,-297,-24,213,-13,1
31,-102,-56,428,19,-531,266,1
32,580,-28,132,124,-591,312,1
33,629,107,-207,208,7,355,1
34,336,540,52,202,484,466,1
35,-88,1050,-37,48,306,542,1
36,88,1176,131,31,87,655,1
37,-99,2259,-501,91,289,691,1
38,-1224,3055,-1607,-41,755,598,1
39,-2325,1745,-1970,-147,1067,489,1
40,-3922,1252,-1556,231,381,227,1
41,1737,1282,1119,-207,-1092,-144,1
42,2029,704,632,-14,-586,-5,1
43,555,611,-1346,74,459,-112,1
44,124,917,-476,109,457,-194,1
45,-637,1693,-410,7,84,-128,1
48,433,1133,-713,6,-90,-34,1
49,245,727,-159,-35,82,-13,1
50,310,965,91,21,-50,-22,1
51,366,898,-198,37,27,-27,1
52,226,943,-295,32,51,-26,1
53,223,924,-199,-5,-23,-21,1
54,258,981,-138,10,20,-19,1
55,201,869,-76,8,0,-13,1
56,305,987,-324,23,-54,-19,1
57,361,860,-216,-14,-3,-27,1
58,306,919,-216,2,3,-36,1
59,266,946,-168,6,2,-51,1
60,158,943,-179,0,-26,-50,1
61,183,924,-166,2,-53,-42,1
62,224,917,-412,29,93,-56,1
63,-182,993,-333,-28,238,-21,1
64,-27,840,-59,31,-284,-13,1
65,194,1164,-320,10,-214,-19,1
