-362,967,166,139,312,157,1,1
-501,1149,233,105,287,201,2,1
-267,1239,75,61,257,210,3,1
-400,1207,35,17,329,158,4,1
-719,835,57,-6,244,81,5,1
-1238,219,43,-22,105,-13,6,1
-1476,154,-401,70,-39,-227,7,1
632,1006,-2262,-39,-9,-129,8,1
-688,1909,1021,-53,-183,30,9,1
-140,1705,-106,-21,46,-128,10,1
133,1710,-569,-23,-103,-66,11,1
-61,1579,-478,-66,-159,17,12,1
617,1120,-159,-49,-164,39,13,1
446,650,-97,-32,86,29,14,1
-1193,310,-273,-29,60,-35,15,1
-895,-138,-16,11,-264,22,16,1
428,-258,235,29,-672,220,17,1
816,154,202,33,-466,254,18,1
-8,234,375,-49,-33,115,19,1
-3922,469,-594,110,642,-387,20,1
2212,1896,-2704,-166,-710,-19,21,1
-203,854,221,69,-170,559,22,1
265,1532,46,227,-203,466,23,1
-533,2327,-500,198,158,399,24,1
-1685,1812,52,0,47,87,25,1
-271,2752,-585,103,-236,-46,26,1
-360,1529,48,-78,311,-201,27,1
-947,1424,-62,33,235,-307,28,1
411,1607,996,-15,-44,-381,29,1
1810,774,434,-84,-119,-270,30,1
1587,365,309,41,245,-154,31,1
557,249,-463,40,243,-127,32,1
-103,1137,-710,182,427,-172,33,1
-898,922,460,-79,-261,-102,34,1
863,992,-601,13,-122,-103,35,1
-452,921,-339,-37,82,-125,36,1
220,1058,-416,9,-129,-47,37,1
114,879,-273,14,-1,-73,38,1
72,855,-420,-7,-103,-68,39,1
-103,1022,-221,-6,-76,-79,40,1
-4,919,-230,-8,-81,-77,41,1
-38,941,-212,-9,-59,-86,42,1
166,937,-271,1,-46,-123,43,1
-65,972,-218,-3,-16,-199,44,1
-49,1066,-292,-4,-42,-229,45,1
-240,1171,-237,-18,-56,-276,46,1
-204,1396,-427,26,-55,-231,47,1
55,1413,-257,204,38,-230,48,1
356,1817,205,41,-105,-249,49,1
801,2416,62,10,-427,-299,50,1
424,1490,-127,38,-136,-184,51,1
-379,988,-879,215,139,-268,52,1
-368,605,-238,-99,-93,-84,53,1
-843,144,357,-236,72,-29,54,1
-1064,-636,760,-150,-45,127,55,1
-637,-1384,1538,-259,-195,303,56,1
-209,-935,1744,-308,66,257,57,1
114,-918,678,-551,150,267,58,1
-2611,678,-943,-120,1590,353,59,1
-906,2802,1118,-595,103,-75,60,1
365,1524,-3922,304,87,32,61,1
-783,1868,1436,128,-505,156,62,1
470,1801,492,112,-68,-152,63,1
-16,1192,-1097,127,-104,-198,64,1
-212,1108,-960,151,-171,-99,65,1
194,646,126,321,-215,-27,1,1
785,404,412,172,-329,116,2,1
1293,4,-13,179,12,240,3,1
626,387,520,536,334,403,4,1
186,1923,-23,225,92,507,5,1
390,959,811,8,-18,631,6,1
52,1773,233,95,69,698,7,1
-177,2105,247,-37,219,721,8,1
-853,2735,-445,-59,419,614,9,1
-1862,1884,-991,-66,529,372,10,1
-3496,1035,-612,-15,435,47,11,1
455,1080,-103,235,-62,-366,12,1
860,1276,-708,-65,315,-118,13,1
-1485,1839,-413,155,102,-194,14,1
730,1123,-186,21,-121,-243,15,1
-617,942,-133,32,-42,-259,16,1
-10,1430,-64,50,40,-315,17,1
275,2113,-309,158,-13,-331,18,1
722,2883,260,-25,-232,-405,19,1
1109,1948,-504,-36,-282,-339,20,1
280,1180,-2011,146,181,-331,21,1
-2524,1397,-2008,-221,781,342,22,1
-3922,953,-3145,224,275,-554,23,1
3922,1027,-3659,-261,-237,-251,24,1
-2861,3438,-425,403,435,-126,25,1
-119,1252,-213,40,32,-50,28,1
-261,1109,233,20,3,-5,29,1
115,679,137,-9,-16,-30,30,1
-104,585,-106,20,34,-70,31,1
-289,590,-117,27,21,-99,32,1
-312,686,27,28,30,-113,33,1
-316,886,27,27,51,-113,34,1
-187,1029,216,29,26,-120,35,1
80,1297,197,37,65,-164,36,1
230,1550,-2,50,22,-223,37,1
657,1997,172,80,-62,-281,38,1
1133,2342,3,35,-100,-313,39,1
74,1306,-200,108,109,-339,40,1
-382,1688,-977,21,64,-178,41,1
449,759,-502,-157,43,-119,42,1
-602,1061,-834,-97,244,-86,43,1
176,557,-907,-321,111,41,44,1
117,257,-597,-365,180,145,45,1
-69,382,-418,-263,287,271,46,1
-122,788,-1039,-329,237,318,47,1
230,715,-868,-336,260,412,48,1
358,885,-1424,-145,514,406,49,1
14,1008,-1452,-175,745,338,50,1
-203,1053,-1257,-128,648,370,51,1
-819,970,-1155,4,433,297,54,1
-2949,1254,-2214,-56,407,135,55,1
-3922,3109,-411,79,-246,-523,56,1
2776,1563,-214,202,346,-305,57,1
-1172,267,19,113,74,-371,58,1
-524,808,-232,28,37,-212,59,1
-701,813,-238,-15,28,-102,60,1
-450,1110,-99,-23,-16,20,61,1
-213,1130,146,20,0,81,62,1
-88,1010,36,12,6,87,63,1
-174,732,4,-1,-9,82,64,1
-123,658,16,-17,-91,-7,65,1
35,1187,-100,-31,-34,-265,1,1
75,1481,-69,-42,-30,-298,2,1
284,1742,-138,-11,-59,-346,3,1
799,1934,-195,88,-139,-374,4,1
1081,1878,-468,202,-126,-402,5,1
-670,1672,-1471,199,24,-275,6,1
-241,419,-316,40,-40,20,7,1
-347,805,-360,63,-37,-52,8,1
609,35,-221,-110,-143,108,9,1
463,-143,-30,45,318,282,10,1
-204,112,10,416,366,330,11,1
-413,1713,-393,173,116,406,12,1
95,463,442,-41,-41,475,13,1
-9,892,123,189,61,552,14,1
-16,1109,264,49,63,610,15,1
-19,1757,94,55,49,678,16,1
-768,2889,-140,-13,-74,682,17,1
-655,2639,-396,-214,-153,612,18,1
-3763,540,915,-134,-1,159,19,1
49,956,-436,-12,-115,-94,20,1
162,958,-464,-8,-121,-98,21,1
7,1688,-1692,144,-172,-168,22,1
-836,651,-155,66,-120,-67,23,1
-159,268,2,63,-449,267,24,1
993,175,207,36,-385,332,25,1
432,199,543,236,200,449,26,1
-116,1150,204,143,-30,530,27,1
138,572,473,30,-187,618,28,1
328,860,374,78,-49,667,29,1
-166,1438,279,41,-26,730,30,1
-455,2079,14,-7,-107,788,31,1
-3568,1644,-1682,183,243,-67,34,1
1902,2261,-1865,-99,-1351,14,35,1
-531,2682,2142,-127,1018,-499,36,1
-1487,243,522,216,-292,-101,37,1
981,973,-1764,112,-263,-35,38,1
-377,560,-71,-66,-110,-80,39,1
828,1053,-299,-12,-109,-64,40,1
17,799,-521,-14,-102,-75,41,1
417,852,-427,-32,-89,-88,42,1
171,887,-403,-36,-54,-120,43,1
62,882,-411,-39,-68,-118,44,1
74,916,-353,-37,-68,-120,45,1
124,944,-349,-20,-82,-132,46,1
27,913,-333,5,-87,-141,47,1
76,946,-268,10,-68,-158,48,1
-11,1035,-283,31,-43,-179,49,1
22,1189,-280,83,-95,-180,50,1
46,1388,-252,135,-173,-189,51,1
298,1861,-214,346,-357,-173,52,1
-373,3922,-708,257,-573,-371,53,1
-579,565,-493,348,-868,175,54,1
-121,838,-1251,282,-634,49,55,1
-186,350,250,159,-296,133,56,1
552,441,599,328,-593,231,57,1
935,395,255,296,-146,300,58,1
82,506,422,366,142,384,59,1
-391,955,139,159,-71,441,60,1
15,443,174,42,-257,547,61,1
109,656,354,104,-224,646,62,1
-105,1002,336,60,-217,673,63,1
-50,1922,48,27,-205,754,64,1
-434,2838,530,-108,-125,631,65,1
-2582,2831,-816,388,590,-304,1,1
74,598,-166,-81,-498,-57,2,1
694,1100,-576,0,-31,-143,3,1
273,817,-146,-1,-87,-135,4,1
284,894,-255,7,-56,-167,5,1
104,968,-249,-23,-141,-125,6,1
274,964,-266,-20,-87,-151,7,1
25,910,-355,-20,-86,-193,8,1
23,971,-267,-34,-98,-178,9,1
-72,976,-167,-35,-92,-173,10,1
-97,992,-188,-34,-84,-170,11,1
18,1019,-209,-34,-84,-170,12,1
-4,1117,-135,-41,-86,-217,13,1
450,286,-58,18,506,419,14,1
-167,1321,-552,-135,389,468,15,1
-168,1012,-422,-268,210,575,16,1
213,1673,-1099,-186,460,602,17,1
-36,2142,-1923,-222,806,453,18,1
-627,1745,-2424,-159,849,322,19,1
-1471,1157,-1221,107,354,477,20,1
-2453,1103,-1805,-179,-173,62,21,1
72,1024,-221,43,-74,24,22,1
307,954,-197,31,-66,-40,23,1
113,927,-204,13,-57,-97,24,1
167,947,-179,13,-50,-110,25,1
-170,938,-133,19,-32,-116,26,1
157,946,-198,27,-49,-117,27,1
89,1031,-240,32,-38,-204,28,1
53,1106,-174,50,-78,-297,29,1
-76,1441,-99,70,-80,-314,30,1
176,2136,134,107,-151,-302,31,1
694,2460,-13,333,-419,-388,32,1
901,2407,-786,217,-125,-170,33,1
-72,682,-1030,226,-160,-160,34,1
1594,-364,-13,139,-126,455,37,1
609,215,215,413,338,393,38,1
-33,972,-332,29,13,550,39,1
184,625,302,104,95,624,40,1
74,1843,-260,-11,137,663,41,1
-150,2389,-153,-70,215,706,42,1
-513,2681,-1248,-151,338,661,43,1
-3795,1803,-257,10,434,508,44,1
-1336,1283,-695,55,-124,-426,45,1
1967,1807,-2094,-206,-803,251,46,1
-1009,2377,-226,530,1262,-493,47,1
-1674,722,839,-194,-348,-306,48,1
948,577,-603,184,-261,-45,49,1
423,755,-151,-41,13,-200,50,1
245,908,-315,20,-130,-98,51,1
173,983,-94,-17,-36,-136,52,1
124,916,-218,-15,-89,-112,53,1
237,944,-359,-18,-79,-137,54,1
202,940,-253,-37,-77,-148,55,1
81,965,-247,-46,-67,-158,56,1
94,955,-212,-36,-72,-165,57,1
38,993,-237,-25,-60,-173,58,1
-131,988,-171,-26,-57,-184,59,1
6,1082,-117,-13,-100,-177,60,1
62,1135,-63,-15,-96,-256,61,1
59,1313,-3,-33,-67,-318,62,1
221,1752,-14,-1,-97,-367,63,1
676,2266,-241,157,-166,-414,64,1
911,3392,-324,-135,-45,-435,65,1
622,-61,-1101,-141,253,-111,1,1
353,148,-690,119,-10,150,2,1
436,597,-623,105,-145,430,3,1
377,702,-251,-7,-154,408,4,1
594,1123,-85,65,-29,445,5,1
396,1484,-36,83,355,379,6,1
-231,1395,-145,40,555,286,7,1
-787,1264,-948,26,586,121,8,1
-1591,1049,-1137,71,542,-155,9,1
-1724,1298,-517,162,178,-69,10,1
1959,2465,861,179,233,-207,11,1
-1657,1110,112,-7,285,-707,12,1
191,826,-74,214,-169,-14,13,1
-340,1215,-587,55,-15,-135,14,1
810,2005,99,129,98,-495,17,1
1007,3030,-50,194,-212,-335,18,1
1392,1650,-435,67,-144,-373,19,1
396,2262,-533,48,63,-139,20,1
-325,910,-1010,-158,179,-231,21,1
3305,1475,786,541,-649,-355,22,1
1929,682,-772,-70,1034,-182,23,1
-2548,2492,-628,774,284,-741,24,1
-464,1147,644,-83,-184,-233,25,1
-104,1192,-694,90,-139,-147,26,1
201,901,-48,16,-96,-112,27,1
-1,959,-176,41,-37,-79,28,1
89,918,-395,6,-158,-33,29,1
305,921,-155,10,-103,-50,30,1
176,930,-249,21,-124,-93,31,1
300,841,-334,37,-80,-135,32,1
45,1073,-124,27,-91,-173,33,1
131,1116,-58,17,-87,-217,34,1
240,1255,-192,1,-80,-295,35,1
301,1526,-142,-1,-53,-345,36,1
418,1635,-171,89,-26,-394,37,1
1196,1771,-108,216,58,-493,38,1
797,3055,-148,5,-410,-332,39,1
747,1740,-677,189,-384,-361,40,1
1519,1440,-1132,-48,-81,164,41,1
-491,593,-124,1,397,-265,42,1
-359,550,-716,-76,-19,249,43,1
958,153,261,-276,-134,457,44,1
403,57,234,-9,236,500,45,1
187,1222,-397,-6,94,588,46,1
216,701,175,-179,-26,686,47,1
426,1821,-338,-20,204,748,48,1
-422,2372,-568,-69,367,753,49,1
-1165,2686,-1095,-83,345,631,50,1
-3015,2043,-1435,-118,281,368,51,1
-3922,1111,-1109,-208,89,-277,52,1
2704,1299,788,462,-576,-237,53,1
1524,1108,-1326,8,883,-164,54,1
-2148,2409,-835,451,144,-696,55,1
-635,1306,492,-26,-161,-193,56,1
-12,1030,-526,110,-213,-111,57,1
345,895,-150,-10,-157,-97,58,1
43,958,-240,28,-38,-108,59,1
56,953,-306,26,-94,-70,60,1
271,941,-162,17,-102,-86,61,1
52,935,-229,30,-76,-107,62,1
178,908,-267,15,-113,-131,63,1
30,997,-257,27,-64,-162,64,1
-25,1124,-111,12,-102,-169,65,1
743,2692,-608,64,-348,-393,1,1
482,1943,-1080,215,-521,-268,2,1
822,951,-963,-45,108,5,3,1
-564,900,-32,2,88,-143,4,1
481,74,143,-212,-100,284,5,1
671,-78,-95,-135,136,362,6,1
96,99,34,152,274,462,7,1
-141,1346,-761,-54,171,569,8,1
-15,574,147,-179,147,618,9,1
-3,1252,-326,-68,132,733,10,1
-326,1807,-557,-92,176,769,11,1
-935,2447,-801,-66,229,747,12,1
-1838,2658,-685,-126,74,461,13,1
-3922,1551,-1554,-39,341,-114,14,1
910,768,749,285,-352,-228,15,1
1873,2577,-1099,-34,460,50,16,1
-1582,1309,-602,244,178,-755,17,1
-800,1097,203,261,-49,-255,18,1
-384,900,-546,-45,-272,-130,19,1
519,1045,-252,24,-194,-89,20,1
371,1820,-553,84,-137,-427,21,1
-12,1092,76,-8,52,700,22,1
-136,1693,-120,0,98,786,23,1
-765,2537,-238,-80,18,777,24,1
-1272,3007,-281,-123,-59,641,25,1
-3922,1382,-606,-96,247,250,26,1
-78,413,-2243,105,-351,-261,27,1
2318,1578,-1759,-199,-9,588,28,1
-1024,2395,854,115,467,-529,29,1
81,315,-687,202,-39,-258,30,1
-296,434,-637,31,-165,-174,31,1
517,926,-409,-71,-210,-104,32,1
9,1042,-130,11,-12,-140,33,1
76,850,-527,-8,-134,-94,34,1
282,876,-443,-1,-73,-105,35,1
137,907,-396,-7,-111,-99,36,1
128,888,-418,-16,-95,-120,37,1
240,944,-472,-9,-83,-155,38,1
21,864,-236,-17,-64,-203,39,1
441,1013,-460,10,-31,-268,40,1
-206,1028,-394,38,-39,-291,41,1
-166,1047,-411,69,-65,-246,42,1
-72,1215,-399,108,-153,-221,43,1
162,1829,-403,148,-299,-254,44,1
158,2373,-1025,264,-511,-198,45,1
-445,1654,-1131,233,-153,-482,46,1
-566,574,-374,4,-646,-90,47,1
899,810,-347,265,-609,349,48,1
382,320,496,240,-18,181,49,1
425,571,439,219,-109,440,50,1
362,960,307,274,28,471,51,1
132,1172,494,133,-77,569,52,1
74,1175,739,136,-208,632,53,1
229,1371,455,78,-163,718,54,1
20,1728,355,42,-113,750,55,1
-823,3234,361,-31,-96,794,56,1
2022,2200,761,-137,-480,69,59,1
-167,1983,-649,13,460,-234,60,1
-86,704,-232,102,-36,-100,61,1
604,458,-730,7,27,-72,62,1
650,777,-499,-30,-88,-20,63,1
325,954,-305,22,3,-64,64,1
513,764,-559,-15,-65,-75,65,1
87,1013,-254,-2,-99,-224,1,1
20,1375,-304,-21,-104,-277,2,1
114,1568,-103,54,-63,-283,3,1
571,1498,-137,67,48,-385,4,1
577,2588,103,19,-153,-352,5,1
1224,2235,-147,-19,-418,-245,6,1
683,1804,-1068,206,-120,-391,7,1
892,1546,-1249,-61,-20,-188,8,1
-885,702,-274,-62,461,-196,9,1
-437,303,-325,-39,-78,137,10,1
505,170,-16,-169,-312,297,11,1
642,-3,-289,-175,111,404,12,1
92,114,97,-8,244,525,13,1
109,913,-207,-91,39,577,14,1
379,840,-39,-107,84,654,15,1
197,1540,-221,-84,289,709,16,1
-474,2504,-835,-128,298,779,17,1
161,952,-349,-8,-111,-101,18,1
101,984,-90,19,-61,-105,19,1
107,946,-214,18,-92,-109,20,1
88,938,-186,16,-84,-128,21,1
-769,903,-361,-179,111,-24,22,1
584,269,426,-395,-157,220,23,1
550,-86,-635,-277,209,356,24,1
31,156,-186,-36,346,424,25,1
7,641,-1076,-223,154,561,26,1
166,469,-487,-209,200,579,27,1
-30,1262,-906,-92,207,682,28,1
-430,1794,-1238,-90,247,708,29,1
-1071,2398,-1074,8,220,740,30,1
-1882,2139,-1567,-1,31,428,31,1
-3651,1226,-601,54,267,-65,32,1
911,1175,1503,274,5,-191,33,1
1453,1317,-844,-15,526,19,34,1
-2987,1111,-793,142,156,-864,35,1
-95,1074,-605,415,-32,-166,36,1
-519,1089,-469,-71,-197,-105,37,1
475,971,-125,120,-107,-30,38,1
-128,913,-183,53,-1,-93,39,1
139,1010,-398,-1,-84,-47,40,1
229,940,-82,44,-70,-64,41,1
101,915,-232,36,-107,-89,42,1
134,915,-254,39,-109,-109,43,1
128,1019,-207,59,-97,-138,44,1
-15,1027,-224,43,-87,-172,45,1
148,1120,-181,13,-82,-212,46,1
244,1366,-239,-6,-43,-302,47,1
206,1435,-60,28,-39,-346,48,1
525,1453,-189,112,19,-410,49,1
472,2291,-190,215,-87,-340,50,1
920,2331,-279,27,-345,-323,51,1
482,1877,-704,207,-322,-319,52,1
685,1124,-824,39,64,-67,53,1
199,1052,164,-70,-68,-101,54,1
894,207,210,-196,-231,285,55,1
633,21,6,-75,90,388,56,1
119,457,130,145,259,495,57,1
12,569,-81,-221,127,574,58,1
77,920,-37,-38,181,657,59,1
139,1711,-298,-78,296,698,60,1
-615,2299,-633,-148,289,696,61,1
-1366,2395,-1073,-128,191,593,62,1
-2343,1797,-1210,-111,228,348,63,1
-3922,1092,-848,-171,37,-173,64,1
1356,1063,1075,333,-378,-223,65,1
52,966,-136,7,-114,-44,1,1
-33,957,-259,-1,-89,-51,2,1
111,932,-307,0,-126,-56,3,1
57,904,-191,-4,-106,-87,4,1
90,986,-181,-9,-73,-140,5,1
17,1045,-84,-6,-77,-181,6,1
68,1123,-107,-12,-61,-253,7,1
71,1312,-46,-31,-30,-313,8,1
-102,1493,52,-23,-3,-362,9,1
257,1641,-320,123,22,-360,10,1
651,2550,-150,145,-55,-297,11,1
554,2207,275,-22,-402,-351,12,1
625,1493,-1372,149,-168,-287,13,1
1095,1311,-785,-49,244,-137,14,1
1153,1012,-987,6,-355,-273,17,1
-1404,1041,-102,397,210,-115,18,1
238,583,293,106,120,-88,19,1
207,1682,191,-2,33,-83,20,1
117,1414,-66,13,46,-53,21,1
867,2020,-8,-46,77,-255,22,1
805,1862,-234,-82,65,-275,23,1
547,1513,-334,-112,346,-273,24,1
303,1131,-973,-112,549,-258,25,1
-108,826,-1077,-56,898,-319,26,1
-83,896,-1870,-211,530,-194,27,1
150,230,-1146,-313,219,-94,28,1
19,209,-1088,-225,170,94,29,1
-382,946,-785,-2,228,257,30,1
246,174,-867,-344,26,342,31,1
254,250,-672,-47,225,430,32,1
27,791,-1017,-13,339,541,33,1
-332,890,-770,-16,261,580,34,1
-1156,1477,-702,77,247,543,35,1
-2237,2063,-933,127,220,334,36,1
-2441,1383,-638,-1,128,142,37,1
-1152,579,-275,249,602,183,38,1
1329,2963,-120,-10,44,-60,39,1
-2733,1218,-872,-15,354,-638,40,1
-944,1252,-716,168,-60,-147,41,1
-101,1151,-354,74,-94,-54,42,1
287,972,-215,43,-83,5,43,1
-61,940,-147,31,4,-45,44,1
127,930,-247,32,-35,-20,45,1
201,944,-200,37,-44,-41,46,1
158,917,-315,31,-76,-66,47,1
120,960,-281,32,-67,-93,48,1
76,983,-197,24,-90,-113,49,1
-66,1013,-189,32,-75,-143,50,1
-48,1024,-237,25,-88,-167,51,1
191,1130,-205,-3,-54,-200,52,1
178,1348,-247,-13,-47,-287,53,1
-25,1524,-42,31,-100,-302,54,1
500,1746,-343,137,-28,-323,55,1
949,2563,-115,199,-198,-222,56,1
837,2020,-115,51,-274,-326,57,1
336,1761,-1835,230,-92,-263,58,1
202,1099,-507,-63,283,-209,59,1
-806,460,21,-54,33,-44,60,1
934,22,2,-202,-206,167,61,1
563,-155,-50,-144,200,269,62,1
-313,47,167,41,180,401,63,1
23,488,-374,-114,18,562,64,1
18,264,247,-192,73,572,65,1
-526,1238,-266,-99,-205,-202,1,1
197,809,-771,95,11,-132,2,1
337,967,-260,-90,-144,-122,3,1
287,976,43,96,-28,-185,4,1
137,947,-437,6,-93,-169,5,1
282,903,-169,19,-113,-164,6,1
72,969,-203,27,-42,-208,7,1
-20,935,-250,2,-70,-168,8,1
-29,971,-152,-6,-76,-152,9,1
19,985,-165,-6,-49,-154,10,1
87,1124,-118,-6,-58,-161,11,1
171,1151,-2,-11,-25,-243,12,1
121,1343,-72,-15,-9,-310,13,1
206,1502,-61,18,-6,-354,14,1
700,1744,-354,90,-53,-435,15,1
971,2463,-55,195,-80,-356,16,1
-690,1723,-959,-69,227,709,17,1
-1339,2409,-1064,-45,205,635,18,1
-1980,1921,-1023,-27,173,379,19,1
-3922,1649,-812,2,44,172,20,1
3545,2586,2000,-70,-655,-169,21,1
72,973,-285,17,-70,-163,22,1
52,1043,-236,15,-78,-166,23,1
125,1095,-137,13,-59,-210,24,1
189,1251,-248,12,-32,-284,25,1
107,1460,-149,29,-44,-337,26,1
455,1769,-453,79,-132,-372,27,1
1080,2077,-241,221,-145,-364,28,1
-155,2892,99,66,-216,-369,29,1
371,1315,-767,157,-462,-152,30,1
654,829,-936,-14,113,-185,31,1
-367,499,865,32,96,-102,32,1
463,120,64,-71,-292,299,33,1
677,-50,-168,-69,-59,365,34,1
186,101,276,209,228,422,35,1
-135,1307,-651,29,95,541,36,1
59,652,96,-45,109,576,37,1
107,1335,-231,-29,114,698,38,1
-461,1931,-562,-18,122,747,39,1
-892,2171,-773,-39,71,703,40,1
-1570,2412,-644,-23,24,524,41,1
-3922,1814,-1329,-65,153,205,42,1
1348,572,1283,165,-70,-390,43,1
519,560,-884,23,-124,-175,46,1
145,970,-479,-5,-148,-91,47,1
378,837,-67,30,-47,-151,48,1
229,912,-466,19,-56,-149,49,1
289,812,-379,-10,-126,-110,50,1
365,911,-254,13,-52,-151,51,1
38,905,-375,-4,-77,-150,52,1
204,955,-332,-6,-88,-134,53,1
115,920,-278,-3,-91,-173,54,1
136,935,-383,0,-109,-182,55,1
144,1039,-272,9,-121,-186,56,1
125,1242,-239,6,-118,-247,57,1
88,1287,-143,8,-104,-283,58,1
231,1498,-312,28,-110,-342,59,1
540,1900,-345,136,-204,-328,60,1
2129,2602,-816,64,-47,-375,61,1
-325,1595,-143,139,-421,-227,62,1
808,1290,-1779,168,-305,-95,63,1
-389,533,-86,2,69,-138,64,1
-487,388,311,93,-321,118,65,1
381,777,-615,1,-78,-27,1,1
477,748,-455,-20,-68,-19,2,1
519,809,-342,-9,-79,-43,3,1
389,789,-428,-9,-83,-65,4,1
352,815,-455,-22,-103,-63,5,1
413,843,-374,-20,-123,-84,6,1
315,866,-399,-9,-94,-110,7,1
616,1126,-1031,140,-354,-71,8,1
762,35,189,121,-330,245,11,1
542,339,396,350,117,378,12,1
-193,1213,335,54,-10,416,13,1
140,656,330,35,-100,578,14,1
61,1194,147,5,-23,646,15,1
112,1311,302,-49,-27,720,16,1
-36,2203,11,-92,106,752,17,1
-600,2727,-470,-112,222,655,18,1
-1938,2031,-783,-48,427,355,19,1
-3239,1349,-861,-107,21,-233,20,1
2798,1062,-493,181,-1282,-151,21,1
56,942,-292,-15,-111,-174,22,1
91,995,-374,-14,-134,-200,23,1
117,1146,-241,-6,-121,-187,24,1
54,1210,-155,-19,-99,-250,25,1
188,1304,-193,18,-97,-267,26,1
342,1384,-72,84,-19,-325,27,1
670,1913,-277,211,-76,-325,28,1
646,3244,-97,-32,-342,-326,29,1
546,1496,-583,145,-432,-214,30,1
1085,1441,-1456,83,-13,-111,31,1
-539,549,-215,-59,148,-193,32,1
-436,325,258,-98,-243,144,33,1
854,76,-46,-148,-361,301,34,1
768,33,-139,-61,244,342,35,1
-46,373,274,156,327,438,36,1
-301,1076,-291,-158,95,557,37,1
170,749,-40,-77,96,655,38,1
-164,1788,-470,-116,180,714,39,1
-673,2422,-857,-85,218,728,40,1
-1944,731,-223,135,22,-275,43,1
1850,1907,-1714,-114,-672,82,44,1
-1321,2140,-449,535,472,-436,45,1
-50,797,410,-78,-230,-285,46,1
18,1148,-540,158,-91,-177,47,1
604,789,-83,-45,-201,-210,48,1
190,1056,-370,58,-28,-263,49,1
95,879,-242,25,-113,-200,50,1
-42,972,-141,0,-65,-219,51,1
-77,954,-277,1,-74,-192,52,1
-231,887,-204,-7,-64,-173,53,1
-241,911,-127,-8,-48,-128,54,1
-214,948,-183,0,-41,-91,55,1
-79,962,-109,4,-63,-85,56,1
152,1273,-311,-24,-40,-190,57,1
75,1367,-221,-18,-64,-216,58,1
196,1432,-43,11,-56,-288,59,1
457,1852,-237,125,2,-377,60,1
886,2807,-283,59,-94,-298,61,1
482,1922,-237,21,-271,-318,62,1
527,1480,-1781,147,-38,-170,63,1
625,854,-132,-100,255,-196,64,1
-574,596,546,-26,257,-120,65,1
-1897,1694,-1973,260,155,-300,1,1
416,663,-437,86,-101,-182,2,1
-101,1118,-541,44,-63,-110,3,1
399,892,-5,24,-68,-111,4,1
142,933,-317,55,-30,-124,5,1
291,868,-267,-18,-150,-92,6,1
461,874,-218,14,-93,-136,7,1
133,949,-293,23,-104,-173,8,1
166,939,-295,-2,-95,-170,9,1
-46,973,-149,-11,-103,-173,10,1
60,1009,-190,-4,-116,-174,11,1
-43,68,-67,-213,-160,146,12,1
-360,800,-141,-307,457,371,15,1
-150,1191,-706,-391,491,406,16,1
-448,1194,-890,-464,595,375,17,1
-744,1369,-1394,-442,614,293,18,1
-499,1126,-1883,-351,695,232,19,1
-1201,1045,-1591,-142,783,156,20,1
-3922,1922,-3922,-83,647,-244,21,1
-256,854,172,18,27,-43,22,1
-114,939,42,10,46,-59,23,1
6,1071,-11,11,56,-78,24,1
54,1158,100,14,68,-107,25,1
181,1285,106,12,92,-153,26,1
489,1649,-123,0,101,-209,27,1
825,1717,-148,11,25,-258,28,1
709,1579,43,45,39,-283,29,1
-253,1614,-103,47,72,-286,30,1
693,995,-347,-45,128,-258,31,1
-279,837,-799,-31,489,-241,32,1
-366,923,-975,-39,447,-166,33,1
90,483,-850,-165,103,-66,34,1
117,466,-645,-224,210,31,35,1
-68,440,-697,-220,326,166,36,1
15,491,-775,-318,189,333,37,1
160,219,-173,-368,66,397,38,1
173,549,-525,-84,122,479,39,1
162,823,-386,-111,205,552,40,1
-15,1316,-416,42,311,619,41,1
-432,2132,-799,-42,351,622,42,1
-992,2497,-1340,-61,262,564,43,1
-2429,1645,-1449,35,212,304,44,1
-2111,1312,356,-18,-106,-251,45,1
1921,1176,-570,-80,-807,-18,46,1
-11,1055,-192,465,671,-315,47,1
-437,846,632,-147,-240,-202,48,1
478,607,-273,127,32,-68,49,1
156,1276,-51,59,42,-63,50,1
8,962,-50,94,-33,-80,51,1
475,903,-282,-9,-125,-71,52,1
424,897,-143,35,-44,-129,53,1
166,926,-217,56,-68,-170,54,1
155,954,-231,15,-79,-160,55,1
29,980,-201,-8,-69,-167,56,1
3,975,-125,-9,-86,-152,57,1
-31,988,-165,-5,-84,-161,58,1
-9,1032,-171,-8,-96,-159,59,1
75,1175,29,-40,-60,-194,60,1
181,1326,62,-34,8,-254,61,1
285,1384,18,23,64,-344,62,1
600,1830,-127,101,61,-409,63,1
845,2348,35,103,-82,-254,64,1
733,1716,-260,-4,-153,-346,65,1
-352,1398,-608,-38,306,469,1,1
13,621,-128,-273,135,529,2,1
23,1168,-591,-92,173,661,3,1
-298,1739,-779,-68,218,695,4,1
-729,2235,-842,-29,214,683,5,1
-1473,2170,-805,-9,106,484,6,1
-2744,1481,-1241,-25,190,218,7,1
-1916,886,35,152,52,-208,8,1
1770,1944,-401,-20,-415,2,9,1
-1865,2090,-1304,373,106,-337,10,1
262,733,-153,63,-80,-274,11,1
-315,1071,-449,138,-56,-128,12,1
581,852,-16,-2,-129,-138,13,1
13,1024,-267,62,-13,-141,14,1
222,868,-270,6,-128,-96,15,1
257,940,-189,22,-101,-125,16,1
334,1830,-135,79,-276,-277,17,1
466,1518,-1507,188,-186,-165,18,1
166,-9,307,-74,-234,279,21,1
1102,1233,-1297,15,436,-71,22,1
-1070,1475,-916,393,269,-304,23,1
295,633,-503,73,-103,-136,24,1
55,1002,-521,15,-126,-105,25,1
307,901,-187,25,-67,-122,26,1
220,895,-397,21,-71,-106,27,1
227,877,-327,-6,-120,-77,28,1
418,866,-332,14,-109,-100,29,1
167,918,-386,6,-89,-125,30,1
192,941,-370,0,-96,-120,31,1
149,923,-281,0,-100,-136,32,1
129,946,-357,2,-106,-164,33,1
90,1035,-302,13,-114,-146,34,1
122,1075,-97,12,-102,-196,35,1
169,1191,-287,-2,-91,-259,36,1
75,1322,-209,2,-100,-293,37,1
241,1410,-323,51,-86,-320,38,1
540,1744,-144,228,-114,-287,39,1
599,2493,487,23,-287,-311,40,1
783,1515,-590,139,-349,-280,41,1
803,1200,-1394,130,70,-154,42,1
-560,423,-317,-39,161,-176,43,1
-1020,406,126,-82,-254,187,44,1
556,-64,-87,-106,-398,293,45,1
839,-24,-215,-65,0,369,46,1
250,264,338,191,296,452,47,1
-284,953,-501,-130,15,551,48,1
198,696,29,-17,81,653,49,1
7,1743,-473,-40,148,758,50,1
-621,2403,-664,-56,80,778,51,1
-1269,2832,-663,-103,-46,618,52,1
-3106,2050,-798,-53,138,347,53,1
-1732,880,-364,136,-17,-149,54,1
2201,2181,-27,-108,-735,-20,55,1
239,1757,785,201,906,-262,56,1
-804,1484,-432,141,-2,-132,57,1
279,822,-603,86,-17,-146,58,1
435,846,-353,-11,-102,-76,59,1
288,934,-169,24,-52,-98,60,1
390,830,-472,15,-85,-111,61,1
378,870,-331,-5,-147,-106,62,1
297,918,-290,3,-93,-140,63,1
129,908,-336,-8,-99,-139,64,1
185,904,-315,-6,-105,-120,65,1
375,1694,-445,127,-372,-100,1,1
634,1187,-280,413,-379,-137,2,1
-919,1750,-294,126,-822,-97,3,1
6,692,-1312,245,-747,13,4,1
317,715,-386,257,-542,84,5,1
1273,452,501,179,-692,221,6,1
760,442,711,337,-251,314,7,1
371,784,289,244,-247,431,8,1
278,668,346,197,-127,441,9,1
176,823,296,140,-157,516,10,1
-6,1083,353,103,-166,590,11,1
95,1473,260,56,-126,646,12,1
-129,1999,285,-82,-84,627,13,1
-312,2232,-308,-122,68,532,14,1
-1430,1452,-454,-56,507,351,15,1
164,947,-404,-8,-86,-93,16,1
306,846,-404,2,-78,-97,17,1
82,935,-381,3,-85,-103,18,1
178,971,-353,5,-93,-115,19,1
110,954,-398,11,-106,-121,20,1
112,979,-380,14,-144,-138,21,1
-35,279,-16,-105,-253,157,22,1
630,109,-122,-117,-212,290,23,1
569,240,11,-11,203,352,24,1
-92,893,-162,-47,235,424,25,1
-133,545,-84,-193,-10,535,26,1
305,958,-343,-45,149,619,27,1
-101,1593,-532,-79,214,683,28,1
-490,2237,-1114,-35,232,701,29,1
-1693,2495,-616,-82,14,512,30,1
-2986,1752,-1374,-55,-26,468,31,1
-2100,1014,0,74,-68,-260,32,1
2507,1444,117,-130,-771,-101,33,1
-340,2092,1114,493,691,-351,34,1
-25,1085,288,-21,-165,-202,35,1
202,918,-466,110,-10,-135,36,1
472,838,-103,-19,-155,-123,37,1
233,962,-286,47,-21,-182,38,1
-15,948,-339,-14,-102,-110,39,1
246,938,-199,1,-108,-109,40,1
83,949,-358,11,-82,-136,41,1
117,909,-333,-8,-116,-108,42,1
105,961,-243,-9,-105,-133,43,1
65,1007,-249,-7,-97,-165,44,1
91,1075,-242,-11,-99,-167,45,1
120,1116,-92,-16,-79,-230,46,1
118,1291,-233,-24,-55,-279,47,1
127,1365,-118,4,-38,-321,48,1
309,1616,-216,95,-32,-403,49,1
905,2686,-448,118,-54,-312,50,1
688,1920,-50,22,-301,-281,51,1
514,1491,-1106,118,-173,-269,52,1
630,837,-899,-14,298,-171,53,1
-1058,634,330,-50,343,-130,54,1
303,69,430,-196,-317,272,55,1
769,-70,-489,-218,-267,340,56,1
396,60,26,30,339,408,57,1
-258,1411,-404,26,292,490,58,1
39,497,109,-269,-35,630,59,1
131,1565,-616,-6,168,721,60,1
-477,2009,-408,-54,224,722,61,1
-1299,2679,-940,-85,199,622,62,1
-1541,1637,-1315,-39,291,359,63,1
-3657,1357,-756,12,-111,-12,64,1
2845,2093,1711,-106,-519,-124,65,1
104,1268,75,29,-32,-313,1,1
138,1682,202,170,-7,-365,2,1
532,2992,-168,1,-120,-310,3,1
1241,2336,-303,-45,-549,-245,4,1
892,1295,-1313,98,151,-419,5,1
536,1264,-1443,36,442,-312,6,1
-939,518,-754,-145,585,-241,7,1
789,-23,-995,-277,-251,268,10,1
238,149,-387,-83,351,454,11,1
-643,1270,-796,18,165,480,12,1
427,502,-548,-265,57,573,13,1
-261,1081,-1078,60,389,618,14,1
-629,1742,-1352,16,418,589,15,1
-1072,2052,-1602,36,393,612,16,1
-1307,1863,-338,-18,320,379,17,1
-1592,1209,-1113,100,330,297,18,1
-2195,1649,262,46,178,-266,19,1
1231,1376,-1164,159,-743,-43,20,1
-621,3343,1897,227,200,-561,21,1
20,1124,4,-50,6,-213,22,1
16,1274,76,-55,51,-254,23,1
111,1425,48,-12,111,-284,24,1
403,1868,78,7,133,-328,25,1
1002,2565,-174,-39,88,-221,26,1
654,1959,-613,-77,-51,-281,27,1
293,1480,-1272,46,274,-326,28,1
13,703,-472,-222,315,-161,29,1
-791,640,-90,-163,543,-160,30,1
102,246,-847,-195,50,47,31,1
433,271,-356,-313,-57,91,32,1
293,212,-749,-270,272,234,33,1
-498,1103,-782,-173,330,335,34,1
20,381,-921,-441,22,474,35,1
353,441,-975,-107,242,547,36,1
-113,1038,-1411,-106,254,606,37,1
-339,1332,-1059,51,243,693,38,1
-800,2259,-1074,11,195,661,39,1
-541,2426,-1495,75,340,589,40,1
-1326,1750,-440,209,775,240,41,1
-2905,1293,-414,123,164,-202,42,1
3071,1510,2071,33,-158,-150,43,1
-231,1231,615,427,1138,-338,44,1
-1499,2625,-14,-324,-572,-417,45,1
1525,-167,-387,56,37,-194,46,1
-622,2180,-96,-34,28,-314,47,1
-37,1023,-238,63,-2,-199,48,1
-162,904,178,25,-23,-184,49,1
-117,1042,-9,-3,-13,-133,50,1
-142,957,-3,-5,-8,-94,51,1
-212,877,-5,0,6,-71,52,1
-123,909,-127,0,17,-63,53,1
-174,941,-26,-6,11,-60,54,1
-67,963,77,-17,30,-69,55,1
51,1073,5,-35,43,-118,56,1
72,1194,-24,-36,56,-175,57,1
206,1337,132,-24,89,-231,58,1
359,1645,204,2,104,-295,59,1
1040,2399,-49,6,77,-274,60,1
821,2173,-255,-46,-39,-311,61,1
762,1903,-1237,-20,220,-341,62,1
-58,896,-820,-100,584,-210,63,1
-1013,955,-837,-132,515,-232,64,1
236,240,-166,-340,-10,-72,65,1
-1778,1939,-1403,-38,111,420,1,1
-3768,1235,-656,-81,-83,48,2,1
2917,2039,1333,21,-266,-233,3,1
394,1287,-77,250,1069,-326,4,1
-1001,1008,-1582,144,-79,-141,5,1
580,602,-1028,82,6,-205,6,1
-211,1178,-117,94,-26,-144,7,1
395,865,-15,46,-75,-149,8,1
67,953,-346,57,-66,-139,9,1
82,953,-323,24,-108,-178,12,1
820,903,-976,6,243,-120,13,1
-1262,605,-217,5,484,-200,14,1
-178,51,164,-139,-280,287,15,1
689,-107,-338,-238,-296,344,16,1
496,-31,-12,12,260,418,17,1
-345,777,-190,207,255,507,18,1
138,567,197,-266,0,575,19,1
146,1293,-319,16,108,656,20,1
-106,1830,-586,-60,212,670,21,1
-68,919,-367,34,-68,-88,22,1
160,892,-233,4,-125,-47,23,1
94,997,-230,15,-70,-70,24,1
120,904,-384,9,-89,-72,25,1
65,960,-240,5,-68,-90,26,1
129,970,-244,14,-74,-107,27,1
66,1033,-224,9,-74,-148,28,1
91,1051,-104,14,-67,-196,29,1
141,1199,-253,2,-49,-258,30,1
125,1302,-257,0,-55,-305,31,1
232,1521,-426,21,-125,-344,32,1
681,1998,-267,155,-204,-346,33,1
2070,2225,-657,83,0,-432,34,1
-352,1611,-635,143,-384,-252,35,1
587,970,-1858,189,-175,-96,36,1
-472,564,185,91,133,-103,37,1
-175,417,209,30,-328,274,38,1
996,77,83,-28,-230,350,39,1
485,104,474,301,387,383,40,1
-324,1636,-480,123,73,489,41,1
169,726,447,-16,-8,542,42,1
107,1300,92,12,33,663,43,1
-83,1593,64,0,97,703,44,1
-231,2210,-137,-115,44,745,45,1
-734,2390,-330,-123,-19,660,46,1
-2160,1850,-538,-63,62,499,47,1
-2804,1014,-224,-143,-199,-276,48,1
2145,969,-1331,168,-541,-202,49,1
1726,1219,151,-28,894,-25,50,1
-1885,1872,222,44,199,-405,51,1
528,855,-628,137,-122,-293,52,1
-343,825,-563,26,-187,-170,53,1
151,903,-32,7,-57,-135,54,1
-90,922,-263,52,-53,-68,55,1
121,832,-564,49,-116,4,56,1
222,847,-454,33,-52,0,57,1
244,837,-540,24,-80,8,58,1
266,851,-425,16,-52,-31,59,1
267,868,-401,24,-56,-66,60,1
323,839,-463,33,-69,-101,61,1
70,935,-412,40,-61,-106,62,1
90,969,-312,53,-78,-113,63,1
205,1037,-524,64,-111,-143,64,1
186,1117,-517,67,-157,-157,65,1
454,1732,-60,123,-321,-234,1,1
644,2166,-155,88,-575,-149,2,1
379,1949,81,180,-553,-243,3,1
609,1660,-2226,247,-183,-130,4,1
-672,658,-467,100,-120,-24,5,1
426,374,832,-5,-481,300,6,1
1142,83,80,172,-152,399,7,1
248,945,389,293,273,441,8,1
-628,1031,786,-30,-204,562,9,1
190,1332,325,42,-83,641,10,1
-289,1284,687,-57,-105,660,11,1
-27,1595,433,-94,-86,719,12,1
-233,2068,68,-108,51,734,13,1
-1215,2349,-266,-129,115,612,14,1
-1340,1949,-1104,-122,205,420,15,1
-3922,1621,-872,-137,3,91,16,1
1981,529,1155,116,-547,-367,17,1
1574,1205,-867,-114,763,-38,18,1
-1348,1358,-873,261,297,-333,19,1
504,679,-836,167,-118,-128,20,1
157,968,-394,1,-132,-207,21,1
548,-15,135,67,356,406,22,1
-311,780,-14,198,277,502,23,1
-6,635,334,-220,-58,572,24,1
154,1117,-54,26,82,675,25,1
-25,1735,-218,-61,154,716,26,1
-697,2359,-509,-94,130,701,27,1
-1446,2436,-944,-97,25,562,28,1
-3102,1728,-1100,-81,160,192,29,1
-2867,1225,-379,34,-121,-257,30,1
3610,3123,655,-193,-1022,-24,31,1
215,1599,995,299,1316,-341,32,1
-843,1092,-377,103,-86,-97,33,1
218,1319,-1251,161,102,-228,34,1
-36,990,66,31,-141,-85,35,1
197,882,-121,-9,-112,-126,36,1
84,968,-381,38,-53,-96,37,1
205,869,-428,-2,-117,-43,38,1
316,935,-207,26,-68,-65,39,1
223,888,-417,19,-107,-80,40,1
312,882,-357,15,-113,-99,41,1
232,923,-329,12,-99,-145,42,1
37,1010,-315,6,-114,-179,43,1
164,1140,-205,10,-125,-178,44,1
219,1207,-198,-5,-85,-256,45,1
167,1277,-235,-3,-72,-309,46,1
226,1531,-295,40,-118,-347,47,1
722,1832,-310,162,-133,-344,48,1
781,3415,-222,143,-173,-396,49,1
694,1556,-374,149,-593,-267,50,1
1162,1488,-1417,82,-220,41,51,1
-307,629,-172,24,256,-257,52,1
-547,539,-234,-82,-210,192,53,1
954,-83,-31,-203,-329,395,54,1
601,-80,128,52,288,407,55,1
-232,609,-212,269,277,496,56,1
-41,691,289,-244,-31,570,57,1
141,1362,-124,11,110,655,58,1
-194,1841,-325,-87,198,671,59,1
-730,2096,-596,-119,157,644,60,1
-1395,2141,-1046,-83,150,507,61,1
-2168,1372,-1203,-16,288,80,62,1
-2614,1145,-827,61,34,-107,63,1
2319,3189,155,79,-254,-211,64,1
-984,1580,199,49,429,-573,65,1
409,1389,-1979,42,87,-100,1,1
-531,679,-502,-91,506,-147,2,1
-428,278,-125,-332,-205,188,3,1
697,-92,-429,-343,-205,335,4,1
440,80,-46,-103,345,445,5,1
-288,1246,-1106,-227,94,494,6,1
20,803,-416,-237,140,646,7,1
-127,908,20,46,43,-198,8,1
-269,934,-249,-4,7,-128,9,1
-195,1012,122,8,5,-65,10,1
-207,1005,126,12,20,-65,11,1
-150,935,-73,10,7,-55,12,1
-134,867,-108,12,-7,-40,13,1
-219,853,123,17,-37,-51,14,1
96,980,28,-2,-37,-123,15,1
123,1099,-60,-18,-43,-177,16,1
45,1301,99,-52,17,-232,17,1
281,1468,238,-26,84,-288,18,1
448,1970,228,16,152,-356,19,1
872,2854,51,-36,183,-332,20,1
627,1887,-605,-63,39,-390,21,1
-169,1476,-1171,84,203,624,22,1
-551,2147,-1578,-44,262,679,23,1
-1950,2306,-548,-3,336,356,24,1
-2321,1226,-1300,113,553,340,25,1
-2429,1300,-152,190,364,-335,26,1
2036,1396,284,66,-328,-115,27,1
-2960,2600,-255,284,108,-504,28,1
1222,783,-507,0,-322,-96,29,1
-621,1335,23,180,199,-258,30,1
294,939,288,66,-130,-126,31,1
-209,976,-228,25,-15,-150,32,1
-75,1017,-36,12,-12,-109,33,1
-60,995,102,11,-47,-80,34,1
-56,1088,15,13,-23,-70,35,1
-8,977,-68,4,5,-91,36,1
-46,957,-153,3,3,-93,37,1
-67,967,-48,1,3,-96,38,1
6,1029,8,-7,2,-123,39,1
302,1123,-105,-23,1,-185,40,1
196,1410,14,-3,25,-265,41,1
361,1451,185,33,86,-353,42,1
572,2087,24,68,45,-331,43,1
1009,2282,-180,4,-113,-390,44,1
666,1759,-347,91,-77,-348,45,1
507,1273,-1441,0,0,-141,46,1
-463,806,-718,8,521,-235,47,1
-10,498,-331,-275,23,73,48,1
567,29,-447,-329,16,258,49,1
327,63,-267,-117,386,329,50,1
-273,937,-883,-104,205,454,51,1
87,635,-530,-246,205,479,52,1
-8,1080,-901,-119,126,611,53,1
-138,1444,-1073,-68,129,619,54,1
-826,1851,-1170,2,60,659,55,1
-800,2158,-1481,77,89,578,56,1
-1824,1893,-280,71,281,329,57,1
-3019,1231,-1254,135,400,262,58,1
-59,2299,2224,15,184,-280,59,1
233,1462,-832,103,464,-207,60,1
-3041,2105,-1311,252,0,-218,61,1
1167,899,-935,75,-296,-249,62,1
136,932,425,93,127,-170,63,1
148,1026,325,0,-136,-183,64,1
44,1045,-404,90,-63,-193,65,1
257,1354,-155,84,2,-349,1,1
353,1816,-120,158,-24,-399,2,1
708,2463,31,103,-290,-308,3,1
427,1779,-307,149,-307,-346,4,1
689,1773,-1055,94,-380,-31,5,1
684,511,-524,-58,-30,-91,6,1
-474,878,244,126,118,-47,7,1
739,248,574,-237,-256,312,8,1
652,-148,-179,-64,112,408,9,1
-45,316,145,279,172,465,10,1
24,1136,-254,-109,52,535,11,1
174,784,279,-6,123,634,12,1
-116,1669,-198,-103,127,645,13,1
-473,2124,-609,-92,245,658,14,1
-40,992,-50,8,-62,-86,15,1
-25,950,-265,12,-83,-67,16,1
-40,930,-217,9,-79,-56,17,1
74,974,-219,14,-97,-72,18,1
123,1020,-152,17,-90,-110,19,1
59,1053,-84,14,-54,-177,20,1
211,1241,-123,4,-53,-251,21,1
-338,1060,75,187,362,413,22,1
331,522,-97,-231,145,534,23,1
-125,1061,-277,-41,187,600,24,1
-190,1490,-747,-92,203,599,25,1
-541,1759,-867,-55,179,673,26,1
-1294,2183,-868,-95,-31,582,27,1
-1602,1947,-1082,-44,-236,499,28,1
-3481,1322,-679,-1,-121,132,29,1
-613,1332,277,188,79,-174,30,1
3229,1592,-182,-200,-429,217,31,1
-2432,2342,-379,492,577,-567,32,1
263,663,-787,166,-212,32,33,1
333,991,-674,56,119,-209,34,1
99,1167,-111,55,-91,-109,35,1
184,869,-182,37,-133,-142,36,1
186,866,-451,-4,-139,-106,37,1
448,853,-313,11,-131,-113,38,1
224,930,-395,20,-85,-156,39,1
110,903,-370,9,-115,-140,40,1
141,949,-287,8,-119,-160,41,1
195,973,-334,20,-109,-169,42,1
-21,1005,-328,22,-120,-182,43,1
187,1121,-297,19,-113,-209,44,1
288,1243,-286,21,-93,-264,45,1
266,1425,-224,69,-129,-313,46,1
519,1705,-141,188,-209,-318,47,1
1569,3242,130,149,-246,-501,48,1
697,1607,-510,155,-539,-229,49,1
804,1220,-1692,178,-132,-60,50,1
-463,517,-194,99,239,-152,51,1
-713,203,537,-78,-440,377,52,1
1093,-244,357,-60,-474,363,53,1
615,10,364,319,320,436,54,1
-866,2298,-443,98,26,520,55,1
190,539,523,-123,-156,616,56,1
19,1393,139,23,-120,765,57,1
-355,1805,192,-12,-141,815,58,1
-664,2720,-260,-104,-228,747,59,1
-1508,2435,-119,-88,109,426,60,1
-3757,1269,-6,-25,158,115,61,1
1998,1870,544,-19,-236,-129,62,1
-94,1562,-598,36,606,-369,63,1
-788,1538,236,13,-44,-231,64,1
575,838,-731,25,-46,-233,65,1
36,1037,-219,-19,-112,-205,1,1
24,1164,-29,-40,-81,-247,2,1
109,1349,-61,-44,-59,-298,3,1
132,1347,-39,16,-26,-349,4,1
43,2040,-289,175,-71,-354,5,1
658,2798,1,-34,-58,-375,6,1
834,1907,-371,0,-264,-275,7,1
691,1341,-1595,140,172,-159,8,1
265,755,-23,-95,263,-264,9,1
-877,589,495,-150,22,32,10,1
969,-5,18,-224,-373,258,11,1
1004,-47,-456,-210,87,356,12,1
268,239,314,74,359,403,13,1
-300,1235,-847,-206,47,534,14,1
194,724,-121,-113,73,648,15,1
-100,1925,-876,-133,147,686,16,1
-710,2252,-1393,-61,252,699,17,1
-832,2441,-1303,-3,284,579,18,1
-2547,1619,-960,36,239,406,19,1
-2186,962,-1081,123,-68,-230,20,1
1485,812,1237,54,71,-319,21,1
-18,1012,-192,45,-32,-25,22,1
176,1006,-186,49,-47,-63,23,1
316,1168,-303,42,-36,-165,24,1
234,1295,-234,50,-48,-226,25,1
170,1420,-106,66,-52,-296,26,1
297,1755,-293,114,-136,-351,27,1
815,2068,-226,219,-231,-291,28,1
-144,2812,-390,268,-285,-328,29,1
764,987,-608,182,-630,-144,30,1
340,646,-926,138,-118,-19,31,1
-352,556,749,188,-10,47,32,1
1140,269,499,27,-340,267,33,1
944,242,245,205,234,337,34,1
0,1136,261,291,335,431,35,1
-229,840,495,-114,-160,553,36,1
64,1219,381,76,-14,587,37,1
-54,1344,455,-61,-43,653,38,1
-442,1800,104,-91,35,670,39,1
-862,2005,-55,-126,39,639,40,1
-1185,2068,-538,-140,146,484,41,1
-2770,1441,-591,0,414,147,42,1
-1080,709,-1253,149,65,-156,43,1
2462,1140,-2751,-158,-627,132,44,1
-798,2069,520,517,772,-410,45,1
-355,934,456,26,-221,-93,46,1
777,1091,-727,35,-28,-179,47,1
119,817,-218,14,-95,-121,48,1
366,908,-128,-14,-98,-140,49,1
140,979,-301,-12,-114,-133,50,1
337,867,-333,-12,-145,-122,51,1
248,976,-181,-5,-113,-156,52,1
88,968,-291,-16,-127,-166,53,1
45,944,-272,-20,-110,-168,54,1
93,981,-262,-18,-106,-162,55,1
37,1069,-166,-22,-98,-181,56,1
73,1145,-50,-26,-68,-225,57,1
214,1297,-141,-34,-44,-281,58,1
131,1336,-9,11,5,-340,59,1
336,1748,-336,112,-42,-421,60,1
863,2988,-610,94,-99,-328,61,1
631,1775,-116,42,-383,-265,62,1
558,1470,-1333,139,-127,-232,63,1
666,810,-698,-90,309,-199,64,1
-1027,595,282,-139,480,-56,65,1
1045,1342,-1400,65,-189,-151,1,1
-2230,2219,-1449,404,430,-345,2,1
174,657,352,-150,-335,-268,3,1
420,1105,50,193,152,-207,4,1
-23,841,308,-49,-120,-230,5,1
193,1133,-325,34,-55,-191,6,1
-131,955,-6,13,-53,-166,7,1
-7,948,-84,3,-50,-157,8,1
-38,960,-132,2,-55,-151,9,1
-171,954,-108,-7,-54,-121,10,1
-120,981,-84,-2,-74,-96,11,1
-278,235,-80,-229,-71,133,12,1
787,144,-767,-344,-145,220,13,1
68,486,-341,-175,531,321,14,1
-288,597,-673,-377,150,406,15,1
223,444,-774,-214,254,569,16,1
213,969,-1419,-192,344,557,17,1
-115,1142,-1435,-158,342,586,18,1
-356,1638,-1458,-24,250,600,19,1
-781,1936,-1764,56,245,515,20,1
-1217,2050,-189,27,388,421,21,1
-131,900,-118,-1,28,-75,22,1
-121,874,-32,7,25,-65,23,1
-149,886,-37,-5,1,-78,24,1
-15,917,62,-11,-29,-104,25,1
-35,1151,45,-17,-12,-170,26,1
144,1345,171,-16,-9,-197,27,1
141,1460,410,2,78,-245,28,1
541,2129,-71,-17,81,-286,29,1
1322,2230,-135,-41,-83,-347,30,1
759,1934,-8,19,63,-338,31,1
1051,1829,-1083,-8,123,-225,32,1
616,847,-243,-126,463,-262,33,1
-821,1141,-781,-78,638,-159,34,1
239,313,-582,-190,-155,-60,35,1
290,344,-396,-245,85,142,36,1
-8,319,-754,-207,190,297,37,1
189,287,-1102,-298,214,393,38,1
217,836,-859,-299,265,478,39,1
457,898,-1456,-224,346,559,40,1
-48,1576,-1884,-137,553,593,41,1
-334,1833,-2072,-85,481,624,42,1
-610,1976,-2289,50,388,615,43,1
-1286,2076,-997,93,269,486,44,1
-1996,916,-1511,114,33,340,45,1
-1621,1333,-449,214,220,-167,46,1
-925,1695,1832,82,94,-281,47,1
-333,1660,-3150,369,590,-268,48,1
-2780,701,1439,34,-243,-261,49,1
1328,743,-1359,56,-85,-237,50,1
-443,1186,-47,39,-4,-176,51,1
-108,1176,223,48,-28,-101,52,1
-4,1088,154,25,-9,-131,53,1
134,931,-237,47,33,-96,54,1
4,806,-538,46,-14,-97,55,1
-72,874,-384,39,-80,-86,56,1
17,868,-153,40,-61,-102,57,1
-143,1021,-96,33,-37,-134,58,1
-70,940,-161,30,-31,-147,59,1
127,1234,-146,26,-44,-199,60,1
212,1415,153,46,-12,-267,61,1
364,1731,55,99,32,-345,62,1
994,2433,-101,91,-151,-333,63,1
1161,2086,-264,111,-91,-338,64,1
267,1965,-984,115,-285,-207,65,1
177,709,-47,-2,26,676,1,1
4,1893,-703,-20,204,735,2,1
-981,2514,-1012,-24,321,750,3,1
-2189,2418,-1654,-136,101,561,4,1
-3671,1313,-983,85,158,352,5,1
-468,2008,710,-16,-41,-316,6,1
2663,1011,-1908,-202,139,68,7,1
-3922,2692,-984,865,775,-513,8,1
452,1146,1333,-206,-413,-164,9,1
741,1121,-190,84,114,-110,10,1
309,782,-101,84,-95,-185,11,1
247,913,-322,36,-64,-195,12,1
120,938,-249,-10,-172,-123,13,1
337,921,-167,18,-73,-151,14,1
81,924,-298,12,-77,-171,15,1
6,940,-237,4,-88,-150,16,1
-675,362,-288,-21,354,-231,17,1
-643,345,41,-45,-171,268,18,1
842,-111,-67,-142,-301,334,19,1
766,-53,-14,-36,199,407,20,1
-37,353,203,221,253,465,21,1
363,1074,-94,132,175,-147,22,1
387,784,-36,84,-44,-178,23,1
-59,978,-181,44,0,-208,24,1
205,987,-222,20,-130,-113,25,1
151,981,-87,17,-52,-154,26,1
220,969,-247,4,-73,-165,27,1
29,920,-113,-22,-18,-197,28,1
30,1007,-78,-11,7,-215,29,1
-138,991,-192,-3,11,-208,30,1
-226,870,-282,12,-15,-186,31,1
-269,662,-438,11,-22,-155,32,1
-324,747,-442,21,-102,-108,33,1
12,1018,-743,6,-141,-89,34,1
67,1520,-744,5,-173,-144,35,1
162,1586,-1124,55,-448,-167,36,1
-181,770,-985,131,-593,-40,37,1
358,963,-610,157,-827,98,38,1
1211,1034,49,155,-737,165,39,1
1012,910,347,175,-312,148,40,1
32,1310,121,214,-280,159,41,1
-412,814,892,179,-845,284,42,1
3,1067,642,173,-758,283,43,1
131,939,997,112,-779,262,44,1
431,1048,532,39,-742,294,45,1
250,984,-250,17,-610,124,46,1
93,1055,-1085,161,-450,100,47,1
-161,592,-396,128,-623,37,48,1
275,590,-874,174,-888,152,49,1
516,473,-642,150,-746,88,50,1
-223,1671,-390,174,-505,-57,51,1
1166,743,1380,114,-96,97,52,1
4,2490,-390,133,234,167,53,1
799,1374,-717,84,295,-99,54,1
968,1068,-901,29,-102,111,55,1
55,1003,-312,1,-56,75,56,1
339,871,-327,-2,-68,81,57,1
161,810,-485,1,-18,55,58,1
288,926,-362,6,-41,54,59,1
393,916,-382,-1,-80,28,60,1
215,873,-476,-7,-84,-13,61,1
190,904,-346,-27,-102,-19,62,1
209,909,-354,-11,-117,-31,63,1
271,853,-535,18,-145,-37,64,1
136,901,-365,6,-176,-51,65,1
269,1362,212,75,57,-391,1,1
274,2239,-213,143,-7,-334,2,1
1378,2686,-35,-26,-371,-373,3,1
1246,1558,-626,57,-142,-337,4,1
697,1361,-1247,196,190,-207,5,1
-411,627,-401,-112,132,-195,6,1
-701,489,53,-128,-145,104,7,1
933,143,42,-219,-331,258,8,1
896,36,-317,-174,175,348,9,1
76,309,105,8,340,413,10,1
67,442,-488,-283,78,542,11,1
197,711,-428,-86,212,634,12,1
-165,1472,-887,-106,172,681,13,1
-607,2123,-1302,-21,234,713,14,1
-1135,2710,-348,-28,316,577,15,1
-1664,1511,-1666,18,216,343,16,1
-3047,1039,-505,160,293,-168,17,1
-289,844,971,-66,-366,-231,20,1
46,1255,-105,8,12,-238,21,1
-262,1072,-440,-50,322,404,22,1
30,519,-234,-270,164,492,23,1
83,788,-541,-71,178,613,24,1
-38,1388,-902,-95,155,670,25,1
-427,2084,-1354,8,165,695,26,1
-1168,2730,-474,9,170,603,27,1
-1970,1508,-1572,27,12,410,28,1
-2554,897,75,159,47,-185,29,1
2202,1207,1862,32,-132,-281,30,1
1063,1019,-350,194,1157,-108,31,1
-3922,3305,-2344,389,276,-232,32,1
892,649,-676,48,-455,-342,33,1
-506,1444,-204,153,80,-187,34,1
396,952,95,50,-94,-163,35,1
-61,912,-454,38,-79,-178,36,1
144,953,-178,30,-90,-113,37,1
52,931,-179,31,-70,-129,38,1
-58,917,-252,22,-57,-113,39,1
-100,1014,-182,22,-83,-80,40,1
95,950,-297,25,-72,-86,41,1
166,998,-316,14,-58,-142,42,1
110,1028,-256,4,-44,-187,43,1
85,1200,-186,1,-56,-232,44,1
78,1333,-8,6,-56,-281,45,1
157,1430,-140,59,-23,-338,46,1
410,2159,10,210,-95,-300,47,1
1214,2310,718,21,-259,-356,48,1
893,1655,-538,40,-285,-235,49,1
758,1429,-907,140,257,-199,50,1
-540,470,-417,-162,186,-161,51,1
-1212,505,182,-77,108,66,52,1
390,-163,1098,-152,-224,214,53,1
376,130,812,-58,104,353,54,1
-368,1025,399,-324,-61,407,55,1
152,590,347,-325,-56,527,56,1
41,1392,33,-322,65,581,57,1
548,2050,-501,-320,192,603,58,1
490,1818,-1264,-44,668,512,59,1
-445,1751,-2562,0,827,330,60,1
-2799,1468,-1039,-317,473,282,61,1
-3107,463,-785,-167,-642,-252,62,1
501,3922,-36,200,-156,-661,63,1
-3583,1294,2390,514,507,-389,64,1
737,1003,491,182,118,-289,65,1
-14,951,-210,70,-15,156,1,1
-148,948,-95,74,-45,138,2,1
110,980,-198,77,-96,118,3,1
65,902,-368,45,-91,74,4,1
124,896,-394,28,-117,49,5,1
67,961,-270,31,-116,32,6,1
65,998,-269,42,-125,21,7,1
44,1007,-263,46,-127,24,8,1
-21,1005,-357,41,-159,2,9,1
-37,938,-435,15,-227,52,10,1
194,894,-545,-6,-258,-64,11,1
140,935,-523,1,-248,-88,12,1
276,1007,-258,0,-211,-134,13,1
17,1289,123,49,-154,-158,14,1
294,1543,417,29,-131,-247,15,1
139,861,271,-28,50,630,16,1
100,1514,184,-75,80,700,17,1
-298,2419,34,-113,213,743,18,1
-607,2737,-867,-138,369,679,19,1
-1747,1915,-1466,6,462,329,20,1
-3324,1541,-958,-37,-167,-343,21,1
30,955,-103,-9,-27,-96,22,1
39,1012,-123,-17,-35,-112,23,1
45,1030,-73,-20,-51,-128,24,1
270,1122,29,-16,-62,-185,25,1
168,1225,49,-7,-45,-317,26,1
84,1538,194,-4,15,-389,27,1
232,1879,-37,10,18,-413,28,1
751,2000,62,109,-19,-361,29,1
633,2161,-72,51,-14,-163,30,1
424,1588,-1161,52,-160,-262,31,1
206,911,-609,-73,200,-32,32,1
-565,472,-426,-64,420,-173,33,1
-223,66,-794,-96,221,38,34,1
148,3,-341,-214,-52,108,35,1
264,71,-47,-73,154,213,36,1
94,293,-154,128,252,336,37,1
-88,861,-822,-142,166,397,38,1
113,492,-279,-132,227,472,39,1
-18,1109,-653,-43,223,553,40,1
-285,1599,-727,-5,183,621,41,1
-511,2282,-1459,9,246,670,42,1
-1492,2689,-910,19,83,615,43,1
-2918,937,-1286,65,-4,401,44,1
1017,2241,2902,30,368,-326,45,1
-659,1131,-498,228,989,-310,46,1
-1058,794,-578,262,-285,-50,47,1
1404,500,-1046,33,-58,-183,48,1
-610,1028,-31,83,-23,-106,49,1
467,995,-4,17,-40,-136,50,1
-27,951,-377,65,-31,-85,51,1
330,863,-301,-9,-126,-51,52,1
450,901,-262,22,-64,-100,53,1
93,903,-310,10,-86,-107,54,1
317,905,-328,4,-88,-131,55,1
211,955,-227,4,-103,-170,56,1
80,1011,-271,-6,-112,-224,57,1
154,1093,-199,-4,-111,-256,58,1
22,1312,43,-4,-82,-302,59,1
270,1530,-213,22,-138,-323,60,1
391,1848,-94,122,-216,-326,61,1
1481,2022,-567,253,3,-383,62,1
142,1845,3,15,-173,-220,63,1
106,1104,-1270,163,109,-297,64,1
-709,709,-120,-13,0,-169,65,1
-3922,1601,-249,24,76,563,1,1
-2226,1473,-321,84,228,-368,2,1
749,1401,50,220,-450,-100,3,1
-1542,3922,-56,-132,-314,-412,4,1
754,-603,534,64,-174,-124,5,1
530,2129,-1077,130,303,-181,6,1
-452,708,270,28,-9,-161,7,1
53,1018,232,-45,-54,-143,8,1
42,949,-82,-11,-16,-168,9,1
188,962,-15,-8,4,-187,10,1
-175,969,116,-15,8,-209,11,1
-187,996,108,-31,-10,-178,12,1
-137,1168,111,-35,-51,-180,13,1
-64,1333,300,-49,-37,-198,14,1
318,1353,355,-35,74,-244,15,1
312,491,-823,-466,87,532,16,1
566,1052,-1136,-178,251,541,17,1
572,1389,-1117,-219,337,567,18,1
-1650,2447,-2170,26,539,637,21,1
-42,1020,-56,39,-10,-121,22,1
-82,1023,49,25,0,-137,23,1
29,1091,-21,16,18,-172,24,1
70,1178,1,3,54,-230,25,1
93,1269,17,19,68,-290,26,1
96,1332,70,29,65,-288,27,1
342,1817,-238,73,93,-277,28,1
720,1928,36,59,28,-157,29,1
445,1539,-371,32,9,-269,30,1
221,1497,-287,33,-42,-257,31,1
732,722,-299,-51,200,-138,32,1
-205,869,-32,93,466,-162,33,1
527,676,-353,-233,-72,66,34,1
795,167,-311,-164,92,239,35,1
40,890,-486,-153,132,256,36,1
54,408,-231,-231,42,376,37,1
138,633,-420,-105,-2,578,38,1
225,1218,-582,-69,71,645,39,1
-132,1694,-567,-1,77,703,40,1
-1090,2787,-901,49,203,748,41,1
-2854,2294,-1361,-24,221,428,42,1
-3596,971,-102,-18,65,208,43,1
1166,2568,1256,-50,-320,-198,44,1
325,1374,-102,-11,552,-390,45,1
-801,769,-726,161,86,-251,46,1
67,899,-343,38,-41,-85,47,1
206,1143,-105,45,-66,-73,48,1
170,889,-107,55,-18,-123,49,1
248,924,-374,25,-57,-106,50,1
369,894,-165,12,-86,-123,51,1
220,955,-175,14,-52,-171,52,1
-11,960,-199,5,-80,-172,53,1
126,952,-192,3,-83,-186,54,1
-61,986,-145,0,-94,-202,55,1
-45,1037,-151,-1,-88,-236,56,1
-107,1193,-83,-17,-82,-238,57,1
29,1322,3,-30,-33,-283,58,1
7,1435,-39,-9,13,-332,59,1
331,1703,-355,92,-13,-358,60,1
889,2089,-113,190,44,-330,61,1
410,2384,-97,-15,-123,-319,62,1
399,1293,-444,122,-124,-295,63,1
467,850,-769,-13,216,-125,64,1
-355,411,65,-26,316,-42,65,1
-354,903,-683,24,-78,-300,1,1
539,688,-265,146,32,-131,2,1
57,1106,27,-3,-77,-173,3,1
132,1015,-178,63,-35,-184,4,1
70,950,-326,0,-104,-144,5,1
175,992,-130,15,-71,-155,6,1
58,970,-202,6,-62,-169,7,1
-29,946,-180,4,-66,-173,8,1
-31,975,-198,4,-52,-153,9,1
-102,973,-124,6,-59,-146,10,1
-107,1011,-87,0,-48,-154,11,1
72,129,-359,-105,-213,143,12,1
607,321,-67,-225,-150,218,13,1
562,131,-162,-139,245,322,14,1
-317,883,-483,-159,151,375,15,1
72,555,-144,-227,64,495,16,1
120,931,-436,-125,110,595,17,1
-69,1577,-574,-91,186,663,18,1
-350,2135,-923,-74,238,641,19,1
-1369,2459,-857,4,356,520,20,1
-2891,1404,-1957,51,446,297,21,1
60,898,-158,23,21,-197,22,1
-57,1010,-24,6,19,-188,23,1
-140,1046,34,-1,49,-171,24,1
-109,1014,-125,-8,71,-165,25,1
-50,1004,-419,9,-17,-158,26,1
-431,925,-479,-11,-35,-130,27,1
-535,911,-1043,-56,-103,-34,28,1
-460,959,-1685,-73,-268,158,29,1
-121,697,-1910,-54,-578,104,30,1
155,1305,-2941,45,-1375,136,31,1
590,796,-1651,82,-1369,253,32,1
571,1225,-823,156,-870,-302,33,1
202,1355,-199,214,-181,-281,34,1
-63,1089,-226,221,-86,-228,35,1
82,1340,-182,231,-138,-161,36,1
159,1453,-193,238,-164,-157,37,1
256,1526,-119,241,-234,-190,38,1
352,1521,-168,232,-380,-202,39,1
463,1469,-236,220,-598,-191,40,1
1169,1580,-501,227,-726,-153,41,1
1162,1147,-432,200,-633,-121,42,1
1455,656,-354,251,-594,-36,43,1
1799,459,-513,330,-534,122,44,1
1423,453,-226,334,-495,239,45,1
1064,-1044,2897,621,-955,764,48,1
2226,2057,-2527,18,286,-45,49,1
-2151,733,-382,108,252,-21,50,1
667,1180,-638,87,68,61,51,1
-397,976,-98,123,85,109,52,1
-239,848,-414,87,25,200,53,1
-182,924,-76,70,-33,208,54,1
127,989,-97,83,-83,158,55,1
142,892,-358,61,-104,81,56,1
80,924,-408,44,-75,57,57,1
65,998,-279,30,-97,47,58,1
29,981,-213,43,-94,10,59,1
50,962,-350,54,-123,-12,60,1
18,949,-341,59,-139,-24,61,1
30,1012,-264,52,-115,-29,62,1
19,958,-309,59,-128,-68,63,1
165,1019,-415,58,-109,-109,64,1
274,1055,-335,74,-75,-183,65,1
651,1810,-276,21,60,-251,1,1
766,1883,-102,15,-63,-316,2,1
460,1833,-560,28,-132,-329,3,1
611,1145,-1199,66,42,-208,4,1
-756,388,-844,-33,317,-82,5,1
-796,-3,-693,-156,84,208,6,1
-363,-1158,1357,-292,20,358,7,1
-226,-26,2375,293,-73,406,8,1
364,640,1992,-525,37,383,9,1
-437,500,1944,-157,42,608,10,1
621,2391,-58,-428,154,662,11,1
-553,1747,-881,-255,383,204,12,1
-3922,1322,-3641,-212,901,-398,13,1
775,1012,-638,540,-832,-914,14,1
-984,2475,-1226,-144,313,-728,15,1
322,1334,-898,-73,-49,-398,16,1
-1389,414,277,-7,-82,-273,17,1
-483,39,477,50,-139,-120,18,1
-1344,-712,1697,124,-280,47,19,1
-939,364,1736,91,-133,-14,20,1
-280,965,-37,30,40,18,21,1
1733,2580,109,286,-308,-449,22,1
447,1704,-1219,26,7,-220,23,1
1803,287,921,-144,-349,92,24,1
1582,-22,125,-98,108,291,25,1
1001,385,-313,-116,92,595,26,1
-135,901,-249,-156,135,722,27,1
-892,1284,243,-13,107,681,28,1
-1816,2185,-674,-9,501,384,29,1
1429,-1126,-3432,-671,-983,-749,32,1
-3609,3922,496,383,468,-537,33,1
577,1440,-590,100,-44,-130,34,1
-794,792,0,51,-47,-65,35,1
-290,982,-199,8,-34,-6,36,1
-184,1008,-258,-48,-25,8,37,1
10,931,-246,-62,-16,29,38,1
-12,1053,98,-61,-36,40,39,1
28,994,22,-58,-4,9,40,1
247,1003,1,-72,-30,0,41,1
143,918,50,-82,3,-45,42,1
14,953,35,-92,25,-86,43,1
91,1044,35,-102,20,-111,44,1
-106,1180,100,-109,11,-106,45,1
177,1297,149,-109,1,-67,46,1
93,1260,89,-114,-40,-99,47,1
492,1519,-294,-82,-27,-94,48,1
-106,993,-201,-24,-120,-32,49,1
21,1153,-418,5,-46,-88,50,1
208,1454,-274,-6,87,-150,51,1
222,1275,-17,17,156,-193,52,1
442,1471,-194,20,295,-223,53,1
265,1094,-440,21,439,-219,54,1
-133,963,-300,26,344,-119,55,1
293,540,-350,-41,92,-54,56,1
418,578,-467,12,111,100,57,1
554,478,-246,32,132,212,58,1
333,510,-275,96,98,304,59,1
254,647,-271,102,135,393,60,1
63,782,-151,97,159,461,61,1
-28,1114,-143,70,180,506,62,1
-379,1453,-199,25,235,500,63,1
-1057,1465,-394,-22,242,376,64,1
-1568,1264,-715,29,285,170,65,1
-267,1272,74,-60,14,-100,1,1
-26,1299,206,-59,39,-79,2,1
115,1148,285,-63,176,-53,3,1
144,825,191,-115,338,-60,4,1
-255,808,450,-106,394,-126,5,1
4,915,270,-145,462,-166,6,1
106,1000,24,-123,518,-200,7,1
18,973,-267,-81,413,-279,8,1
-116,1215,-23,4,188,-265,9,1
90,1834,867,32,-135,-210,10,1
1600,1860,-493,10,7,-73,11,1
59,1146,-364,-109,640,-249,12,1
-454,985,-1082,-186,534,-163,13,1
-680,1249,-1021,-246,14,-18,14,1
85,768,-618,-361,-375,36,15,1
576,396,-45,-313,-222,146,16,1
288,591,336,-44,41,285,17,1
-1470,1027,41,121,7,-167,20,1
-582,1011,-108,37,-6,-124,21,1
-605,912,257,47,36,-106,22,1
-528,998,202,59,35,-77,23,1
-261,1242,173,61,72,-72,24,1
-169,1505,156,15,-9,-107,25,1
-275,1270,45,33,58,-115,26,1
101,1158,-207,46,65,-117,27,1
-375,998,-208,108,49,-53,28,1
-941,858,-398,2,287,12,29,1
134,799,-446,-53,-198,128,30,1
1296,46,-72,-280,-223,376,31,1
533,476,160,158,348,308,32,1
-380,2012,-747,-218,-38,348,33,1
441,835,-315,-128,-75,349,34,1
410,1280,-621,-50,111,297,35,1
102,1155,-577,-28,145,175,36,1
471,1234,-784,11,229,197,37,1
553,1240,-999,10,280,124,38,1
388,1002,-926,25,241,149,39,1
363,801,-798,30,192,213,40,1
148,758,-735,29,153,259,41,1
-355,677,-514,16,126,210,42,1
-1040,773,-309,60,145,132,43,1
-907,678,-274,32,183,117,44,1
-1926,1529,-743,248,586,354,45,1
-3338,3922,452,428,-80,-480,46,1
-733,-6,-1023,13,-160,-588,47,1
-49,1428,-329,96,-172,-270,48,1
-645,1037,-257,44,-15,-173,49,1
-485,1036,-166,43,-4,-51,50,1
-175,1392,-13,33,4,6,51,1
-27,1229,-70,79,-27,6,52,1
-63,726,-374,12,-79,-37,55,1
15,497,-422,35,-54,-77,56,1
-87,669,-413,61,-73,-115,57,1
-201,777,-242,88,-132,-156,58,1
-16,1156,-73,103,-138,-189,59,1
488,1526,26,95,-167,-267,60,1
954,2677,161,117,-295,-371,61,1
524,1573,-298,93,-218,-279,62,1
-210,1889,-1534,249,-123,-217,63,1
-567,1158,-459,57,-241,-147,64,1
548,834,226,-62,-460,178,65,1
-162,528,183,299,-32,-237,1,1
1,858,-302,50,-146,-206,2,1
-679,955,41,38,-57,-182,3,1
-244,987,-288,26,-28,-125,4,1
-239,1044,-61,19,-27,-91,5,1
-255,1217,-19,16,-18,-45,6,1
-126,1120,-68,34,-22,-21,7,1
-127,924,-164,39,2,-26,8,1
-38,791,-252,50,45,-40,9,1
-128,684,-294,28,32,-95,10,1
-279,750,-342,25,24,-123,11,1
-287,849,-238,41,-22,-117,12,1
-234,996,-53,46,-21,-127,13,1
141,436,498,286,237,419,14,1
20,812,219,-121,-37,551,15,1
167,1015,227,63,64,594,16,1
109,1639,168,-41,155,629,17,1
-305,2155,-455,-117,179,605,18,1
-1013,1822,-727,-66,341,478,19,1
-2136,1248,-906,-87,496,111,20,1
-2745,568,-1459,30,365,-248,21,1
-154,853,-202,8,26,-119,22,1
-199,863,-244,5,11,-139,23,1
-197,994,-124,13,-21,-146,24,1
-66,1139,52,11,-4,-193,25,1
116,1315,-4,17,41,-265,26,1
387,1829,-150,57,2,-300,27,1
803,2687,-70,39,-138,-321,28,1
462,1385,-473,2,-127,-266,29,1
-19,1186,-1258,153,59,-250,30,1
201,888,-242,-85,10,-111,31,1
-435,777,126,-24,170,1,32,1
551,569,84,-199,-164,205,33,1
713,254,-58,-104,111,359,34,1
271,856,-31,-39,395,375,35,1
-116,879,50,-238,227,461,36,1
139,1214,-260,-178,311,520,37,1
264,1518,-104,-251,395,512,38,1
-194,1889,-576,-223,565,454,39,1
-473,1218,-1692,-144,601,359,40,1
-3068,1678,-2040,-81,785,316,41,1
-3922,1355,-3922,157,407,-536,42,1
3922,421,-3059,-258,444,-296,43,1
-1083,2839,114,70,-321,87,44,1
-947,1505,259,43,139,-344,45,1
-147,1031,-451,-2,-19,-181,46,1
-432,835,-337,-20,-47,-64,47,1
-264,824,-62,1,7,20,48,1
-72,955,83,1,-30,71,49,1
-122,895,175,-4,3,62,50,1
-101,869,120,2,-8,49,51,1
-2,889,-104,-4,-4,23,52,1
101,965,-198,-30,11,-6,53,1
-13,923,-21,-58,50,-49,54,1
-154,989,109,-70,53,-66,55,1
-100,1049,76,-79,62,-61,56,1
-99,1105,121,-84,71,-49,57,1
-9,1145,197,-74,112,-40,58,1
56,1136,144,-92,153,-56,59,1
-60,1109,70,-107,154,-74,60,1
-32,1159,-10,-110,151,-76,61,1
74,1203,-22,-108,167,-40,62,1
50,1128,154,-81,158,-29,63,1
208,1335,13,-106,186,-120,64,1
271,1256,-207,-90,324,-150,65,1
814,497,-950,130,62,-86,1,1
-158,793,-229,79,72,-165,2,1
221,1068,70,34,-110,-102,3,1
49,964,-330,31,-58,-115,4,1
15,1371,-54,72,37,-318,5,1
209,1992,-146,131,-60,-250,6,1
650,2409,56,-2,-255,-299,7,1
519,1280,-368,54,-76,-232,8,1
174,1246,-916,164,41,-196,9,1
298,682,-195,-84,-70,-130,10,1
-368,570,289,49,238,-72,11,1
212,331,-255,6,-238,146,12,1
581,333,-28,-113,-175,299,13,1
491,226,86,-6,207,347,14,1
-191,961,-235,-47,45,453,15,1
182,547,108,-70,7,547,16,1
129,1244,-159,-32,66,636,17,1
-198,1845,-180,-13,148,677,18,1
-654,2299,-729,-45,239,638,19,1
-1501,2268,-870,-78,319,373,20,1
-3763,1165,-950,-151,303,86,21,1
122,985,-258,12,-69,-129,22,1
105,886,-112,11,-73,-132,23,1
0,967,-189,22,-86,-130,24,1
14,1002,-187,23,-93,-141,25,1
9,1067,-162,6,-94,-169,26,1
242,1114,-205,-1,-38,-219,27,1
165,1203,-223,-5,-70,-284,28,1
74,1389,-117,3,-89,-308,29,1
345,1841,-19,160,-88,-293,30,1
1296,2681,-379,-49,-258,-311,31,1
952,1512,-402,-12,-14,-248,32,1
26,1330,-867,163,72,-298,33,1
518,923,-287,-140,-102,-186,34,1
-541,501,-126,-16,383,-225,35,1
-146,447,-630,-35,44,48,36,1
398,403,-282,-242,-47,80,37,1
423,73,-248,-221,237,260,38,1
-94,449,-474,-179,125,342,39,1
264,289,-274,-199,99,500,40,1
167,597,-666,-87,144,566,41,1
170,1132,-597,-85,192,615,42,1
-240,1848,-795,50,200,692,43,1
-818,2622,-1028,-13,328,620,44,1
-1657,1936,-1571,111,617,437,45,1
-3922,1288,-470,11,289,-117,46,1
-209,3655,-1080,287,-488,-35,47,1
-523,649,21,101,-19,-471,48,1
-68,969,-163,188,-141,-82,49,1
427,784,-13,-32,-18,-228,50,1
-49,1152,-102,42,-58,-133,51,1
154,913,-117,30,-91,-117,52,1
190,950,-296,28,-70,-130,53,1
166,942,-230,13,-77,-149,54,1
33,975,-195,4,-71,-167,55,1
-13,978,-235,5,-61,-154,56,1
-99,1054,-171,7,-57,-143,57,1
-119,1036,-116,8,-47,-132,58,1
-126,1020,-169,4,-45,-131,59,1
-5,1052,-182,3,-47,-148,60,1
164,1183,-92,12,-44,-200,61,1
234,1159,0,42,33,-285,62,1
367,1463,-143,99,20,-369,63,1
551,2405,-161,193,-78,-279,64,1
651,1972,139,4,-344,-259,65,1
-51,815,-914,13,-1164,-214,1,1
-551,2149,-917,224,-704,-497,2,1
-384,1760,-649,256,-235,-575,3,1
-574,1701,-775,236,-318,-572,4,1
-435,1716,-1029,274,-366,-537,5,1
-207,1407,-839,251,-313,-507,6,1
-87,1215,-714,278,-230,-442,7,1
50,1212,-631,278,-220,-418,8,1
166,967,-442,215,-271,-315,9,1
405,658,-292,198,-334,-197,10,1
682,451,-497,224,-281,-38,11,1
922,375,-328,185,-405,137,12,1
1310,256,-341,243,-523,277,13,1
1053,476,-237,455,-43,400,14,1
477,1671,-718,265,1,562,15,1
288,1462,-198,132,-241,642,16,1
850,1774,-878,160,-224,602,17,1
-3922,3922,-3922,-20,1187,-582,18,1
3922,-2694,-2968,734,-1457,356,19,1
-3156,3922,-996,-119,267,-689,20,1
-89,920,-266,74,-105,-17,21,1
-322,1248,-947,67,12,-205,22,1
-570,1105,-711,-91,-112,-134,23,1
-182,300,158,-169,-602,-30,24,1
565,280,-208,-66,-307,75,25,1
584,436,-223,-181,59,160,26,1
-4,408,-235,-143,291,218,27,1
-468,1052,-796,-144,336,236,28,1
-152,353,-1075,-368,175,287,29,1
51,395,-1186,-145,384,428,30,1
-74,762,-1211,-109,348,403,31,1
-146,953,-1258,7,297,481,32,1
-547,1573,-1663,-56,243,363,33,1
-570,1581,-1032,36,307,608,34,1
-1058,1838,-360,35,482,319,35,1
-3564,1262,-2345,293,1079,89,36,1
-1290,1657,2348,-353,-1001,-528,37,1
2055,217,-831,322,262,-234,38,1
-1689,1361,-222,-64,116,-439,39,1
193,1353,-317,64,-32,-128,40,1
-66,1072,-107,47,-50,-108,41,1
-34,1020,-13,28,-43,-108,42,1
73,1035,-77,14,-33,-136,43,1
-64,995,-184,2,-5,-147,44,1
-214,952,-185,0,14,-117,45,1
-130,970,-154,8,-9,-95,46,1
-159,939,-75,0,17,-102,47,1
-145,945,-143,5,16,-113,48,1
-149,1035,-123,5,0,-129,49,1
-25,1157,-15,16,-4,-160,50,1
43,1216,93,26,34,-226,51,1
189,1501,66,43,72,-281,52,1
678,2129,-347,59,30,-267,53,1
450,2024,-314,42,-110,-339,54,1
39,1579,-264,77,-153,-322,55,1
141,1156,-522,-15,84,-37,56,1
-242,724,-488,-17,157,-189,57,1
-61,775,-461,-73,164,-31,58,1
243,557,38,-238,-35,27,59,1
373,268,-378,-204,165,279,60,1
95,500,-304,-182,229,318,61,1
65,463,-438,-180,217,420,62,1
206,612,-579,-165,217,508,63,1
260,1052,-802,-123,247,564,64,1
28,1565,-1014,-88,283,619,65,1
452,1087,-422,32,-111,-55,1,1
269,864,-67,60,-7,-115,2,1
177,886,-306,44,-39,-73,3,1
286,874,-267,15,-108,-32,4,1
548,876,-271,-10,-107,-94,5,1
299,930,-362,-1,-53,-148,6,1
177,933,-248,-17,-86,-151,7,1
191,965,-207,-5,-73,-178,8,1
6,959,-179,2,-88,-182,9,1
85,978,-237,3,-100,-191,10,1
41,1006,-185,4,-90,-213,11,1
105,1226,-129,-3,-77,-255,12,1
25,1382,-101,-11,-67,-300,13,1
147,375,114,205,247,510,14,1
-304,886,-714,-72,-4,593,15,1
-140,799,20,16,49,680,16,1
-573,1802,-645,-34,131,727,17,1
-1476,2729,-862,-40,268,645,18,1
-2011,2020,-1081,-101,248,501,19,1
-3498,1119,-767,55,367,22,20,1
2339,2012,1355,80,-868,-199,21,1
-11,953,-180,-11,-71,-178,22,1
87,999,-119,-17,-68,-187,23,1
1,1099,-31,-23,-59,-223,24,1
147,1245,-167,-25,-39,-279,25,1
109,1295,-91,-3,-47,-311,26,1
375,1762,-54,118,-85,-350,27,1
969,1868,-270,186,46,-374,28,1
327,2150,303,-58,-129,-270,29,1
398,953,-1663,191,53,-301,30,1
270,888,-672,-52,297,-219,31,1
-892,307,-194,-128,345,-156,32,1
-140,141,-170,-185,-132,121,33,1
659,-8,50,-273,-238,138,34,1
668,-43,-133,-205,323,328,35,1
-517,633,-206,-110,267,469,36,1
-39,330,-47,-266,36,544,37,1
-45,1054,-315,-125,212,633,38,1
-107,1695,-587,-141,470,600,39,1
-851,2336,-1357,-17,849,475,40,1
-2302,2064,-2496,-167,605,273,41,1
-2288,862,-1466,-54,238,94,42,1
1172,2217,313,12,-237,-118,43,1
920,895,-1035,145,604,-220,44,1
-967,739,-313,-5,-14,-178,45,1
415,1306,-249,126,2,-43,46,1
33,973,11,55,-14,-119,47,1
-84,1012,-160,16,-23,-105,48,1
-89,960,110,10,-39,-53,49,1
-31,953,90,22,-49,-39,50,1
69,959,-28,27,-44,-46,51,1
79,970,-34,24,-49,-72,52,1
122,988,-75,18,-32,-108,53,1
11,1001,-21,4,-28,-132,54,1
98,1087,50,-10,-12,-181,55,1
53,1182,212,-19,11,-237,56,1
141,1279,117,-51,84,-309,57,1
288,1711,-127,10,84,-293,58,1
503,2079,-175,39,102,-280,59,1
591,1829,-34,-98,38,-215,60,1
505,821,-775,-10,159,-220,61,1
-100,964,-1025,-23,485,-246,62,1
-676,751,-295,-116,314,-236,63,1
12,557,-563,-121,24,-77,64,1
524,215,-782,-246,51,62,65,1
-2479,1098,520,99,370,-197,1,1
855,1617,-31,48,-73,-105,2,1
-642,842,60,154,-4,-148,3,1
689,524,-900,-12,-38,-225,4,1
-481,1028,-49,23,-33,-133,5,1
425,971,-94,6,-40,-136,6,1
-98,937,-244,10,-60,-84,7,1
203,981,-112,-12,-79,-69,8,1
176,935,-152,0,-81,-86,9,1
212,941,-209,-21,-56,-116,10,1
86,977,-140,-22,-62,-136,11,1
39,973,-112,-24,-53,-155,12,1
-658,476,209,-43,222,-81,13,1
152,83,-137,-16,-181,103,14,1
605,128,-641,-67,-86,200,15,1
379,236,-144,32,358,300,16,1
-202,418,-344,-152,60,386,17,1
207,340,-89,-31,12,519,18,1
250,917,-263,-12,8,633,19,1
-3,1742,-483,42,41,674,20,1
-152,2566,-373,-16,325,636,21,1
-13,899,-108,1,-46,-81,22,1
-110,715,11,41,-52,-105,23,1
-422,847,151,48,-54,-113,24,1
-578,502,-271,3,-75,-58,25,1
-939,1101,-392,-1,-153,48,26,1
1115,1572,-653,-100,-73,71,27,1
-1305,819,129,-45,-186,75,28,1
-1875,840,-250,-36,-849,-48,29,1
-149,857,-109,53,-1119,162,30,1
361,834,423,44,-919,1,31,1
666,1401,1071,-71,-343,89,32,1
-285,1001,553,-140,-79,-10,33,1
-83,1051,156,-146,-57,-1,34,1
201,805,-6,-167,-76,32,35,1
276,631,-144,-150,-40,100,36,1
48,840,-140,-140,-78,151,37,1
117,996,-347,-112,-162,155,38,1
-133,793,-486,-93,-173,112,39,1
-551,783,-649,-58,-229,-76,40,1
1131,725,599,293,-207,25,41,1
1696,1448,-657,99,174,112,42,1
-885,1439,2,139,105,-287,43,1
-121,826,-170,145,-165,64,44,1
265,1507,-305,83,-53,-76,45,1
88,823,-22,29,61,-102,46,1
-266,1137,10,59,13,-44,47,1
-30,975,135,64,33,-7,48,1
-97,949,59,56,16,36,49,1
33,934,-176,58,36,50,50,1
133,964,-134,43,-4,44,51,1
113,976,-55,35,13,31,52,1
104,971,-52,36,1,34,53,1
96,979,-129,30,1,29,54,1
36,962,-87,25,-2,42,55,1
84,949,-41,26,-23,59,56,1
163,968,-33,30,-39,57,57,1
169,954,-102,37,-49,49,58,1
243,956,-209,31,-28,48,59,1
252,1007,-73,30,-21,40,60,1
478,1028,-193,34,-2,4,61,1
323,970,-190,24,0,-42,62,1
150,922,-222,11,-6,-56,63,1
70,908,-241,-7,33,-26,64,1
-76,899,-42,16,-14,-36,65,1
-773,-137,-548,-29,98,-62,1,1
-586,-124,-166,-7,-132,-123,2,1
-100,-109,113,78,-16,-83,3,1
-104,229,-40,-30,136,-76,4,1
-129,82,-133,-46,210,-41,5,1
-110,165,-255,-14,256,54,6,1
-997,752,-1243,7,564,147,7,1
-176,2774,-645,-164,-454,183,8,1
2557,1299,-1549,-55,-149,636,9,1
-931,986,1413,10,295,37,10,1
858,1697,-908,63,76,156,11,1
31,991,-215,4,56,116,12,1
459,1041,-94,-31,-19,32,13,1
384,926,-195,2,1,-6,14,1
281,891,-91,12,-4,-31,15,1
-905,260,143,0,-322,-87,16,1
-465,-27,-138,69,-69,6,17,1
-653,-185,-12,12,-99,-31,18,1
-379,-304,94,-31,-73,-50,19,1
-375,-335,29,-39,3,-57,20,1
-350,-305,-174,-73,45,-54,21,1
397,942,-283,-9,27,-43,22,1
210,963,-85,-10,24,-108,23,1
-51,913,-180,-12,5,-107,24,1
57,911,-148,-19,-22,-72,25,1
129,951,-144,-16,-20,-86,26,1
101,1015,-112,-13,-21,-106,27,1
99,1009,-160,-17,-32,-139,28,1
96,1113,-86,-12,-40,-170,29,1
134,1445,113,11,-74,-168,30,1
712,2170,177,160,-131,-119,31,1
1469,2432,456,333,-86,-110,32,1
-277,1015,-482,49,-213,-5,33,1
-1030,451,-747,99,14,45,34,1
-1352,882,-848,130,-172,47,35,1
-98,32,315,-106,-259,33,36,1
-381,-339,39,-46,60,16,37,1
-762,-395,45,34,54,12,38,1
-536,-290,-54,61,-3,0,39,1
-486,-237,-168,-6,4,-4,40,1
-480,-247,-175,-56,-21,-3,41,1
-488,-159,-131,-23,-10,22,42,1
-469,28,-53,70,22,63,43,1
-250,381,-49,184,76,122,44,1
-2408,1175,-2159,-55,540,170,45,1
2435,1244,1249,-533,-422,82,46,1
2422,2671,-1026,59,614,367,47,1
-235,27,837,176,-167,465,48,1
314,1060,-124,-43,106,173,49,1
701,966,-264,-27,-65,167,50,1
811,874,-282,-12,36,-29,51,1
308,983,-154,-13,47,-135,52,1
-42,944,-127,-7,29,-126,53,1
-96,927,-111,-6,0,-85,54,1
101,937,-148,0,-8,-76,55,1
121,984,-124,13,-12,-91,56,1
64,1007,-113,11,-20,-122,57,1
156,1045,-96,23,-46,-158,58,1
0,1227,-91,28,-58,-215,59,1
341,1791,73,59,-131,-206,60,1
891,2736,443,223,-149,-160,61,1
1193,2844,581,300,25,-242,62,1
-554,240,-317,15,-164,49,63,1
-1292,633,-839,192,45,-19,64,1
-808,694,-142,-172,-451,-4,65,1
-2301,3922,928,-33,101,97,1,1
380,1245,779,155,75,216,2,1
-350,904,-615,84,-11,198,3,1
379,981,-93,24,-86,198,4,1
370,885,137,31,-27,53,5,1
1,1024,-137,47,41,1,6,1
144,927,49,43,-9,-1,7,1
-35,976,-66,57,49,-40,8,1
0,956,-149,53,-7,-14,9,1
36,999,-68,51,8,-30,10,1
10,989,-115,59,9,-37,11,1
47,1015,-110,51,-20,-41,12,1
71,1187,9,47,-35,-58,13,1
341,1508,206,72,-78,-84,14,1
-453,-46,-149,-135,-79,-149,15,1
-263,-91,-31,-97,-75,-145,16,1
-34,-46,-39,-33,31,-83,17,1
41,111,-145,23,155,-16,18,1
-254,559,-396,-63,293,74,19,1
-2005,3501,-239,-294,-619,-166,20,1
1636,2185,-2591,152,126,316,21,1
82,981,-158,30,0,-12,22,1
85,998,-130,29,-10,-21,23,1
144,1002,-172,29,-13,-47,24,1
161,1049,-164,28,-27,-81,25,1
124,1168,-57,44,-61,-110,26,1
597,1804,114,63,-143,-118,27,1
830,2110,69,148,-76,-109,28,1
-260,1758,164,70,-31,-81,29,1
-1191,248,-451,-99,-77,-9,32,1
-751,78,-375,-84,-20,-24,33,1
-735,-49,-247,-4,-65,-73,34,1
-554,-43,-121,61,-55,-97,35,1
-436,27,-100,33,-25,-106,36,1
-345,88,-146,-27,1,-89,37,1
-179,156,-103,-33,49,-45,38,1
-50,322,-21,5,97,42,39,1
-1123,1278,-976,-92,349,33,40,1
786,1770,-342,-182,-438,433,41,1
2232,2182,-636,-21,274,315,42,1
-935,692,1094,-70,57,262,43,1
682,1379,-141,-12,66,277,44,1
-3,1102,-481,-6,-42,226,45,1
781,776,-132,-60,-166,27,46,1
852,971,-431,1,89,-76,47,1
148,926,-38,-28,8,-117,48,1
97,992,-35,-14,22,-137,49,1
-44,929,-127,-10,8,-119,50,1
6,928,-151,-11,-8,-88,51,1
3,946,-119,-7,-7,-80,52,1
-20,983,-129,-7,-9,-81,53,1
89,1061,-189,-10,-17,-94,54,1
81,1114,-103,-3,-61,-115,55,1
362,1499,173,13,-63,-141,56,1
739,2250,-76,135,-69,-174,57,1
1574,2150,11,229,-132,-198,58,1
22,317,-662,16,-359,-18,59,1
-430,155,-646,-20,-106,-70,60,1
-1608,392,-723,126,311,-50,61,1
-1255,167,-410,44,23,15,62,1
-553,-210,479,-61,47,-37,63,1
-405,-283,458,-49,149,-29,64,1
-312,-74,395,17,129,-42,65,1
3922,2647,478,-114,-59,669,1,1
-702,236,548,-28,270,-176,2,1
534,919,-1179,84,-215,186,3,1
-117,1167,-41,-67,111,-49,4,1
500,1154,-237,32,-42,16,5,1
66,928,-277,-11,-18,-22,6,1
262,968,-115,-34,-23,-44,7,1
268,968,-136,-24,-26,-78,8,1
173,953,-224,-33,-17,-112,9,1
59,930,-101,-29,-42,-98,10,1
129,992,-102,-25,-38,-112,11,1
138,996,-142,-18,-64,-126,12,1
218,1155,-110,-15,-79,-165,13,1
182,1484,16,12,-134,-151,14,1
597,2006,374,147,-155,-137,15,1
1254,1929,-523,204,116,-243,16,1
-686,938,-287,91,-27,-99,17,1
-741,426,-537,111,123,55,18,1
3254,1760,1470,690,249,282,19,1
830,495,1942,-322,222,161,20,1
330,1429,348,67,-68,310,21,1
197,1322,41,3,-59,-119,22,1
431,1792,233,89,-100,-150,23,1
674,2307,118,241,40,-133,24,1
-611,1563,-113,59,21,-94,25,1
-690,444,-663,36,51,44,26,1
-1045,756,-1235,89,84,-51,27,1
-1000,415,-881,-43,-176,-18,28,1
-622,97,-272,-46,-256,-49,29,1
-280,-127,-254,-26,-200,-59,30,1
-212,-218,-125,-12,-75,-42,31,1
-326,-180,-49,24,-11,-26,32,1
-339,-155,13,24,-55,10,33,1
-155,-107,-43,3,-40,53,34,1
-87,20,-60,5,-9,112,35,1
-2274,577,-927,127,274,241,36,1
-2770,3401,-572,-574,-1596,-87,37,1
2655,0,1086,627,-142,97,38,1
900,2135,-69,-346,179,231,39,1
-1017,1825,1388,58,-58,327,40,1
594,1409,-626,55,77,205,41,1
460,818,-339,7,-127,124,42,1
716,978,-538,-24,56,-62,43,1
202,968,-206,-20,-24,-90,44,1
-45,942,-5,-34,19,-109,45,1
-68,896,-148,-10,0,-77,46,1
-59,895,-266,-4,-6,-42,47,1
4,924,-178,2,-19,-23,48,1
108,1005,-153,0,-18,-38,49,1
151,1026,-200,-2,-14,-82,50,1
113,1085,-164,-6,-19,-120,51,1
276,1425,-9,-4,-64,-144,52,1
405,1835,162,100,-130,-155,53,1
1100,2173,-616,95,93,-219,54,1
-423,1119,-147,64,188,-218,55,1
-1071,757,-594,55,43,-61,56,1
-815,645,-1121,84,171,-129,57,1
-916,485,-291,-84,19,-100,58,1
-459,41,-396,-26,-158,-79,59,1
-317,-163,-271,-72,-41,-27,60,1
-221,-192,35,-58,-64,-25,61,1
11,-223,-66,-72,-45,56,62,1
-156,-147,14,-20,32,87,63,1
-105,41,40,-3,93,130,64,1
-177,301,120,164,176,167,65,1
118,936,-186,-2,-7,-63,1,1
144,939,-191,-2,-1,-66,2,1
100,946,-181,-1,-5,-77,3,1
310,1000,-241,2,0,-103,4,1
109,1048,-196,-7,-7,-138,5,1
172,1342,-124,14,-101,-148,6,1
654,1907,195,34,-194,-189,7,1
1461,2542,-369,176,20,-218,8,1
178,1270,208,33,180,-270,9,1
-653,390,-422,41,196,-145,10,1
-1176,848,-1051,116,554,-66,11,1
-1149,314,-610,-130,-149,-59,12,1
-549,-83,-233,-213,-180,-49,13,1
-627,-340,-65,-52,-124,-32,14,1
360,970,301,22,19,216,15,1
208,1000,-867,1,31,201,16,1
145,1081,-276,-36,-21,114,17,1
31,1056,79,-6,-4,85,18,1
188,962,-152,0,-10,58,19,1
265,939,-110,0,-7,25,20,1
120,950,-55,13,22,-16,21,1
-785,71,-689,-1,-53,-100,22,1
-852,-508,-226,-153,-36,-167,23,1
-782,-691,-161,2,180,-83,24,1
-623,-185,51,106,249,-73,25,1
172,84,-128,14,189,-50,26,1
584,-412,166,-398,386,22,27,1
-3922,592,-722,330,825,87,28,1
3922,2517,-1426,-418,272,370,29,1
937,2404,1258,44,-110,156,30,1
727,2617,366,118,-72,-85,31,1
2248,3165,191,276,-297,-38,32,1
120,478,-372,1,-180,-96,33,1
-1682,-20,-954,-43,-64,-57,34,1
-636,-633,259,105,-456,-4,35,1
-729,-59,-201,292,-15,102,36,1
-1623,-78,-342,-3,-147,88,37,1
-703,-868,-170,-319,-80,5,38,1
-991,-932,0,-46,181,75,39,1
-1226,47,79,189,272,69,40,1
-835,480,-770,108,243,77,41,1
276,586,427,-359,422,-145,42,1
143,3922,-1832,95,169,16,43,1
-714,1037,1385,-11,94,-12,44,1
275,2437,1309,-75,131,-97,45,1
861,2203,-432,80,-45,-45,46,1
1084,2252,127,197,-312,21,47,1
952,1255,45,71,-281,-5,48,1
-1845,430,-852,-4,-133,-33,49,1
-1068,-116,619,92,-552,-80,50,1
-639,170,-350,227,-175,-2,51,1
-1289,-114,-290,-172,-100,-39,52,1
-787,-1016,-310,-425,6,-25,53,1
-786,-1120,-201,102,175,18,54,1
-1049,-58,-228,210,283,8,55,1
-309,-247,113,-228,-5,-48,56,1
-2212,181,-1281,4,688,-90,57,1
3922,3922,-3274,-455,224,849,58,1
-439,2715,2341,14,-12,86,59,1
-134,2163,-118,-4,43,-142,60,1
859,2307,-305,179,-153,-10,61,1
619,2126,-69,38,-333,16,62,1
-1301,619,-698,6,-43,-53,63,1
-1281,-42,-321,45,-244,-44,64,1
-268,-43,-318,278,-325,1,65,1
2533,2680,-330,-315,-26,8,1,1
545,3069,-414,-35,-16,16,2,1
-102,2540,-122,-17,-75,75,3,1
-235,2104,77,-155,-132,159,4,1
-131,147,-734,-186,-104,281,5,1
-981,632,-871,2,-136,66,6,1
-919,324,-99,-107,-198,39,7,1
311,-190,104,23,-31,-37,8,1
-358,100,-49,73,177,-73,9,1
-150,22,-62,14,94,-113,10,1
27,-14,-61,41,29,-126,11,1
-1212,243,-885,116,279,-131,12,1
1282,1613,-143,41,-478,-223,13,1
155,1763,357,65,250,-163,14,1
300,2824,359,-60,61,-20,15,1
11,2489,-152,-27,20,124,16,1
-163,2147,26,-72,-92,255,17,1
263,94,77,-167,-148,315,18,1
-1317,1017,-1150,-21,21,130,19,1
370,1793,241,-94,-162,254,20,1
114,301,-166,-78,-157,313,21,1
21,2534,58,0,17,98,22,1
366,1365,58,-82,-139,228,23,1
-170,371,-9,-61,-121,253,24,1
-611,653,-654,-31,-37,88,25,1
-981,145,-666,-179,-12,-22,26,1
-343,-140,-166,-49,-220,-40,27,1
154,-154,-34,70,-142,-127,28,1
93,89,107,154,-34,-47,29,1
34,269,79,8,-132,-74,30,1
-2214,855,-1180,150,315,-186,31,1
1429,1471,-377,-25,-390,-234,32,1
175,1692,-396,38,161,-167,33,1
567,2286,-752,46,23,86,34,1
-546,1497,107,-50,47,99,35,1
-405,966,-405,-13,-128,124,36,1
-224,1427,-100,126,72,210,37,1
-56,661,368,-76,-5,105,38,1
131,89,186,-10,11,92,39,1
-71,114,243,-1,62,77,40,1
-145,144,85,-30,67,62,41,1
-222,59,336,-76,8,-13,42,1
-2206,208,2072,343,132,-263,43,1
1826,2548,-2219,-176,256,53,44,1
474,2082,778,20,-45,44,45,1
235,1921,363,13,16,-34,46,1
-185,1836,-115,30,-47,59,47,1
-141,1442,-139,1,-86,57,48,1
299,378,-248,-58,-134,126,49,1
-501,721,-731,-101,-113,109,50,1
-924,256,-385,-40,15,-9,51,1
-760,301,39,64,-131,-77,52,1
225,344,129,35,-307,-77,53,1
480,112,307,-81,-267,-90,54,1
-846,824,411,59,-74,-142,55,1
496,1881,134,-43,-194,-413,56,1
497,2191,-1357,6,200,-250,57,1
-291,1814,-211,162,-134,41,58,1
-379,1065,-265,64,-5,174,59,1
-759,678,-335,23,26,156,60,1
-295,865,247,-65,56,161,61,1
1,580,246,-84,188,127,62,1
-183,532,65,-19,220,106,63,1
-779,370,-60,-100,224,22,64,1
-478,154,-43,-120,115,-75,65,1
447,-157,234,3,-71,-181,1,1
-1210,172,-1447,56,437,-120,2,1
558,3194,-1061,142,-125,-92,3,1
953,1343,-514,-42,204,-144,4,1
114,2123,854,-48,7,-36,5,1
-248,1886,262,20,27,26,6,1
-429,1605,-111,56,-100,179,7,1
-166,1217,-324,-46,-233,172,8,1
-73,295,-528,-155,-205,203,9,1
-666,239,-551,-36,-16,18,10,1
-675,150,52,-25,-121,-15,11,1
45,8,101,8,-123,-53,12,1
473,7,146,-80,-76,-134,13,1
-1761,241,-1275,168,177,-165,14,1
1810,2203,-1680,-136,-226,13,15,1
139,2080,-343,159,193,-88,16,1
-434,2036,946,-23,39,-63,17,1
-606,1539,-377,-4,10,42,18,1
-487,2134,330,23,-13,-170,19,1
103,1738,-97,37,51,-23,20,1
-1054,592,19,-53,139,10,21,1
117,1031,-575,54,0,-49,22,1
57,1075,-647,-44,-21,-81,23,1
-26,1280,0,-43,-32,-55,24,1
-16,1020,-29,-22,-27,-49,25,1
1,780,-199,35,-27,-66,26,1
-11,790,-102,37,-12,-110,27,1
-35,934,-50,55,-38,-149,28,1
106,1295,-113,79,-77,-189,29,1
320,1611,-291,75,-148,-231,30,1
-12,1771,-138,30,-221,-170,31,1
-370,618,-686,24,-132,-118,32,1
-452,250,-737,57,93,-28,33,1
-624,17,-606,-75,6,12,34,1
-486,-176,135,-187,-49,123,35,1
31,-186,202,35,-17,155,36,1
-92,270,116,208,269,250,37,1
-582,826,-662,-80,210,253,38,1
-378,536,-156,-70,298,201,39,1
-3273,1859,-3119,191,855,191,40,1
374,307,1193,-227,-767,129,41,1
-105,3061,15,-38,258,-92,42,1
342,2279,-127,39,-43,154,43,1
-58,1289,27,48,-14,-24,44,1
51,1243,-633,-3,-57,-64,45,1
-105,1201,-79,-40,-65,-44,46,1
137,954,-27,54,15,-23,47,1
13,878,-151,30,-10,-38,48,1
-212,932,-74,41,-14,-46,49,1
64,806,-103,17,-148,-76,50,1
132,1093,-80,67,-125,-109,51,1
30,1270,-1,48,-197,-117,52,1
-32,1091,-464,27,-164,-115,53,1
-544,905,-395,-24,-4,-125,54,1
-701,484,-893,19,-45,-46,55,1
-422,574,-984,7,1,1,56,1
-222,207,-157,-84,-31,38,57,1
-124,90,56,-7,148,145,58,1
0,495,154,-69,177,180,59,1
117,394,-101,-43,312,182,60,1
-2367,603,-1864,-44,701,194,61,1
-2996,1257,1904,-259,-627,-262,62,1
2486,362,-261,74,393,37,63,1
268,1094,1069,-83,-61,130,64,1
-124,1847,-67,-21,82,-20,65,1
85,1320,362,9,-7,-18,1,1
23,1075,-505,-9,-20,-84,2,1
-159,1131,-229,-42,-49,-49,3,1
-290,958,38,-53,-23,-43,4,1
-204,814,-149,9,-12,11,5,1
-168,714,-228,-1,-29,50,6,1
-154,694,-302,-36,-60,47,7,1
99,993,-205,-20,-78,91,8,1
90,1306,339,-44,-90,33,9,1
206,1244,216,-27,-88,-53,10,1
321,1510,203,51,-101,-55,11,1
-515,1985,789,-38,-277,55,12,1
100,954,983,-94,-592,92,13,1
621,474,972,-165,-388,128,14,1
-96,787,-550,155,127,-315,15,1
-574,1290,-732,162,-22,-345,16,1
156,749,-392,166,-91,-236,17,1
59,1078,-306,131,-20,-246,18,1
173,827,-167,177,51,-163,19,1
503,706,78,195,77,-138,20,1
956,3098,3459,-39,-269,32,21,1
153,943,-136,-6,-10,40,22,1
210,962,-91,-3,-15,52,23,1
281,967,-67,11,13,41,24,1
330,985,-219,10,-9,22,25,1
253,919,-165,-16,-8,2,26,1
244,935,-134,-16,-12,20,27,1
248,950,-157,-20,-11,25,28,1
285,929,-110,-41,-22,25,29,1
400,947,-97,-36,-3,6,30,1
397,974,-8,-47,-9,-63,31,1
759,1033,-121,-58,-84,-106,32,1
665,1195,9,-40,-56,-202,33,1
135,2033,776,-34,-135,-58,34,1
870,1277,338,20,16,-54,35,1
797,739,285,-72,221,-24,36,1
-227,671,18,-168,380,45,37,1
-325,544,-592,-179,443,131,38,1
-606,1297,-794,-137,404,206,39,1
-561,704,-687,-275,-120,215,40,1
-384,634,-327,-122,-528,257,41,1
160,986,-384,-32,-292,160,42,1
-336,750,-401,0,-127,-64,43,1
85,877,-929,69,57,-224,44,1
-586,1167,-544,178,308,-384,45,1
-22,1048,-81,116,-14,-326,46,1
-245,1352,-399,193,-19,-384,47,1
98,1150,-343,178,-80,-306,48,1
294,969,-52,168,68,-227,49,1
94,820,89,162,55,-174,50,1
87,1365,-253,335,200,46,51,1
607,729,1099,64,-18,274,52,1
1909,1504,162,-147,-439,468,53,1
-1593,1898,2450,-182,20,180,54,1
453,1256,-437,60,119,140,55,1
197,876,-837,37,21,185,56,1
310,964,-175,-9,-57,218,57,1
296,985,-104,-2,-34,108,58,1
612,853,-415,-31,-71,56,59,1
420,878,-262,-20,15,9,60,1
275,921,-101,-15,17,-15,61,1
203,913,-139,-6,12,-19,62,1
164,937,-153,0,9,-8,63,1
222,931,-207,4,3,8,64,1
251,938,-143,13,13,13,65,1
