1,204,978,502,26,-53,118,1
2,72,1044,562,51,-56,171,1
3,233,1300,458,76,-95,229,1
4,172,1750,483,72,-142,287,1
5,-78,2731,229,61,-240,355,1
6,-1069,2773,645,117,-488,414,1
7,-164,1955,305,49,-164,393,1
8,656,1110,454,-56,-38,331,1
9,-270,193,-290,-75,-704,43,1
10,-964,-387,324,-209,-350,-100,1
11,-1290,141,131,-318,-6,-215,1
12,-445,132,32,-390,195,-374,1
13,-162,330,-97,-359,46,-513,1
14,-181,855,28,-390,71,-600,1
15,371,1699,30,-362,38,-671,1
16,905,2509,-165,-386,-35,-677,1
19,2186,1448,-960,108,116,251,1
20,-580,1525,1190,155,-271,303,1
21,-2172,786,-1473,133,33,123,1
22,112,998,318,32,-64,69,1
23,62,990,285,47,-68,126,1
24,-9,1222,428,69,-33,199,1
25,75,1389,388,78,-68,274,1
26,272,1653,311,80,-64,333,1
27,181,1982,130,65,-357,345,1
28,64,1836,654,46,-244,357,1
29,931,791,289,-22,-42,288,1
30,573,71,166,-21,-311,118,1
31,9,-295,52,-74,-271,-38,1
32,-154,-304,-222,-81,-26,-156,1
33,230,-120,-133,-128,129,-294,1
34,414,1,-244,-139,-89,-391,1
35,322,128,-451,-211,-90,-387,1
36,555,936,-735,-182,135,-344,1
37,1192,1254,-729,-162,408,-259,1
38,1402,1051,-251,-82,248,-153,1
39,1316,1102,-45,-90,118,-96,1
40,1257,824,662,-64,-165,-80,1
41,328,1122,456,-67,-264,-33,1
42,-621,2401,-1098,42,28,-14,1
43,223,754,110,12,112,7,1
44,242,1010,471,-29,8,38,1
45,277,926,276,20,16,58,1
46,493,1083,7,6,-19,38,1
47,122,809,219,5,-16,37,1
48,561,1011,177,8,21,16,1
49,244,952,102,27,-105,0,1
50,156,903,134,0,-1,6,1
51,346,951,168,-5,0,13,1
52,230,951,131,-3,-65,12,1
53,190,947,163,-12,10,23,1
54,331,1030,190,12,-20,27,1
55,219,1012,229,52,-32,36,1
56,167,1011,203,75,-46,67,1
57,137,1084,250,96,-2,117,1
58,197,1254,160,122,-29,160,1
59,132,1468,96,134,-15,201,1
60,83,1956,208,153,25,242,1
61,-377,1996,918,167,-152,292,1
62,34,2094,495,162,9,369,1
63,-144,1473,447,197,-211,304,1
64,221,811,552,59,28,225,1
65,179,585,227,-9,-36,123,1
1,1643,2408,369,-320,101,-673,1
2,2376,2592,51,-239,-163,-527,1
3,2803,1668,-952,-166,-62,-176,1
4,2254,1743,-942,5,109,223,1
5,-2693,1872,731,33,-595,150,1
6,757,994,500,-63,897,523,1
7,2320,725,114,-15,-3,340,1
8,189,949,-53,46,-93,237,1
9,857,1150,107,44,-199,181,1
10,63,864,91,0,-91,92,1
11,281,998,156,-27,-8,63,1
12,374,931,470,-16,-71,47,1
13,105,995,296,14,-210,46,1
14,141,1084,318,20,-8,70,1
15,98,1061,383,46,-164,103,1
16,76,132,104,-190,284,-401,1
17,-22,299,346,-240,366,-522,1
18,127,625,517,-259,446,-619,1
19,586,1166,217,-271,170,-689,1
20,1190,1538,621,-351,-267,-732,1
21,1211,1979,-38,-483,-177,-639,1
22,341,991,610,-84,-109,-6,1
23,251,904,584,-45,-120,-12,1
24,294,806,584,-39,-81,-7,1
25,344,807,740,-73,-184,19,1
26,303,879,1065,-110,-296,63,1
27,345,938,1466,-155,-436,133,1
28,91,1242,1493,-199,-629,206,1
29,-72,1508,1080,-251,-766,256,1
30,-586,2292,1133,-285,-923,296,1
31,-1036,2508,949,-296,-908,316,1
32,-226,1653,149,-355,-833,214,1
33,-365,996,-851,-337,-648,210,1
34,-1050,916,-472,-413,-89,146,1
35,-342,1072,-321,-563,385,-34,1
36,-34,1591,-804,-556,-65,-236,1
37,-845,1531,-986,-472,-451,-313,1
38,-888,1326,-774,-487,-115,-374,1
39,-404,1266,-698,-448,17,-449,1
40,-73,1323,-632,-400,127,-503,1
41,961,1422,-293,-275,75,-534,1
42,1760,1543,-341,-201,0,-452,1
43,2488,1637,-608,-115,-115,-260,1
44,2447,1329,-504,-20,-232,-2,1
45,-24,1917,1075,76,-372,151,1
46,-330,-287,640,173,251,201,1
47,1796,1424,-142,-29,223,194,1
48,13,947,366,42,-354,123,1
49,777,1018,278,-52,38,95,1
50,386,848,543,-15,-34,51,1
51,647,919,432,21,18,8,1
52,490,882,236,22,-16,-26,1
53,472,854,343,1,-10,-42,1
54,393,956,440,-1,-112,-43,1
55,317,1047,506,39,-141,-27,1
56,344,1226,107,24,-180,-11,1
57,-3,1184,126,7,-176,35,1
58,-142,1200,811,49,-98,134,1
59,42,1381,832,88,-156,222,1
60,-124,1482,406,101,-142,300,1
61,-69,1759,422,81,-189,379,1
62,-622,2546,633,65,-441,386,1
63,-408,2057,455,47,-62,413,1
64,2,1601,809,43,-322,306,1
65,279,740,788,-37,-254,221,1
1,1246,2555,154,-173,342,-668,1
2,3340,2218,4,-128,97,-444,1
3,3460,1547,-618,-58,35,-88,1
4,2639,1311,-843,110,-15,342,1
5,-3572,2672,-356,98,-1421,67,1
6,1539,1116,2958,-94,1136,530,1
7,2059,840,926,-10,-426,320,1
8,-747,540,608,72,-204,283,1
9,992,1219,24,26,-35,165,1
10,302,853,295,21,-44,84,1
11,360,980,274,32,-25,42,1
12,384,956,313,33,-46,16,1
13,255,971,367,47,-109,-2,1
14,301,976,232,36,-125,0,1
15,212,1133,213,32,-183,6,1
16,-168,187,199,195,180,-189,1
17,366,134,269,189,233,-380,1
18,421,375,598,172,151,-523,1
19,208,422,807,95,181,-624,1
20,304,687,1268,0,300,-694,1
21,719,1146,1098,-81,126,-740,1
22,612,961,-128,16,53,69,1
23,424,1108,111,22,-85,-5,1
24,-83,1114,-253,30,-62,-33,1
25,226,1051,-88,26,-62,-40,1
26,49,870,34,21,-54,-36,1
27,204,894,-30,10,-58,-33,1
28,-41,825,50,25,-57,-5,1
29,-203,944,115,60,-8,66,1
32,-577,1726,11,207,123,267,1
33,-871,2143,415,258,90,330,1
34,-851,3004,434,298,348,412,1
35,-29,1679,1031,292,376,331,1
36,38,1247,446,313,263,196,1
37,429,919,1070,302,422,32,1
38,75,508,950,350,280,-176,1
39,478,291,1024,310,465,-318,1
40,435,529,1370,313,376,-431,1
41,418,500,1591,259,371,-510,1
42,436,592,1797,194,317,-590,1
43,522,686,1763,79,308,-650,1
44,564,1114,1543,-65,304,-684,1
45,782,1818,1400,-212,424,-676,1
46,1501,2628,1630,-331,616,-598,1
47,2171,2460,-803,-132,167,-420,1
48,3751,792,483,-80,997,179,1
49,2016,2173,628,-176,431,371,1
50,493,191,519,103,-539,347,1
51,93,1359,709,43,141,333,1
52,1388,749,-238,-16,137,168,1
53,201,1090,-267,-22,-39,89,1
54,692,1119,61,-27,42,37,1
55,156,1159,-47,-9,-52,13,1
56,339,1116,-68,-9,-19,10,1
57,184,940,36,-12,-45,16,1
58,246,832,74,-8,-26,32,1
59,257,837,110,-2,-18,55,1
60,349,937,16,6,-56,69,1
61,198,1077,-72,19,-69,81,1
62,-291,1109,-61,51,-56,132,1
63,-363,1349,-116,93,49,233,1
64,-426,1698,-28,135,58,328,1
65,-577,2370,-97,158,-31,388,1
1,-214,325,470,-75,-182,14,1
2,-404,131,-90,-58,-113,-168,1
3,-26,186,-4,-155,146,-296,1
4,179,237,140,-170,165,-425,1
5,27,397,216,-223,175,-494,1
6,155,708,292,-255,273,-577,1
7,485,1071,170,-262,115,-637,1
8,940,1392,94,-308,-33,-656,1
9,1733,2308,-67,-317,52,-585,1
10,2769,2311,-674,-191,57,-348,1
11,2712,1614,-632,-70,110,0,1
12,2032,1460,-475,33,137,317,1
13,-3834,1995,-36,122,-1743,45,1
14,793,1011,2144,-160,1569,557,1
15,2224,-129,-14,-41,181,18,1
16,-81,597,272,136,-363,246,1
17,404,1238,-113,64,-111,161,1
18,306,772,80,29,35,93,1
19,446,1018,545,15,7,75,1
20,-811,2568,711,136,-152,466,1
21,508,1146,701,20,92,384,1
22,2866,1611,-638,-118,17,-179,1
23,2602,1345,-483,25,113,248,1
24,491,1605,575,87,-118,448,1
25,-3136,1259,-1040,157,-630,29,1
26,1903,619,3379,-204,1743,461,1
27,1354,2044,693,91,-906,287,1
28,-444,651,40,40,-89,182,1
29,573,1199,330,30,23,145,1
30,148,942,152,23,-25,76,1
31,415,944,461,24,-2,59,1
32,123,983,276,50,-129,43,1
33,261,1102,223,33,-21,54,1
34,177,1056,252,35,-127,66,1
35,139,1110,199,29,-85,90,1
36,48,907,178,38,-94,130,1
37,-1,1054,258,75,-4,184,1
38,3,1430,312,91,51,275,1
39,-135,1918,-136,94,-62,347,1
40,-197,1937,-390,113,5,393,1
41,-535,2229,-581,172,-268,407,1
42,-776,1335,225,131,12,412,1
43,1332,1875,417,64,256,415,1
44,-57,1120,325,251,-247,204,1
45,401,363,951,239,121,44,1
46,422,-3,421,269,148,-104,1
47,566,295,545,284,51,-266,1
48,538,406,757,366,70,-404,1
49,510,548,1052,317,220,-483,1
50,429,664,1276,251,287,-531,1
51,509,817,1311,172,310,-560,1
52,489,942,1263,65,246,-583,1
53,500,1190,1190,-67,246,-597,1
54,621,1550,1076,-182,241,-584,1
55,844,1667,893,-277,191,-548,1
56,1114,1826,-362,-234,-53,-475,1
57,1557,1420,-37,-155,126,-314,1
58,2118,1226,-405,-102,145,-58,1
59,2090,1186,-354,-28,63,161,1
60,-2518,1807,-1423,190,-702,34,1
61,-24,1356,762,-181,736,321,1
62,867,1469,827,-41,-77,327,1
63,390,1058,-398,78,-386,254,1
64,231,883,171,24,51,173,1
65,312,1002,67,31,-23,83,1
1,369,63,339,-28,148,-414,1
2,187,99,359,-79,89,-489,1
3,202,399,554,-178,219,-555,1
4,511,1028,507,-222,110,-622,1
5,-57,879,110,29,-293,80,1
6,89,887,275,-34,241,105,1
7,728,1050,390,2,-121,66,1
8,-144,928,248,5,-246,43,1
9,90,978,277,-6,108,77,1
10,474,1093,324,28,-144,66,1
11,47,994,224,37,-39,87,1
12,96,1240,264,60,-77,125,1
13,-50,1260,247,77,-71,176,1
14,-89,1457,268,105,-54,243,1
15,-264,1613,292,131,-53,313,1
16,-371,2071,511,148,-108,363,1
17,-713,2734,812,163,-136,412,1
18,-478,1735,569,109,-20,408,1
19,481,1213,879,0,-9,328,1
20,-161,651,696,-6,-508,102,1
21,-440,157,389,-159,-324,-66,1
22,662,1716,978,78,-44,438,1
23,-2835,472,-1199,276,-791,-51,1
24,1183,1665,2819,-150,1199,418,1
25,1292,343,235,-70,-136,248,1
26,16,442,680,54,-112,253,1
27,681,1158,-322,46,-265,138,1
28,117,824,217,10,16,95,1
29,372,945,403,3,-8,66,1
30,319,984,198,20,-200,27,1
31,12,986,73,11,-44,41,1
32,392,1043,294,13,-94,40,1
33,112,1011,252,30,-77,50,1
34,41,1020,244,52,-78,80,1
35,108,1235,173,63,-38,120,1
36,-79,1151,140,88,-42,162,1
37,-97,1334,169,114,12,228,1
38,-195,1512,256,144,7,292,1
39,-374,1873,543,174,-63,350,1
40,-593,2601,634,190,-79,387,1
41,-549,1995,706,159,84,397,1
42,465,1445,821,90,172,358,1
43,-394,925,218,169,-345,73,1
44,-321,252,310,9,3,-41,1
45,-250,278,-135,32,29,-230,1
46,63,189,82,-24,155,-384,1
49,160,880,355,-189,239,-625,1
50,534,1438,209,-216,123,-679,1
51,950,1907,157,-265,115,-686,1
52,1681,2882,210,-250,188,-616,1
53,2342,1840,-23,-155,114,-333,1
54,2771,1608,-671,-21,66,52,1
55,-506,1647,347,78,-41,303,1
56,-416,1033,-860,12,152,418,1
57,1890,2260,-700,153,138,548,1
58,280,1317,19,101,-305,290,1
59,350,1063,-139,25,-148,176,1
60,466,960,133,16,5,115,1
61,224,1046,94,20,-71,45,1
62,298,1008,126,21,-119,6,1
63,180,969,126,19,-89,0,1
64,159,943,90,22,-117,1,1
65,65,980,82,28,-113,12,1
1,-364,1575,62,179,115,229,1
2,-535,1829,561,231,120,284,1
3,-804,2509,499,277,151,320,1
4,-816,2075,788,284,292,362,1
5,154,1654,1008,241,296,317,1
6,121,1007,1031,214,269,179,1
7,-6,700,1229,187,301,-58,1
8,123,287,641,229,299,-219,1
9,487,224,726,164,257,-367,1
10,297,356,822,130,101,-480,1
11,203,308,1049,18,155,-561,1
12,459,711,1240,-97,189,-628,1
13,806,1065,993,-213,121,-678,1
14,1151,1779,981,-347,165,-677,1
15,2178,3037,-103,-362,140,-614,1
16,2749,1792,-148,-174,-4,-342,1
17,2830,1607,-487,-104,213,114,1
18,1150,1719,-872,28,151,365,1
19,312,1194,84,32,-55,75,1
20,-123,1204,199,59,-99,108,1
21,-177,1261,13,88,-61,169,1
22,62,192,193,-138,71,-491,1
23,43,483,282,-203,226,-561,1
24,261,825,197,-234,202,-638,1
25,467,1553,325,-295,145,-710,1
26,1160,2690,312,-313,156,-717,1
27,2866,2695,289,-242,75,-514,1
28,2909,1955,-751,-163,14,-140,1
29,2091,1365,-363,55,53,331,1
30,-2599,1794,247,133,-972,74,1
31,-318,1493,274,3,489,429,1
32,2029,1449,-63,-3,448,456,1
33,383,1080,217,74,-169,310,1
34,833,1253,-137,63,-264,191,1
35,-74,921,341,19,-30,139,1
36,437,1066,121,-4,23,89,1
37,418,900,407,3,-29,57,1
38,171,968,173,16,-145,33,1
39,212,981,141,6,1,48,1
40,374,1039,272,16,-102,42,1
41,196,1046,167,16,-74,46,1
42,46,1135,209,31,-90,78,1
43,-40,1202,274,60,-65,133,1
44,-140,1368,374,98,-37,206,1
45,-149,1527,233,132,-62,269,1
46,-297,1731,475,162,-41,326,1
47,-466,2387,726,186,-169,358,1
48,-966,2175,952,167,-84,432,1
49,225,1548,710,52,214,409,1
50,-432,953,-353,141,-472,79,1
51,-498,345,345,-44,-28,38,1
52,-425,201,-104,-77,36,-203,1
53,69,242,92,-133,163,-354,1
54,95,311,154,-168,92,-472,1
55,-77,597,154,-220,133,-539,1
56,117,1153,137,-263,182,-608,1
57,508,1558,36,-279,84,-654,1
58,953,1877,231,-331,129,-659,1
59,1515,2632,-145,-285,92,-590,1
60,2636,1970,-512,-176,-32,-344,1
61,2707,1584,-893,-35,120,57,1
62,1103,1821,809,63,104,352,1
63,-739,1179,-595,169,-193,256,1
64,1366,1277,142,45,349,401,1
65,477,931,866,-29,-5,291,1
1,-287,1293,-8,123,65,149,1
2,-390,1533,20,175,74,219,1
3,-410,1841,347,221,87,279,1
4,-764,2103,502,258,56,362,1
5,-762,2979,579,289,127,408,1
6,-11,1798,1185,267,344,327,1
7,-84,1396,74,312,83,124,1
8,208,632,1089,326,369,-42,1
9,76,381,719,292,310,-213,1
10,462,295,885,298,413,-370,1
11,574,431,1188,274,379,-469,1
12,536,382,1412,249,344,-539,1
13,586,434,1500,150,331,-609,1
14,2,1142,-307,-12,-64,172,1
15,643,1099,-110,-6,78,89,1
16,547,1127,155,31,-130,30,1
17,-142,966,-235,23,-40,24,1
18,516,1027,-82,13,-42,19,1
19,0,867,-52,10,-48,21,1
20,276,1002,-87,10,-5,24,1
21,246,1011,-77,9,-34,14,1
22,150,570,652,141,262,-114,1
23,426,322,613,137,139,-317,1
24,336,378,533,68,21,-456,1
25,198,376,672,-21,73,-549,1
26,191,571,898,-137,111,-602,1
27,443,1076,729,-249,212,-646,1
28,843,1660,693,-316,251,-665,1
29,1505,2071,216,-334,63,-670,1
30,2243,2455,95,-258,-67,-560,1
31,2119,1707,-626,-169,-201,-241,1
32,2697,1557,-970,-47,230,158,1
33,376,1488,543,57,20,371,1
34,-1141,2273,-623,168,207,331,1
35,1540,1015,-359,35,750,409,1
36,861,1467,240,49,-215,295,1
37,421,1015,109,16,-216,202,1
38,22,1011,145,-7,-88,136,1
39,478,975,69,-6,5,79,1
40,252,975,387,0,-42,51,1
41,170,991,139,1,-121,31,1
42,151,1003,185,-7,-65,44,1
43,217,1025,212,4,-101,52,1
44,116,1057,157,23,-72,64,1
45,186,1096,197,30,-71,79,1
46,-68,1203,250,58,-69,122,1
47,-146,1281,143,90,-64,187,1
48,-251,1553,164,127,1,263,1
49,-409,1679,274,163,-28,327,1
50,-597,2100,788,201,-111,360,1
51,-729,2610,915,194,34,486,1
52,163,1825,650,106,291,431,1
53,230,1066,905,158,-250,236,1
54,330,843,544,42,-13,140,1
55,-7,146,216,21,-99,-107,1
56,-170,-5,-36,-43,49,-253,1
57,271,141,192,-88,270,-385,1
58,280,56,281,-90,100,-478,1
59,62,247,288,-177,153,-534,1
60,333,565,340,-231,204,-614,1
61,698,1067,221,-289,-54,-656,1
62,1125,1800,-8,-322,-97,-629,1
63,2138,3074,-552,-286,21,-496,1
64,2425,1859,-659,-172,88,-216,1
65,2526,1761,-583,-8,285,160,1
1,275,1023,154,12,-51,36,1
2,124,990,242,20,-132,35,1
3,161,1014,183,30,-85,48,1
4,1,971,201,54,-58,78,1
5,115,1099,159,71,-21,115,1
6,124,1208,87,85,-37,135,1
7,-154,1190,81,110,-30,176,1
8,-274,1469,199,155,28,252,1
9,-423,1815,331,184,-8,324,1
10,-1047,2391,648,222,-87,362,1
11,-194,2320,926,188,274,411,1
12,245,1584,436,161,296,369,1
13,50,809,565,252,-59,127,1
14,344,496,673,113,199,56,1
15,28,66,398,93,-52,-140,1
16,4,-43,213,48,11,-270,1
17,1216,1511,-140,63,-178,227,1
18,-115,976,-93,21,28,153,1
19,689,1005,212,26,-28,101,1
20,113,1005,71,31,-45,58,1
21,341,1090,-26,33,-54,31,1
22,-129,1634,816,226,287,312,1
23,91,1051,503,282,176,151,1
24,300,701,925,187,542,96,1
25,-2,348,771,229,181,-132,1
26,246,145,571,197,276,-279,1
27,493,240,753,162,214,-384,1
28,296,88,730,119,152,-469,1
29,404,291,894,-15,257,-549,1
30,686,663,844,-63,96,-603,1
31,937,852,672,-226,136,-619,1
32,1588,1833,535,-287,157,-553,1
33,2256,3151,-1278,-177,334,-346,1
34,2627,2210,2175,-487,1275,277,1
35,93,828,-3692,84,-854,458,1
36,547,1388,721,-63,403,336,1
37,399,1247,398,2,-267,139,1
38,159,1023,152,-13,104,123,1
39,348,1044,102,7,-85,60,1
40,366,1087,-43,17,-28,28,1
41,164,1060,14,39,-46,12,1
42,193,1046,64,34,-46,8,1
43,108,930,61,36,-38,18,1
44,77,978,29,46,-28,42,1
45,101,1007,4,54,-3,66,1
46,-59,1084,0,74,-23,97,1
47,-262,1221,-5,106,62,162,1
48,-309,1372,86,141,111,235,1
49,-454,1868,254,171,86,299,1
50,-743,2421,485,205,216,369,1
51,-379,2093,921,227,354,328,1
52,-40,1574,1189,263,329,302,1
53,148,976,933,271,426,163,1
54,418,479,1282,284,353,35,1
55,184,87,768,362,254,-112,1
56,499,-21,874,238,267,-253,1
57,363,70,1041,219,100,-358,1
58,299,-101,893,147,144,-446,1
59,371,243,994,5,158,-520,1
60,627,438,788,-64,109,-570,1
61,927,914,672,-207,227,-583,1
62,1505,1816,569,-239,221,-531,1
63,2544,2383,179,-221,103,-429,1
64,2445,1710,-30,-120,43,-120,1
65,351,3096,560,-20,-12,308,1
1,-545,2192,492,51,-68,409,1
2,-176,1762,842,3,95,351,1
3,449,1377,834,-31,24,311,1
4,-448,772,77,175,-309,56,1
5,120,207,757,3,55,42,1
6,-244,77,276,-57,-163,-159,1
7,-49,114,-69,-71,113,-280,1
10,632,873,202,-8,115,104,1
11,345,992,264,0,-131,51,1
12,150,900,273,2,-67,32,1
13,197,985,262,4,-94,33,1
14,10,973,331,17,-111,54,1
15,149,1042,291,14,-46,83,1
16,212,1128,346,29,-86,102,1
17,-52,1306,252,83,-92,144,1
18,-162,1382,103,86,-64,213,1
19,-355,1595,80,99,-13,301,1
20,-551,1995,248,104,-87,376,1
21,-912,2280,470,98,-106,418,1
22,989,1335,259,-152,159,-671,1
23,1785,2313,345,-123,93,-607,1
24,2468,2284,-328,-100,118,-342,1
25,3922,2419,635,-227,738,142,1
26,-1102,1260,-230,135,-674,207,1
27,-154,131,615,-80,306,295,1
28,1415,1795,-18,102,-280,252,1
29,-380,875,262,0,-123,137,1
30,528,995,142,-2,38,110,1
31,348,1032,370,16,-137,54,1
32,62,1009,120,5,-86,37,1
33,228,1037,142,0,-130,24,1
34,20,983,143,0,-86,42,1
35,70,1102,267,37,-43,67,1
36,57,906,187,62,-57,96,1
37,27,1128,103,74,-28,133,1
38,-49,1202,-87,88,-24,169,1
39,-153,1306,10,103,46,225,1
40,-411,1559,93,132,27,293,1
41,-698,1842,45,132,45,373,1
42,-513,2400,226,91,183,454,1
43,209,1819,865,129,237,406,1
44,-345,1386,1024,201,50,306,1
45,256,734,620,176,225,153,1
46,-425,497,709,245,-66,-80,1
47,-147,138,451,214,184,-226,1
48,286,319,597,150,222,-344,1
49,164,321,529,180,138,-455,1
50,92,418,740,92,248,-537,1
51,373,844,815,51,261,-612,1
52,568,1239,641,-23,230,-657,1
53,1096,1773,1084,-111,381,-658,1
54,1160,2362,852,-124,300,-543,1
55,2667,1658,385,-127,279,-275,1
56,2849,1293,-69,-84,393,141,1
57,312,2079,1348,24,-601,203,1
58,1007,-72,1661,-69,58,389,1
59,1008,1261,189,-6,-110,256,1
60,58,982,-79,-10,9,169,1
61,645,983,79,7,88,88,1
62,448,1078,63,0,-101,21,1
63,133,991,6,28,-56,-1,1
64,258,1048,57,26,-78,-7,1
65,119,893,10,44,-81,-4,1
1,-24,1247,96,38,-46,154,1
2,-222,1227,83,62,-36,218,1
3,-411,1473,199,73,-22,297,1
4,-654,2061,435,88,-46,359,1
5,-537,2288,689,7,64,423,1
6,218,1807,637,43,189,373,1
7,130,1129,636,133,-35,247,1
8,247,680,560,85,77,154,1
9,223,356,218,-40,-36,-35,1
10,-139,137,-34,145,-14,-192,1
11,197,15,-13,-37,221,-295,1
12,199,380,261,-28,145,-391,1
13,48,241,95,-13,162,-474,1
14,76,610,261,-85,240,-552,1
15,426,965,256,-75,128,-640,1
16,647,1419,378,-117,21,-708,1
17,922,2193,318,-134,-3,-683,1
18,3140,3113,-308,-121,177,-409,1
19,3922,2284,1157,-208,489,160,1
20,-1095,1259,-562,226,-1042,122,1
23,206,1,21,-36,178,-311,1
24,244,253,329,19,79,-427,1
25,63,95,197,-27,73,-513,1
26,235,669,455,-106,123,-596,1
27,524,957,408,-140,6,-665,1
28,955,1569,372,-185,66,-683,1
29,1753,3488,-75,-145,157,-542,1
30,3922,2243,797,-179,667,281,1
31,-743,2828,-254,357,-1008,189,1
32,-534,-597,1264,-36,357,298,1
33,2039,2108,537,6,-226,230,1
34,-680,597,217,-27,-120,147,1
35,884,973,195,-30,109,125,1
36,73,1033,469,-2,-84,89,1
37,342,1038,260,0,-47,62,1
38,223,1017,279,21,-75,56,1
39,224,1032,220,12,-72,56,1
40,222,1035,207,21,-77,59,1
41,215,1024,209,26,-77,65,1
42,183,1007,181,34,-83,79,1
43,37,1063,173,41,-76,112,1
44,-96,1111,109,53,-68,174,1
45,-318,1286,75,71,-14,262,1
46,-392,1713,180,77,-27,337,1
47,-544,2307,418,51,-94,405,1
48,-539,2122,972,29,174,391,1
49,330,1640,826,-1,59,360,1
50,-348,904,103,235,-144,125,1
51,249,388,318,-10,100,47,1
52,-98,245,280,70,-173,-123,1
53,-49,-42,-187,68,6,-261,1
54,213,149,12,-113,91,-369,1
55,61,288,95,-14,78,-451,1
56,-4,377,96,-125,192,-520,1
57,347,878,220,-122,229,-599,1
58,653,1191,255,-119,116,-647,1
59,1302,1715,372,-137,97,-663,1
60,2109,2958,-42,-109,60,-464,1
61,3922,2600,-454,-161,557,4,1
62,-199,2228,395,227,-957,148,1
63,-801,-39,1090,-33,209,333,1
64,2040,1342,277,16,92,332,1
65,-135,964,52,15,-171,173,1
1,-311,1386,58,115,127,261,1
2,-636,1913,201,140,126,335,1
3,-571,2376,376,123,199,381,1
4,-152,1754,625,167,237,340,1
5,-174,1637,924,223,275,276,1
6,767,995,878,171,563,214,1
7,138,610,872,188,214,22,1
8,142,216,566,296,236,-112,1
9,498,-5,517,214,158,-257,1
10,241,124,516,196,51,-351,1
11,133,42,543,162,116,-452,1
12,147,203,676,28,173,-534,1
13,319,662,678,-30,180,-631,1
14,438,1041,643,-109,241,-684,1
15,170,1011,-92,32,-61,25,1
16,53,1022,-6,50,-31,33,1
17,100,1023,-55,45,-8,44,1
18,92,993,-15,55,7,54,1
19,91,1006,65,64,8,65,1
20,-90,1071,1,81,31,102,1
21,-149,1260,-31,102,50,149,1
22,135,-73,539,94,-16,-472,1
23,73,99,562,-96,45,-560,1
24,164,857,803,-153,75,-635,1
25,813,1308,333,-240,94,-647,1
26,1737,2209,283,-265,98,-621,1
27,3922,3922,-3198,-60,571,-141,1
28,-63,1703,539,295,-1057,315,1
29,-967,-477,1512,-27,616,276,1
30,3922,1069,476,-96,119,134,1
31,-1036,534,676,-36,-226,139,1
32,1207,1042,53,-19,196,132,1
33,40,946,344,-24,-147,45,1
34,508,1149,226,-34,-13,25,1
35,174,1004,296,6,-75,16,1
36,312,948,294,1,-79,16,1
37,253,1022,240,7,-104,16,1
38,163,990,207,17,-93,30,1
39,133,1005,204,18,-80,56,1
40,111,1089,188,25,-86,84,1
41,-28,1108,170,32,-61,128,1
42,-171,1131,88,53,-29,198,1
43,-171,1341,233,69,-7,271,1
44,-389,1667,322,67,-50,339,1
45,-404,2185,550,38,-91,415,1
46,-582,1932,675,21,37,398,1
47,249,1640,867,-75,9,331,1
50,-204,239,186,0,-170,-137,1
51,-141,11,-158,-40,197,-251,1
52,219,269,125,-148,221,-370,1
53,123,382,75,-39,145,-450,1
54,120,469,39,-116,143,-545,1
55,389,918,126,-145,89,-621,1
56,834,1146,158,-141,24,-643,1
57,1585,1815,-32,-145,126,-567,1
58,2817,2437,38,-92,44,-382,1
59,3414,2066,-11,-36,118,4,1
60,-267,2953,-350,259,-885,186,1
61,-201,-393,940,27,237,263,1
62,1940,2008,1119,-53,99,242,1
63,-163,812,234,26,-213,138,1
64,285,959,165,-12,18,128,1
65,306,986,327,-6,-58,86,1
1,167,1132,94,34,-99,102,1
2,23,1208,135,83,-66,144,1
3,5,1286,11,83,-44,188,1
4,-310,1259,-64,110,-32,258,1
5,-387,1692,84,112,1,344,1
6,-704,2210,93,99,-212,401,1
7,-1214,2868,1199,27,28,485,1
8,-258,2158,708,182,321,464,1
9,-773,2193,1344,272,99,303,1
10,149,1086,2073,105,338,147,1
11,-332,636,424,241,46,-205,1
12,-196,413,-221,174,94,-462,1
13,85,953,-75,242,73,-650,1
14,-277,773,120,282,158,-747,1
15,565,914,-358,298,532,-715,1
16,789,1364,79,386,516,-669,1
17,1093,1960,1714,402,837,-507,1
18,2433,1640,3569,272,733,-281,1
19,3922,2190,1174,130,595,194,1
20,15,2849,3054,385,-721,503,1
21,-604,2254,1072,113,505,429,1
22,262,1117,128,-70,-38,-387,1
23,357,982,-441,-56,153,-275,1
24,133,592,-63,21,209,-143,1
25,591,1116,595,-86,371,-108,1
26,1627,813,860,41,65,-38,1
27,1729,1344,2020,-150,-105,59,1
28,3365,2870,-1911,138,111,336,1
29,2339,1043,-167,211,-617,523,1
30,-516,-994,-298,234,847,428,1
31,-792,3922,1761,-165,897,332,1
32,335,-303,407,-63,-576,226,1
33,961,964,-1071,-234,477,173,1
34,805,1247,562,43,-187,138,1
35,1273,2843,-2,-124,-1,53,1
36,-284,3196,-143,146,-179,88,1
37,-889,2094,-449,23,-180,108,1
38,-590,904,-497,-7,198,144,1
39,-45,1493,357,49,69,205,1
40,-560,77,-104,45,-27,260,1
41,-1547,1216,389,-1,-350,164,1
42,-834,911,318,32,-344,106,1
43,-687,1761,538,15,-241,103,1
44,42,2351,551,126,8,30,1
45,248,1296,378,135,260,-90,1
46,724,914,803,119,460,-295,1
47,1151,575,1011,95,241,-550,1
48,847,653,955,21,45,-678,1
49,1033,1070,659,-197,125,-738,1
50,1048,1412,378,-263,306,-708,1
51,1926,1996,423,-195,167,-680,1
52,1159,1523,381,-63,-70,-497,1
53,1926,1115,44,-98,38,-307,1
54,1980,578,-283,-71,-92,-44,1
55,1670,533,-310,-37,-36,176,1
56,357,82,-257,-13,-110,222,1
57,-453,3922,-870,155,-7,488,1
58,3922,815,-487,-59,316,857,1
59,-440,-779,-775,32,-235,388,1
60,1272,1277,854,-70,99,231,1
61,539,1048,118,-60,-54,97,1
62,695,1116,215,-28,-76,27,1
63,458,1355,463,3,-43,-6,1
64,228,1555,233,13,-177,-6,1
65,12,1236,131,30,-147,10,1
1,305,1062,99,31,-24,118,1
2,254,1157,64,52,-60,124,1
3,-101,1226,106,75,-25,166,1
4,-227,1465,353,74,1,239,1
5,-490,2019,541,54,-109,320,1
6,-606,2756,813,66,-23,417,1
7,-258,2112,910,75,66,376,1
8,-166,1304,911,78,-94,289,1
9,-12,744,774,65,-14,151,1
10,-259,356,292,-21,-64,-75,1
11,-249,206,-4,-17,83,-225,1
12,248,245,91,-74,204,-380,1
13,195,264,236,-26,137,-486,1
14,-16,359,190,-114,222,-564,1
15,203,821,280,-144,279,-653,1
16,546,1295,157,-136,158,-717,1
17,1000,2073,450,-154,157,-753,1
18,1854,2791,400,-65,-22,-626,1
19,2930,1396,9,-75,112,-275,1
20,2769,1544,-223,-3,69,229,1
21,-3493,2005,871,51,-971,243,1
22,320,974,156,30,-25,92,1
23,297,970,187,36,-45,104,1
24,264,1112,136,47,-35,123,1
25,158,1177,99,61,-41,155,1
26,-125,1473,221,60,-26,225,1
27,-185,1907,527,42,-88,306,1
28,-635,2890,1016,41,-230,365,1
29,-142,2183,642,83,-118,356,1
30,141,1297,856,53,-60,312,1
31,1,885,362,135,-106,137,1
32,83,232,206,77,-107,37,1
33,-282,55,-67,83,35,-104,1
34,123,-67,-105,5,298,-221,1
35,157,60,316,-12,223,-328,1
36,73,69,214,-50,247,-407,1
37,103,454,295,-129,252,-488,1
38,205,739,240,-109,147,-579,1
39,261,1186,256,-163,31,-656,1
40,519,1708,375,-167,5,-677,1
41,1656,2237,97,-220,79,-610,1
42,2419,1926,-546,-17,-277,-377,1
43,2195,1471,-215,-1,20,16,1
44,-2408,3922,-2963,459,-1165,26,1
45,345,1312,222,-88,633,780,1
46,1278,1393,848,59,-496,381,1
47,145,1045,-68,22,50,273,1
48,299,1027,343,16,-88,212,1
49,542,918,-28,21,8,137,1
50,477,1024,384,26,-28,89,1
51,302,1072,279,32,-44,64,1
52,282,1060,239,47,-53,53,1
53,260,967,157,41,-46,52,1
54,264,850,183,52,-51,59,1
55,274,804,189,48,-14,71,1
56,328,855,191,47,-22,84,1
57,265,986,184,50,-28,103,1
58,96,1148,170,64,-34,142,1
59,-83,1437,283,73,0,210,1
60,-244,1781,440,77,-69,289,1
61,-376,2472,717,50,-107,352,1
62,-149,2192,822,152,-56,326,1
63,528,1015,808,97,61,268,1
64,150,738,169,202,-93,78,1
65,202,300,175,159,50,38,1
1,142,1017,-205,15,-147,220,1
2,183,1070,-57,-34,-91,161,1
3,370,919,179,-35,-5,114,1
4,369,1011,285,-27,-24,65,1
5,-81,1407,-47,102,56,244,1
6,-389,1715,231,134,51,305,1
7,-806,2096,576,135,-18,348,1
8,-469,1913,887,83,105,391,1
9,635,1683,655,42,268,390,1
10,145,1338,650,77,-3,308,1
11,-86,668,596,166,-41,158,1
12,-37,390,380,28,5,16,1
13,-12,34,21,98,11,-110,1
14,60,-47,3,-6,112,-223,1
15,223,188,310,-37,138,-326,1
16,169,164,291,-4,95,-404,1
17,87,362,248,-112,137,-473,1
18,251,756,335,-134,157,-552,1
19,477,1069,402,-143,66,-615,1
20,969,1451,256,-152,95,-629,1
21,1951,2503,240,-138,42,-576,1
22,282,978,224,10,-78,9,1
23,192,948,209,12,-88,6,1
24,167,987,161,11,-83,11,1
25,84,939,176,11,-71,30,1
26,-77,954,225,27,-26,78,1
27,132,1174,148,51,8,118,1
28,42,1241,188,78,-6,149,1
29,-87,1220,120,100,5,198,1
30,-100,1382,46,108,42,258,1
31,-353,1670,183,122,19,322,1
32,-910,2193,615,132,-29,376,1
33,-232,2132,658,56,146,440,1
34,346,1665,766,86,155,399,1
35,-29,1161,684,122,-28,260,1
36,174,695,346,92,64,150,1
37,19,342,314,59,0,-26,1
38,-61,34,-13,115,60,-168,1
39,224,107,60,-17,199,-297,1
40,207,250,334,51,111,-396,1
41,90,171,214,1,155,-469,1
42,101,549,356,-77,233,-544,1
43,383,940,400,-82,144,-630,1
44,520,1327,469,-106,79,-688,1
45,1101,1916,545,-151,100,-689,1
46,1873,3008,362,-132,14,-587,1
47,2809,1693,46,-117,246,-186,1
48,7,3128,0,47,-62,277,1
49,378,721,2091,-56,285,400,1
50,858,1043,576,11,9,350,1
51,450,1444,-360,89,-71,306,1
52,-27,994,35,10,-192,182,1
53,310,963,227,6,30,153,1
54,394,1057,232,28,-103,89,1
55,89,954,58,17,-60,66,1
56,312,1019,156,14,-56,47,1
57,108,964,121,14,-62,44,1
58,144,971,91,13,-47,51,1
59,184,942,134,17,-24,58,1
60,165,941,172,36,-15,71,1
61,158,955,128,54,1,88,1
64,35,1207,63,84,19,178,1
65,26,1265,12,98,47,216,1
1,262,903,265,-18,-33,32,1
2,309,943,262,-14,-31,43,1
3,325,961,244,-13,-23,49,1
4,354,981,234,-8,-24,52,1
5,359,971,243,-10,-27,52,1
6,328,973,227,-6,-34,56,1
7,292,951,229,-3,-28,68,1
8,295,911,227,-1,-8,90,1
9,279,893,274,0,2,119,1
10,203,903,295,2,-8,164,1
11,205,1021,294,-21,16,221,1
12,125,1396,317,-47,38,277,1
13,126,2142,434,-30,46,334,1
14,305,1833,247,-71,-46,344,1
15,605,1678,465,-62,-100,330,1
16,432,1057,48,-9,-44,241,1
17,751,526,526,51,217,-395,1
18,1087,550,650,22,183,-381,1
19,1257,776,558,-14,55,-350,1
20,1125,922,282,-20,-113,-326,1
21,-2674,3922,-3922,-220,784,652,1
22,245,869,252,-15,-20,-10,1
23,218,911,234,-13,-21,5,1
24,229,951,241,-13,-12,21,1
25,252,968,258,-13,-18,36,1
26,230,958,272,-11,-16,53,1
27,270,977,262,-6,1,69,1
28,302,984,233,-1,-7,83,1
29,238,1028,252,4,-13,105,1
30,247,1055,284,5,-14,135,1
31,166,1176,227,6,-8,177,1
32,123,1648,390,16,27,230,1
33,-39,1812,466,14,21,280,1
34,119,1814,256,9,43,339,1
35,33,1890,321,-18,0,367,1
36,528,1633,420,-5,15,327,1
37,1014,749,591,5,65,267,1
38,550,637,393,53,47,184,1
39,675,108,178,97,64,105,1
40,549,-61,164,109,82,27,1
41,473,-243,131,125,85,-41,1
42,408,-232,165,113,116,-98,1
43,458,-209,219,121,117,-140,1
44,406,-214,267,122,110,-173,1
45,451,-166,323,112,82,-206,1
46,452,-143,351,107,36,-241,1
47,404,-42,261,75,46,-265,1
48,544,37,302,60,80,-295,1
49,637,160,343,34,81,-322,1
50,755,391,271,9,81,-339,1
51,841,822,342,-18,99,-361,1
52,1069,1544,503,-13,101,-373,1
53,3922,3922,1813,0,905,-81,1
54,-3922,-3922,2872,472,-1303,-173,1
55,253,3008,1804,-136,1055,551,1
56,201,350,657,-32,-621,-75,1
57,-398,1083,124,-109,175,7,1
58,300,769,82,-1,-73,26,1
59,306,887,397,-52,69,21,1
60,187,961,220,-4,-42,19,1
61,327,937,247,-26,14,13,1
62,195,882,296,-10,-20,13,1
63,248,942,291,-11,11,20,1
64,249,910,254,-2,-3,24,1
65,294,906,233,-5,9,21,1
1,123,929,218,-8,1,-15,1
2,108,928,239,-13,0,-7,1
3,62,923,270,-10,0,8,1
4,70,942,252,-5,3,28,1
5,21,954,264,0,3,55,1
6,-28,967,286,5,3,95,1
7,2,1008,310,9,28,141,1
8,74,1157,230,-2,27,185,1
9,36,2410,722,12,16,224,1
10,345,-237,-30,2,37,16,1
11,296,-132,-52,9,0,-28,1
14,422,351,85,-10,62,-176,1
15,510,776,221,-22,72,-232,1
16,568,1108,341,-20,49,-294,1
17,451,1487,371,-32,-26,-361,1
18,884,2789,2285,2,148,-265,1
19,-825,2474,180,91,-1046,-409,1
20,-638,-687,-763,-476,633,-27,1
21,1955,1191,-658,80,177,0,1
22,90,929,231,-9,-2,-5,1
23,65,925,224,-9,-3,0,1
24,33,943,273,-6,0,13,1
25,38,943,287,2,0,29,1
26,45,941,259,9,-6,45,1
27,19,964,267,18,-13,71,1
28,-117,1010,259,30,-7,119,1
29,-75,1523,958,71,92,179,1
30,231,1515,-156,45,-119,169,1
31,-616,1680,195,54,124,218,1
32,475,1743,0,21,281,248,1
33,874,1454,515,16,97,245,1
34,1387,1342,561,16,-11,271,1
35,901,695,296,0,7,238,1
36,661,435,86,3,-62,203,1
37,404,47,-120,0,-1,167,1
38,294,-134,-129,-11,49,132,1
39,274,-239,-142,-12,60,96,1
40,219,-236,-145,-8,46,53,1
41,263,-251,-127,-1,12,3,1
42,244,-209,-120,10,-24,-46,1
43,242,-88,-132,6,-24,-94,1
44,282,108,-70,8,21,-142,1
45,407,377,-11,-1,68,-187,1
46,518,646,49,10,92,-231,1
47,574,909,172,27,102,-274,1
48,626,1173,304,29,133,-313,1
49,570,1689,455,20,126,-338,1
50,1862,1523,3648,-123,197,-286,1
51,-942,3886,-47,65,-684,-317,1
52,-487,-767,-874,-72,120,-36,1
53,879,1559,728,-16,162,-2,1
54,87,1170,794,-46,-41,-3,1
55,142,970,76,-22,-79,-22,1
56,2,959,204,-53,64,-7,1
57,170,984,324,-30,-10,-3,1
58,77,962,231,-25,12,0,1
59,149,950,181,-25,-2,-2,1
60,104,928,270,-24,3,-2,1
61,136,946,265,-15,-2,-4,1
62,106,953,217,-14,8,-6,1
63,138,941,235,-14,7,-9,1
1,61,1398,323,-9,-61,233,1
2,-290,1762,82,-13,-104,307,1
3,-746,2489,28,-50,-163,403,1
4,-349,2785,575,13,143,430,1
5,1230,1399,785,-111,69,393,1
6,622,784,134,-28,-146,215,1
7,619,45,312,-55,-194,102,1
8,216,-104,-88,-27,-115,-12,1
9,106,-238,-213,-20,-80,-112,1
10,101,-161,-186,-33,-25,-198,1
11,115,-167,-158,-22,-37,-258,1
12,99,-102,-109,-43,6,-310,1
13,259,-29,-80,-55,-4,-359,1
14,418,-39,-153,-73,-72,-395,1
15,634,157,-120,-106,-79,-411,1
16,991,476,-36,-104,-80,-400,1
17,1264,762,92,-127,-66,-370,1
18,1455,1032,141,-101,-92,-318,1
19,1372,1256,152,-77,-145,-259,1
20,3922,1881,3922,-229,-118,-220,1
21,-1996,-3922,-680,755,-1325,58,1
22,287,950,311,-17,-35,61,1
23,285,978,348,-25,-28,79,1
24,307,968,337,-21,-46,97,1
25,257,1064,326,-22,-52,127,1
26,122,1148,330,-25,-73,169,1
27,42,1230,359,-38,-70,234,1
28,161,1521,287,-77,-112,303,1
29,-151,3013,572,-14,-166,360,1
30,-387,2011,540,-86,-3,394,1
31,681,2203,746,-99,-73,380,1
32,1260,862,1101,-136,-16,252,1
33,527,731,231,-2,-247,134,1
34,230,-19,-227,63,-72,10,1
35,151,-203,-139,17,17,-112,1
36,198,-192,-86,26,70,-215,1
37,80,-201,-57,43,112,-294,1
38,112,-151,26,34,123,-362,1
39,243,-208,85,52,25,-438,1
40,268,-260,73,19,-81,-510,1
41,353,-125,-18,-22,-51,-546,1
42,788,313,195,-54,107,-532,1
43,1685,1077,432,-56,251,-472,1
44,2583,1624,763,14,59,-386,1
45,1847,1394,1438,-58,-83,-251,1
46,-952,3922,-1103,110,-623,35,1
47,-314,-2001,250,-160,28,135,1
48,2510,2331,251,6,141,254,1
49,-371,826,303,30,-252,109,1
50,659,949,148,-13,41,76,1
51,211,898,371,-31,-48,40,1
52,322,962,280,-6,-98,14,1
53,145,974,297,-5,-49,13,1
54,128,899,376,12,-48,31,1
55,141,975,260,4,-38,49,1
56,183,1016,210,13,-46,66,1
57,173,1057,196,4,-30,84,1
58,100,1103,153,15,-35,117,1
59,40,1188,216,19,-10,161,1
60,-41,1226,257,35,-1,220,1
61,-185,1377,370,20,-2,301,1
62,-406,1817,478,-9,-75,387,1
63,-429,2884,432,-30,-36,466,1
64,-793,2596,636,23,45,478,1
65,1121,2581,671,75,50,464,1
1,352,-154,106,100,196,-264,1
2,151,-229,53,109,171,-354,1
3,346,-102,165,81,104,-447,1
4,613,-259,62,99,-50,-503,1
5,549,-349,-186,34,-7,-486,1
6,751,206,37,-17,212,-447,1
7,1441,342,198,12,323,-392,1
8,1716,776,392,42,227,-333,1
9,1764,1148,669,86,45,-289,1
10,1685,1581,490,38,-59,-195,1
11,-2006,3922,-1028,6,-499,-145,1
12,61,778,-3922,30,126,564,1
13,158,458,574,-424,-86,264,1
14,342,1127,-161,-3,-57,147,1
15,379,1003,170,-5,-45,83,1
16,176,1032,404,2,-93,45,1
17,242,960,69,14,-101,16,1
18,-715,2305,409,67,76,447,1
19,608,2768,279,36,-11,488,1
20,-331,1763,1014,65,142,431,1
21,764,847,814,158,253,299,1
22,607,1667,1838,186,1027,-196,1
25,-756,3922,2962,-157,-288,124,1
26,2281,-1494,-340,-77,169,155,1
27,740,2267,1683,30,-159,87,1
28,-92,815,368,-38,126,73,1
29,937,1088,46,23,42,34,1
30,464,901,65,4,32,-23,1
31,603,987,109,19,-17,-71,1
32,165,884,126,13,4,-77,1
33,273,908,79,10,6,-70,1
34,109,891,131,7,9,-51,1
35,207,933,77,0,41,-29,1
36,208,953,59,1,3,-18,1
37,107,910,100,-3,8,3,1
38,199,960,131,-2,2,21,1
39,242,975,168,3,3,30,1
40,181,941,93,17,-23,39,1
41,-72,1104,89,19,-25,70,1
42,122,1174,259,36,22,128,1
43,16,1544,88,101,1,195,1
44,-445,2181,158,131,-32,280,1
45,-1409,3176,434,171,41,425,1
48,897,1449,1200,266,399,534,1
49,-259,682,1128,231,314,317,1
50,-390,-592,628,305,280,32,1
51,-1256,-1263,534,180,370,-273,1
52,-838,-1239,1303,68,358,-573,1
53,454,-1335,-71,-92,132,-567,1
54,2585,-1455,372,-186,269,-522,1
55,3546,-831,1033,-144,79,-256,1
56,3745,-115,392,-218,-401,-64,1
57,3922,-1540,-451,-217,-42,111,1
58,-278,3922,2999,-233,4,209,1
59,1078,1517,275,226,-67,162,1
60,734,950,137,-34,4,137,1
61,952,3238,17,-155,30,46,1
62,-902,3922,1391,150,-268,90,1
63,-1241,3922,827,95,1,382,1
64,-437,3922,824,-41,-90,645,1
65,-1798,3922,1182,-3,-550,568,1
1,1108,2279,310,-24,-126,258,1
2,388,3620,-144,68,-249,230,1
3,-1279,2771,631,171,-189,204,1
4,41,1804,1073,10,128,347,1
5,-1342,2877,683,74,-443,390,1
6,-1715,2845,1149,37,-393,353,1
7,-1314,2285,873,128,-211,164,1
8,-470,820,533,117,58,-20,1
9,355,81,456,136,181,-345,1
10,216,69,342,35,174,-555,1
11,10,483,812,4,416,-708,1
12,550,1146,1188,-8,244,-849,1
13,1002,579,664,20,-58,-901,1
14,899,1423,314,-166,-36,-913,1
15,2461,3303,95,-140,268,-707,1
16,3082,1463,814,-4,-178,-448,1
17,3426,1080,-348,-113,266,131,1
18,291,3922,-2514,101,-82,567,1
19,3098,-1086,2220,-47,-84,450,1
20,-243,2647,-503,32,-299,505,1
21,94,1689,111,-101,-116,377,1
22,489,1298,305,324,779,-354,1
23,743,1425,1426,315,1015,-202,1
24,1479,1094,2494,192,1008,-46,1
25,795,735,1373,183,186,9,1
26,-531,-100,2148,-47,274,-33,1
27,765,2780,887,-34,74,-11,1
28,-882,1284,-29,-131,-337,-75,1
29,277,829,-37,-177,487,40,1
30,524,914,395,45,-288,8,1
31,105,853,119,7,245,-13,1
32,844,1117,1,15,-52,-56,1
33,104,748,258,20,-8,-75,1
34,415,1015,-12,17,-5,-78,1
35,137,910,76,3,-26,-76,1
36,157,939,69,-3,2,-57,1
37,-11,929,105,-4,-1,-18,1
38,57,959,182,0,44,23,1
39,135,1023,146,25,9,50,1
40,202,1004,84,42,11,66,1
41,249,1030,70,68,-42,74,1
42,186,1032,121,86,-39,84,1
43,292,1123,77,96,-23,91,1
44,103,1151,-65,114,-25,100,1
45,74,1383,-107,140,76,128,1
46,0,1423,53,185,65,157,1
47,-204,1566,238,188,57,191,1
48,-193,1629,778,257,295,243,1
49,-27,1373,585,186,348,294,1
50,513,1428,253,157,243,238,1
51,23,1112,781,72,535,249,1
52,-101,758,684,71,527,172,1
53,458,582,502,52,412,49,1
54,498,440,458,105,149,-71,1
55,263,314,267,99,87,-176,1
56,129,462,297,76,69,-272,1
57,96,399,270,65,113,-347,1
58,99,502,305,11,192,-407,1
59,129,685,256,-5,266,-457,1
60,266,999,282,-16,292,-501,1
61,618,1281,496,-14,238,-561,1
62,922,1493,727,-32,179,-576,1
63,1553,2100,592,-8,-12,-530,1
64,1836,1694,557,-12,-81,-355,1
65,2184,1343,73,-45,-46,-6,1
1,838,164,-654,87,79,145,1
2,2242,924,50,34,251,396,1
3,-939,1108,67,72,-218,292,1
4,1456,1030,-1223,92,450,292,1
5,696,2176,702,142,-24,239,1
6,1692,609,-747,172,-120,88,1
7,1404,1646,415,171,-204,-79,1
8,100,3362,882,304,-294,-201,1
9,-1276,1901,2076,275,50,-316,1
10,2194,1565,3922,61,-436,-216,1
11,-364,1417,1959,-313,27,136,1
12,568,1477,1311,-477,173,187,1
13,45,1139,552,-445,-244,62,1
14,-156,745,-378,-394,-217,-1,1
15,-112,599,-1783,-349,-248,-61,1
16,-583,847,-2064,-258,-146,-42,1
17,-164,573,-1734,-211,54,-103,1
18,173,518,-916,-154,104,-25,1
19,829,714,-827,-59,72,65,1
20,582,563,-580,41,-119,120,1
21,1114,629,3350,-154,-393,29,1
22,-2416,526,-2460,209,-567,253,1
23,-788,3326,-3922,262,218,212,1
24,291,2929,-473,266,738,330,1
25,1144,989,1892,420,-189,281,1
26,1245,606,-1049,103,-72,140,1
27,1384,933,265,189,-149,-55,1
28,1516,1620,504,158,-199,-321,1
29,461,3205,1342,305,-458,-409,1
30,1004,818,3001,200,88,-490,1
31,2404,1259,3784,-14,-453,-211,1
32,270,1128,1439,-327,-64,101,1
33,519,1239,440,-411,-9,223,1
34,-8,479,-614,-345,-26,165,1
35,-252,420,-1074,-250,-52,115,1
36,-102,372,-1307,-234,-59,56,1
37,-246,399,-1321,-166,-13,-6,1
38,-112,437,-1316,-119,73,10,1
39,110,546,-871,-59,187,62,1
42,-1298,1208,-1921,42,-67,164,1
43,-1078,2781,-2952,115,368,151,1
44,1404,2653,1541,71,586,283,1
45,913,821,175,270,-193,65,1
46,1384,592,-283,151,-74,-31,1
47,1183,2214,878,307,-249,-196,1
48,123,2742,22,432,-363,-299,1
49,-1255,2245,3196,378,69,-438,1
50,3594,2139,3922,153,-515,-324,1
51,-145,923,2687,-220,-497,10,1
52,537,1784,916,-394,-47,119,1
53,-172,1744,545,-461,-22,141,1
54,53,1319,-990,-443,261,112,1
55,303,430,-928,-302,321,1,1
56,670,614,-1363,-442,76,-17,1
57,463,1158,-1594,-226,2,44,1
58,222,822,-1485,-134,56,106,1
59,258,352,-1200,-26,231,147,1
60,50,9,-994,-9,78,123,1
61,-404,6,-808,-63,157,74,1
62,3132,458,1014,-112,113,161,1
63,-1259,2903,-3273,314,-875,321,1
64,-2324,1510,-2669,130,666,229,1
65,2164,1031,800,-173,627,124,1
1,-1487,695,-912,208,-133,-247,1
2,-772,1039,-780,181,-27,-331,1
3,-258,1226,-373,258,28,-342,1
4,164,1460,-170,281,146,-305,1
5,996,1548,398,299,173,-236,1
6,1776,2057,1567,289,67,-150,1
7,2350,1399,2838,189,-133,-42,1
8,2042,838,3047,-48,-262,139,1
9,1767,243,2280,-305,-331,259,1
10,-2819,3624,-3922,115,-540,445,1
11,43,-3268,3668,122,1342,162,1
12,-1281,3922,3922,-233,-419,556,1
13,260,-1022,-372,-191,-88,164,1
14,1952,2021,-458,-278,105,221,1
15,684,1431,-194,-90,64,20,1
16,754,3473,-1384,-69,-62,-90,1
17,-1117,2447,-1685,-201,57,-65,1
18,-573,1209,-2031,-164,474,23,1
19,113,1523,-1021,75,397,240,1
20,664,850,-1424,14,-134,239,1
21,1988,1588,2051,-199,-532,387,1
22,-2408,-431,-1379,183,-481,-76,1
23,-1671,-224,-961,137,-228,-323,1
24,-727,747,-625,49,-25,-456,1
25,5,1056,-371,103,-24,-493,1
26,146,963,-24,201,-44,-469,1
27,141,1179,276,146,-15,-443,1
28,1533,2045,257,130,-66,-401,1
29,2623,1530,1513,186,-457,-266,1
30,2482,1303,2527,109,-706,51,1
31,-3922,3922,-3922,503,-1252,340,1
32,530,1965,3922,-502,1079,895,1
33,3552,-1297,1428,182,-908,174,1
34,-152,2627,1405,-116,-48,834,1
35,350,481,657,-55,-31,310,1
36,814,1051,293,-55,30,224,1
37,604,854,155,26,37,135,1
38,689,1038,53,-31,-24,49,1
39,615,1189,187,32,-63,-18,1
40,349,1295,168,43,-129,-61,1
41,168,1235,55,89,-139,-73,1
42,-6,910,128,110,-103,-55,1
43,-160,1181,-22,47,-43,0,1
44,-729,633,-385,116,2,160,1
45,-525,1377,32,101,48,328,1
46,-353,1746,-65,55,28,427,1
47,-1024,2151,190,87,-48,490,1
48,-1114,2882,841,148,324,438,1
49,196,1734,1053,178,362,361,1
50,1218,1461,1678,195,636,421,1
51,206,367,1194,276,240,95,1
52,778,-157,1033,359,232,-115,1
53,698,-180,767,303,21,-278,1
54,394,-42,593,262,6,-395,1
55,206,-7,612,236,62,-489,1
56,188,33,649,113,177,-539,1
57,317,309,654,-3,258,-562,1
58,423,483,483,-26,386,-554,1
59,659,987,662,-71,481,-543,1
60,1381,1652,1057,-35,363,-563,1
61,2026,1840,1163,-54,33,-509,1
62,1666,1371,849,-90,-154,-332,1
63,1932,1341,253,-97,-162,-66,1
64,427,1830,-378,10,-239,185,1
65,-2935,1522,86,70,-301,-281,1
1,21,945,195,-21,40,57,1
2,104,973,200,-17,45,79,1
3,208,983,221,-8,11,83,1
4,152,977,231,7,-38,86,1
5,63,1027,229,16,-21,107,1
6,3,1066,152,33,-40,151,1
7,-214,1255,320,37,4,244,1
8,-15,2030,184,12,45,341,1
9,-752,2747,410,77,-63,420,1
10,-1250,3922,1501,237,163,463,1
11,1239,2259,1144,159,399,494,1
12,891,784,847,209,337,335,1
13,422,202,383,256,360,193,1
14,313,-877,660,361,300,31,1
15,-147,-1541,507,336,233,-105,1
16,-151,-1531,340,250,16,-249,1
17,-105,-1596,213,233,-140,-345,1
18,384,-1282,-200,49,-45,-361,1
19,914,-382,-138,-2,298,-330,1
22,912,322,277,-7,-48,226,1
23,-142,268,11,60,-268,156,1
24,-173,-172,-141,88,-12,87,1
25,271,-187,-106,31,165,-26,1
26,340,-291,192,99,221,-143,1
27,437,-390,306,67,251,-247,1
28,661,16,328,2,202,-308,1
29,1043,514,298,20,134,-339,1
30,1115,876,376,58,17,-325,1
31,1103,964,102,3,60,-225,1
32,1793,655,290,-11,-14,-107,1
33,-169,1720,664,150,-930,78,1
34,-1252,1720,1201,-214,652,125,1
35,132,1504,-959,15,-326,134,1
36,869,1708,423,-77,311,112,1
37,558,709,257,-5,-74,8,1
38,741,1277,212,-50,50,-72,1
39,243,1066,218,7,-51,-119,1
40,279,1079,-14,-12,-72,-134,1
41,79,745,89,-12,-58,-112,1
42,172,575,302,-16,-46,-74,1
43,99,517,500,-23,-45,-28,1
44,124,688,364,-21,-35,16,1
45,-169,998,166,-8,21,74,1
46,46,1410,87,15,95,117,1
47,-51,1579,156,-3,93,136,1
48,137,1874,120,15,197,134,1
49,53,1299,176,5,74,106,1
50,750,856,159,-7,188,118,1
51,1007,768,369,7,88,148,1
52,514,531,242,15,14,130,1
53,244,233,156,31,-88,67,1
54,86,102,95,14,-106,1,1
55,48,115,4,-1,-42,-48,1
56,169,263,-19,-30,63,-86,1
57,302,571,105,-28,133,-109,1
58,520,742,112,2,184,-112,1
59,729,828,295,18,161,-90,1
60,1032,771,251,-12,145,-48,1
61,517,1328,341,33,-316,0,1
62,-1517,1359,1524,-94,-72,19,1
63,1093,1612,-379,-71,-51,11,1
64,-404,1208,-201,-46,118,76,1
65,1004,1616,182,-51,73,49,1
1,-5,980,178,21,21,91,1
2,33,1056,197,22,26,127,1
3,-19,1146,167,21,14,166,1
4,-86,1631,298,27,39,218,1
5,-69,2447,-16,31,-76,231,1
6,-715,1934,465,42,-40,210,1
7,1227,833,400,-60,332,200,1
8,894,493,162,20,23,128,1
9,1164,74,279,-6,94,93,1
10,834,-69,402,26,89,63,1
11,930,-319,237,10,-9,51,1
12,625,-342,119,3,-67,30,1
13,437,-357,-11,-11,-63,1,1
14,154,-228,-21,-30,-27,-40,1
15,212,-161,12,-52,87,-93,1
16,306,115,84,-80,112,-164,1
17,335,521,122,-88,79,-255,1
18,333,1197,265,-59,36,-357,1
19,408,2081,486,-63,-81,-431,1
20,1087,3922,-1448,77,-93,-110,1
21,-1852,-2346,2,336,-562,-148,1
22,127,926,235,-10,-8,7,1
23,76,936,228,-9,-5,13,1
24,118,955,217,-9,4,18,1
25,154,935,226,-8,5,18,1
26,159,937,210,-8,8,13,1
27,185,932,195,-9,1,4,1
28,148,935,217,-9,0,0,1
29,124,935,230,-8,0,0,1
30,127,945,218,-7,-8,3,1
31,106,942,223,-7,-4,9,1
32,49,955,238,-3,-9,25,1
33,72,966,252,-2,0,45,1
34,105,962,241,-1,10,60,1
35,176,953,227,-1,20,66,1
36,237,943,195,0,18,62,1
37,247,952,202,1,12,55,1
38,258,936,233,6,4,47,1
39,283,914,237,10,11,39,1
40,287,912,154,15,15,29,1
41,349,763,138,27,96,8,1
42,493,654,75,2,70,-18,1
43,313,906,107,-5,37,-38,1
44,73,1250,254,0,7,-30,1
45,65,1056,131,-9,17,-12,1
46,263,917,168,-15,-10,-3,1
47,172,899,186,-10,-34,0,1
48,262,947,184,-14,1,-4,1
49,227,947,177,-3,-39,-10,1
50,173,935,181,-4,-6,-11,1
51,203,941,162,-5,5,-9,1
52,207,935,157,-5,1,-9,1
53,206,943,152,-8,0,-9,1
54,189,939,158,-10,-9,-8,1
55,166,951,182,-11,-9,-3,1
56,161,940,183,-10,0,0,1
57,184,942,168,-8,1,3,1
58,183,935,163,-9,6,5,1
59,193,940,164,-9,8,6,1
60,207,944,165,-8,6,3,1
61,196,941,164,-7,-2,2,1
62,168,942,157,-7,0,3,1
63,184,943,164,-9,7,6,1
64,192,950,166,-8,1,7,1
65,191,941,161,-8,4,8,1
1,289,961,413,-44,-144,0,1
2,24,871,422,-35,-102,10,1
3,317,1101,383,-44,-18,18,1
4,39,1072,401,13,-129,47,1
5,-191,1179,412,23,-119,143,1
6,-117,1473,437,12,-108,246,1
7,-261,1816,178,26,-117,338,1
8,-597,2316,248,-17,-137,427,1
9,-1292,3270,1495,-11,-197,510,1
10,-920,2254,501,-45,-83,506,1
11,-465,1655,1080,-72,-63,329,1
12,-297,557,252,-73,56,153,1
13,-1073,516,-175,-7,-11,-207,1
14,-121,321,-220,-94,177,-426,1
15,-192,587,-106,27,117,-571,1
16,-92,793,-224,-19,209,-657,1
17,213,1232,-201,53,226,-730,1
18,589,1779,100,107,197,-768,1
19,1751,2127,708,81,275,-727,1
20,3411,2530,1317,52,122,-508,1
21,3715,1297,1378,-7,-22,-142,1
22,160,1190,756,6,-266,67,1
23,-233,1239,491,-25,-142,151,1
24,-490,1517,317,21,-190,266,1
25,-477,2050,195,13,-184,381,1
26,-979,2063,304,6,-206,473,1
27,-1337,3403,1257,-123,-219,566,1
28,-1026,2416,1022,-91,-99,552,1
29,-1472,1663,163,66,-224,325,1
30,-855,1360,388,0,74,88,1
31,-595,377,45,42,228,-180,1
32,52,267,119,45,170,-419,1
33,-29,423,75,82,161,-582,1
34,-80,814,87,57,190,-700,1
35,209,1229,82,74,190,-782,1
36,445,1773,468,51,178,-853,1
37,1333,2275,694,16,214,-843,1
38,3263,3070,777,27,89,-649,1
39,3922,1586,831,-37,133,-198,1
40,3095,1162,1236,-37,-32,326,1
41,-1418,3922,-2595,100,-474,259,1
42,3186,956,-554,-91,-32,505,1
43,211,993,607,-321,-65,426,1
44,792,1039,632,-40,-101,288,1
45,379,1003,310,-77,33,189,1
46,256,772,252,-42,-6,121,1
47,565,1031,381,-59,-103,73,1
48,1,976,501,-55,-94,59,1
49,412,1088,701,-34,-113,63,1
50,234,1404,481,-46,-214,65,1
51,16,1543,447,-45,-351,92,1
52,-398,1560,471,-26,-340,190,1
53,-958,1864,666,-2,-350,354,1
54,-1129,2256,792,-46,-440,471,1
55,-1468,2520,519,-9,-164,518,1
56,-688,2320,1154,13,-110,455,1
57,-333,1195,1450,22,95,289,1
58,-882,819,352,131,46,-18,1
59,116,290,1,84,229,-250,1
60,53,257,174,152,116,-472,1
61,-326,452,209,23,265,-607,1
62,256,1237,465,52,342,-728,1
63,682,1434,264,67,31,-829,1
64,1234,1721,453,-11,-137,-903,1
65,1589,2455,374,-90,-138,-792,1
1,-99,888,-217,-75,-73,-47,1
2,-55,878,-83,-87,-80,-53,1
3,52,830,203,-109,-107,-58,1
4,214,718,499,-142,-205,-67,1
5,497,804,543,-189,-341,-76,1
6,452,909,115,37,-62,5,1
7,159,920,42,-32,-5,-10,1
8,496,1011,422,-50,-57,-21,1
9,7,785,418,-6,-113,-16,1
10,-21,928,289,-39,-1,19,1
11,199,1058,419,-36,-87,37,1
12,161,1099,322,-15,-99,67,1
13,-44,1124,358,18,-166,144,1
14,-11,1492,451,21,-179,223,1
15,-120,1849,234,3,-168,304,1
16,-820,2438,335,12,-218,411,1
17,-1682,3312,1083,-12,-258,516,1
18,-1810,3415,494,57,-50,579,1
19,-227,1692,1267,-82,142,428,1
20,-341,783,427,-47,174,228,1
23,1324,175,1166,-70,-390,347,1
24,753,1161,442,-60,-44,271,1
25,447,870,6,-7,-117,214,1
26,463,976,404,-22,-66,106,1
27,115,921,494,-42,0,78,1
28,367,1008,523,-5,-122,42,1
29,244,938,452,-4,-44,19,1
30,341,1083,231,-14,-134,8,1
31,192,1238,304,-31,-199,10,1
32,-158,1142,294,-22,-191,66,1
33,-197,1238,512,30,-163,157,1
34,-620,1463,533,56,-203,275,1
35,-659,1825,233,55,-217,382,1
36,-808,2100,235,7,-240,482,1
37,-2193,3374,1341,-28,-53,530,1
38,-206,2705,1251,-12,-26,516,1
39,-914,1386,808,89,-12,320,1
40,-429,1065,721,96,-10,34,1
41,-152,242,94,93,152,-190,1
42,203,205,167,97,82,-417,1
43,69,258,149,98,41,-576,1
44,-185,561,247,20,118,-674,1
45,157,978,236,-25,182,-749,1
46,411,1602,405,-17,168,-825,1
47,1186,2330,680,-41,142,-846,1
48,2929,3264,809,-15,8,-696,1
49,3532,1480,604,-55,156,-256,1
50,3498,1248,564,-92,166,285,1
51,-1219,3084,-2202,92,-402,283,1
52,2689,1360,931,-147,141,589,1
53,392,790,796,-110,-184,401,1
54,878,1343,549,-29,-129,265,1
55,143,775,210,-62,-18,173,1
56,367,1071,262,-28,-102,103,1
57,388,1010,477,-21,-87,73,1
58,185,1008,397,0,-161,57,1
59,157,1073,278,-1,-95,67,1
60,195,1315,207,0,-150,73,1
61,157,1276,220,3,-114,82,1
62,-239,1154,123,18,-130,140,1
63,-354,1202,56,39,-56,248,1
64,-344,1693,437,32,-39,354,1
65,-808,1951,649,28,-137,457,1
1,205,947,167,4,-5,54,1
2,212,958,178,3,-4,63,1
3,180,983,209,-6,37,72,1
4,196,1106,261,33,-36,87,1
5,11,1087,129,60,-55,136,1
6,98,1393,183,66,-36,199,1
7,-18,1724,118,77,-46,267,1
8,-513,2176,117,98,-45,360,1
9,-1271,2816,536,131,-85,429,1
10,-967,3232,967,195,24,483,1
11,-324,1317,1242,201,544,408,1
12,-445,1576,140,253,286,221,1
13,-383,417,1194,155,376,-14,1
14,274,198,1008,173,198,-270,1
15,91,-251,752,212,-66,-511,1
16,-6,-16,220,39,-77,-679,1
17,-213,579,253,-12,5,-785,1
18,27,1002,50,-69,353,-747,1
19,1101,1886,715,-39,852,-681,1
20,3922,3148,1708,34,483,-489,1
21,3352,751,2445,58,-136,-190,1
22,305,1145,599,-56,-107,-15,1
23,257,1270,416,-46,-197,-17,1
24,-39,1205,323,-12,-196,15,1
25,-392,1214,408,3,-177,113,1
26,-468,1329,377,-7,-166,234,1
27,-623,1633,232,-11,-135,370,1
28,-742,2050,242,-26,-180,477,1
29,-1535,2682,563,-92,-147,512,1
30,14,2690,631,-45,-33,521,1
31,-1113,1412,-7,94,-237,271,1
32,-556,1319,279,18,29,86,1
33,-316,348,-44,120,86,-158,1
34,251,188,75,64,167,-359,1
35,123,379,227,131,125,-520,1
36,-19,539,194,80,154,-623,1
37,254,836,201,52,184,-715,1
38,303,1377,331,37,145,-765,1
39,1345,1617,671,12,271,-776,1
40,2878,2947,901,46,115,-654,1
41,3828,989,1257,-12,72,-262,1
42,3631,1293,506,-99,56,193,1
43,-785,2495,590,-159,-229,356,1
44,2217,227,844,-106,-36,340,1
45,671,1559,461,-18,-90,277,1
46,622,1123,224,22,-212,188,1
47,168,950,185,-61,-53,101,1
48,180,1014,343,0,-139,53,1
49,299,1063,363,11,-112,20,1
50,1,1040,320,5,-138,29,1
51,174,1216,301,-14,-131,40,1
52,-182,1077,196,26,-136,85,1
53,-209,1276,211,21,-85,164,1
54,-245,1278,89,41,-123,232,1
55,-440,1490,157,41,-26,332,1
56,-577,1619,397,58,-74,419,1
57,-741,2166,672,10,-190,520,1
58,-1410,3221,911,67,45,517,1
59,-153,2219,1157,22,-152,453,1
60,-319,1040,736,71,-15,282,1
61,-166,965,576,135,4,28,1
62,-115,182,233,164,221,-172,1
63,417,62,327,113,260,-369,1
64,87,253,486,170,197,-515,1
65,-31,393,504,109,241,-618,1
1,539,1118,351,-24,-162,-14,1
2,-621,891,495,16,-147,62,1
3,-76,1278,418,40,-68,191,1
4,45,1624,148,38,-93,271,1
5,-353,1968,-169,66,-108,342,1
6,-1128,2466,155,45,-118,430,1
7,-961,2728,1207,25,28,522,1
8,-550,1656,730,2,59,476,1
9,-401,1390,968,10,-74,304,1
10,-144,543,705,39,114,147,1
11,-1016,507,331,55,9,-142,1
12,53,219,-25,4,217,-320,1
13,-16,606,295,64,35,-486,1
14,-193,427,221,19,106,-590,1
15,37,1013,365,-33,215,-673,1
16,361,1606,325,-11,163,-759,1
17,1244,2072,497,-51,198,-757,1
18,2812,2632,756,-19,14,-624,1
19,3878,1194,422,-53,107,-190,1
20,3648,872,485,-91,152,266,1
21,-1248,2946,-1010,-15,-240,311,1
22,-341,1321,149,68,-138,238,1
23,-486,1717,64,68,-86,338,1
24,-826,1824,176,61,-81,425,1
25,-957,2438,673,16,-150,525,1
26,-1544,2896,520,69,157,546,1
27,-599,2154,1133,69,-122,443,1
28,196,1235,631,-62,176,299,1
29,-641,563,213,140,-10,-33,1
30,15,31,49,53,201,-242,1
31,242,341,261,65,75,-440,1
32,53,246,126,118,79,-581,1
33,-5,518,177,16,138,-672,1
34,199,706,96,19,116,-747,1
35,230,1249,229,-53,163,-850,1
36,969,2479,643,-14,243,-898,1
37,2729,3725,1077,-2,178,-758,1
38,3922,1414,596,-95,185,-214,1
39,2587,1239,669,-91,113,528,1
40,-1862,2155,-820,135,-526,117,1
41,1387,1794,1855,-263,199,579,1
42,643,1326,1109,-45,-136,415,1
43,643,1079,541,41,-133,281,1
44,237,991,-51,-5,-96,144,1
45,319,1048,-31,-15,-121,64,1
46,201,940,350,-15,-75,23,1
47,275,1070,332,16,-164,-5,1
48,16,1045,102,5,-143,-14,1
49,267,1064,323,2,-270,-19,1
50,-1095,720,409,24,-50,131,1
51,411,1665,203,24,-33,199,1
52,-473,1176,-17,89,-93,236,1
53,-416,1650,-42,68,13,349,1
54,-724,1936,26,65,-16,446,1
55,-897,2341,473,64,-224,507,1
56,-1683,3520,1647,93,22,528,1
57,199,2364,1010,38,17,500,1
58,-307,1429,701,136,45,293,1
59,-22,789,845,326,59,11,1
60,-96,-82,514,331,275,-187,1
61,272,42,740,231,284,-400,1
62,33,132,1199,340,235,-531,1
63,100,93,1125,213,295,-626,1
64,284,629,1348,113,271,-736,1
65,617,976,1133,53,119,-809,1
1,383,889,644,-74,45,242,1
2,541,1164,234,-50,10,166,1
3,454,948,276,-19,14,97,1
4,340,970,215,9,-35,54,1
5,407,1029,183,-2,-17,29,1
6,254,1072,239,12,-60,20,1
7,172,1019,115,-5,-51,29,1
8,152,913,168,-2,-46,56,1
9,173,908,225,-20,-42,94,1
10,94,986,254,-11,-60,139,1
11,-10,1099,236,-17,-42,210,1
12,113,1431,163,2,-53,277,1
13,-115,1885,325,51,-19,347,1
14,354,1777,428,21,-6,353,1
15,308,1150,507,3,-50,281,1
16,402,745,337,13,-57,184,1
17,935,884,1122,65,516,-1,1
18,1701,1077,1281,7,362,149,1
19,-406,597,1596,-30,-299,69,1
20,768,1670,-365,0,124,50,1
21,-182,964,-232,-16,-177,-6,1
22,208,955,193,-34,9,-9,1
23,196,959,181,-30,-8,-22,1
24,104,946,210,-29,-8,-24,1
25,41,921,214,-28,4,-9,1
26,69,921,221,-26,20,9,1
27,130,953,229,-26,37,17,1
28,155,953,209,-21,21,12,1
29,154,925,211,-21,30,8,1
30,141,930,219,-20,24,7,1
31,135,942,230,-20,21,8,1
32,143,949,226,-17,10,7,1
33,134,939,225,-18,10,7,1
34,135,936,232,-18,7,8,1
35,141,934,239,-17,11,8,1
36,142,927,242,-16,11,8,1
37,146,930,232,-15,11,8,1
38,149,935,236,-16,13,7,1
39,143,933,243,-15,11,7,1
40,156,931,242,-15,6,5,1
41,158,945,249,-14,5,3,1
42,144,936,246,-13,1,1,1
43,143,933,248,-13,1,1,1
44,141,930,245,-13,1,1,1
45,140,928,246,-13,2,2,1
46,139,926,243,-13,6,3,1
47,143,926,242,-15,6,3,1
48,143,929,244,-16,10,4,1
49,141,934,246,-17,6,3,1
50,143,925,258,-18,10,4,1
51,141,927,262,-17,3,3,1
52,151,932,261,-18,8,4,1
53,135,929,273,-15,9,3,1
54,152,940,258,-14,6,2,1
55,139,928,269,-13,6,2,1
56,144,931,277,-12,3,1,1
57,142,922,276,-10,2,1,1
58,138,926,271,-10,2,1,1
59,140,928,275,-9,3,1,1
60,135,925,269,-8,2,1,1
61,134,928,268,-8,5,2,1
62,137,928,272,-7,4,2,1
63,138,930,266,-7,4,3,1
64,140,927,258,-8,5,3,1
65,140,930,266,-8,5,2,1
1,845,505,538,-10,155,18,1
2,39,82,321,75,-155,77,1
3,-113,-106,191,-4,-137,74,1
4,-57,-18,-161,-48,7,75,1
5,39,-10,-24,-52,22,81,1
6,392,622,-181,-78,-134,105,1
7,-234,1944,365,-127,-140,136,1
8,818,3922,-99,-25,235,181,1
9,895,844,1211,84,-58,41,1
10,1556,153,-581,-51,21,-109,1
11,597,1922,-24,86,-49,-171,1
12,398,1581,-105,25,-91,-232,1
13,225,588,-434,26,316,-221,1
14,480,215,405,52,-53,-130,1
15,952,622,681,-18,0,2,1
18,-354,-42,-180,-31,16,-28,1
19,189,219,67,-48,63,-14,1
20,3343,0,2024,-130,253,95,1
21,-1646,1470,1125,3,-618,131,1
22,201,919,179,-9,32,-20,1
23,217,971,295,-15,32,3,1
24,345,938,165,-19,19,10,1
25,311,906,228,-26,22,13,1
26,440,978,213,-25,12,0,1
27,353,909,252,-17,2,-15,1
28,386,937,231,-11,6,-29,1
29,315,910,230,-7,-2,-37,1
30,284,905,232,-6,0,-37,1
31,246,909,230,-5,3,-32,1
32,234,913,225,-6,5,-23,1
33,223,921,226,-8,7,-14,1
34,219,930,238,-8,3,-4,1
35,224,912,224,-9,11,4,1
36,251,918,225,-9,5,9,1
37,258,919,225,-9,8,12,1
38,284,921,225,-9,9,10,1
39,290,926,228,-9,6,6,1
40,293,919,225,-9,4,0,1
41,303,928,223,-8,4,-7,1
42,288,920,232,-7,0,-14,1
43,274,924,221,-6,-1,-20,1
44,270,926,213,-6,2,-26,1
45,263,923,229,-6,2,-32,1
46,235,920,229,-4,49,-41,1
47,259,911,174,-1,47,-46,1
48,214,938,208,2,13,-50,1
49,155,918,202,-3,9,-46,1
50,88,904,153,-6,-1,-34,1
51,59,916,149,-25,6,-18,1
52,166,925,213,-39,35,-10,1
53,270,987,305,-23,-12,-24,1
54,177,948,239,-10,-61,-40,1
55,90,949,282,-15,-37,-40,1
56,188,977,332,2,-41,-46,1
57,3,921,311,24,-79,-36,1
58,-136,914,281,31,-48,0,1
59,-142,932,217,38,-29,55,1
60,-135,903,164,28,14,121,1
61,-185,1032,282,17,68,196,1
62,41,1270,296,15,57,254,1
63,146,1735,254,19,-23,281,1
64,-180,2080,245,39,-45,291,1
65,225,1372,-78,22,110,195,1
1,450,1790,-611,82,-249,82,1
2,611,2074,272,-1,175,89,1
3,185,1135,510,102,-63,39,1
4,256,1728,490,68,-107,7,1
5,-411,1311,768,60,9,-6,1
6,535,570,1607,-15,-239,21,1
7,173,-5,1165,-94,-439,18,1
8,871,388,330,-256,-108,62,1
9,797,388,-82,-200,176,83,1
10,678,309,-714,-66,130,51,1
11,182,-19,-991,21,36,34,1
12,114,-675,-2177,53,-164,-6,1
13,862,2740,-1235,143,82,89,1
14,357,1632,446,106,161,-23,1
15,59,2524,-95,102,-9,-10,1
16,475,1869,262,76,-32,-16,1
17,-116,1847,817,79,4,-34,1
18,-91,1314,743,78,-199,-10,1
19,782,179,1492,-18,-300,9,1
20,530,-182,1169,-92,-415,13,1
21,513,920,266,98,26,54,1
22,299,922,-346,-65,-241,7,1
23,243,1043,-387,-74,-130,42,1
24,398,1120,-483,-72,-70,78,1
25,114,1195,-509,-46,-42,105,1
26,309,1057,-397,-29,-25,107,1
27,270,862,-381,-5,-65,78,1
28,326,723,-343,-3,-45,56,1
29,328,578,-266,-2,-1,40,1
30,379,451,-120,-12,53,28,1
31,421,351,125,-35,78,15,1
32,135,179,307,-41,93,-7,1
33,1623,-592,780,-14,272,-70,1
34,476,2031,-612,6,-578,-31,1
35,320,1246,-558,-208,300,-129,1
36,-163,2119,388,-8,34,-78,1
37,461,2269,483,-74,54,-22,1
38,-260,2041,114,-89,-32,14,1
39,-122,1426,-529,-76,-92,47,1
40,916,230,-264,-101,-93,109,1
41,114,99,-857,-54,-180,57,1
42,68,255,-1138,61,-278,-47,1
43,120,294,-574,130,-5,-118,1
44,994,152,454,157,282,-130,1
45,1406,423,1393,126,139,-98,1
46,2614,-282,2601,-50,291,11,1
47,-1070,998,2628,-49,145,-31,1
48,340,3474,-912,-66,-199,-30,1
49,528,2333,-78,-106,158,64,1
50,-549,2350,441,-122,-135,87,1
51,469,1152,-812,-132,-51,92,1
52,485,326,-711,-62,-159,143,1
53,772,241,-918,-80,-112,69,1
54,786,38,-794,112,-210,7,1
55,704,-736,-252,212,-34,-31,1
56,975,-362,425,137,174,-36,1
57,502,-113,756,176,62,-57,1
58,2803,-659,2883,43,595,-29,1
59,-107,2562,3076,8,-69,-32,1
60,127,3368,-146,-46,-16,-105,1
61,283,2389,96,-29,198,-41,1
62,-405,2339,209,-87,-34,2,1
63,296,1755,-1194,-101,85,55,1
64,807,364,-796,-83,44,123,1
65,753,98,-759,-58,1,104,1
1,34,1110,206,17,-60,130,1
2,-116,1183,218,26,-20,200,1
3,-80,1452,128,34,7,276,1
4,-312,1734,295,49,-51,339,1
5,-776,2294,708,51,-121,395,1
6,-227,2309,747,71,-40,439,1
7,120,1348,636,17,50,372,1
8,-180,1141,827,55,-64,236,1
9,186,562,677,0,87,95,1
10,-147,301,285,95,-18,-92,1
11,-137,-22,-57,69,152,-225,1
12,202,148,207,-31,182,-347,1
13,125,196,350,71,118,-443,1
14,23,257,277,-25,204,-512,1
15,188,918,522,-49,278,-585,1
16,502,1323,599,-23,182,-670,1
17,1156,1797,730,-67,144,-701,1
18,1951,2775,745,-46,-80,-634,1
19,2363,1585,481,-53,-66,-347,1
20,2599,1376,-372,-54,-49,98,1
21,-2783,2493,-1581,161,-936,78,1
22,162,1023,203,11,-71,66,1
23,92,1013,160,8,-69,83,1
24,-30,1052,172,3,-33,128,1
25,-81,1208,206,2,-15,190,1
26,-94,1382,165,3,11,270,1
27,-282,1700,211,6,-47,352,1
28,-585,2024,65,13,-129,419,1
29,-234,2543,256,47,-9,442,1
30,53,1737,773,48,-35,390,1
31,-293,1466,1013,125,-97,299,1
32,188,580,995,119,192,155,1
33,-342,293,399,301,26,-70,1
34,-80,74,462,308,259,-176,1
35,192,253,757,286,258,-278,1
36,34,308,980,346,219,-375,1
37,39,373,1112,251,282,-450,1
38,202,646,1313,197,248,-533,1
39,353,888,1271,98,197,-617,1
40,648,1430,1295,-33,207,-666,1
41,1178,2059,1468,-173,187,-665,1
42,1702,2405,-27,-91,-104,-525,1
43,2603,1160,796,-96,38,-190,1
44,1152,1987,-1544,-47,326,301,1
45,282,950,889,-123,226,259,1
46,1015,2277,583,5,-145,474,1
47,239,-143,251,30,412,312,1
48,417,1522,-263,71,-281,197,1
49,-20,784,228,-25,40,120,1
50,548,1114,304,3,-64,80,1
51,13,882,77,13,-109,47,1
52,280,991,69,6,-39,41,1
53,71,915,153,21,-99,34,1
54,191,979,61,13,-41,37,1
55,140,999,60,16,-38,38,1
56,69,1005,108,25,-40,50,1
57,-76,940,115,35,-15,92,1
58,-31,1146,63,44,36,149,1
59,-154,1194,0,67,45,210,1
60,-190,1536,53,82,80,284,1
61,-534,1842,164,102,38,360,1
62,-729,2597,564,166,33,411,1
63,-522,2243,893,198,205,406,1
64,170,1431,1096,151,383,407,1
65,-72,863,402,208,241,198,1
1,116,694,560,-23,218,-571,1
2,440,1178,549,24,179,-637,1
3,1082,1590,585,-33,245,-658,1
4,2045,2389,839,-27,91,-591,1
5,2442,1532,781,-71,56,-346,1
6,2940,1586,151,-73,67,33,1
7,-1091,3062,-1265,152,-599,160,1
8,-88,852,178,-185,451,415,1
9,1003,568,447,-57,-81,232,1
10,415,1185,63,-26,1,202,1
11,217,1051,117,8,-206,147,1
12,34,891,320,-36,6,117,1
13,406,1018,244,-16,-47,76,1
14,183,951,194,14,-181,40,1
15,16,958,129,-7,-79,50,1
16,238,1590,1070,8,25,392,1
17,-638,906,-42,88,-169,177,1
18,-151,823,593,0,201,79,1
19,-360,290,191,100,37,-116,1
20,65,143,132,38,282,-236,1
21,308,321,393,42,204,-363,1
22,1274,541,215,-56,-45,292,1
23,754,1284,207,0,-20,270,1
24,225,1049,11,24,-254,161,1
25,239,858,325,-29,32,109,1
26,281,997,354,-12,-94,72,1
27,226,984,292,11,-165,36,1
28,151,983,221,-3,-78,30,1
29,207,997,306,-1,-117,30,1
30,70,984,255,-7,-67,41,1
31,31,951,224,3,-66,73,1
32,114,1062,273,-3,-16,109,1
33,106,1142,218,9,-46,133,1
34,-47,1096,215,18,-34,184,1
35,-78,1346,228,28,-4,250,1
36,-92,1424,186,37,-8,310,1
37,-435,1744,579,49,-100,360,1
38,-374,2268,859,42,-147,424,1
39,-311,1788,250,11,53,399,1
40,70,1579,808,-15,-127,340,1
41,-302,809,-55,46,-169,142,1
42,95,567,476,-70,45,15,1
43,-262,145,-68,100,-35,-137,1
44,-27,50,-41,-35,231,-248,1
45,225,338,355,-19,209,-355,1
46,137,216,235,61,167,-440,1
47,70,471,291,-45,222,-519,1
48,348,957,397,10,159,-611,1
49,555,1386,493,-28,51,-689,1
50,1070,1912,571,-88,45,-698,1
51,1796,2610,432,-103,-44,-594,1
52,2177,1613,165,-90,105,-297,1
53,2355,1204,-150,-59,111,146,1
54,-1976,2635,-1061,173,-603,120,1
55,-424,1198,-25,-180,632,447,1
56,685,1004,74,-2,-179,337,1
57,507,865,-92,-48,147,292,1
58,265,1121,122,34,-262,191,1
59,152,829,365,-13,14,130,1
60,385,1008,306,-2,-54,91,1
61,221,981,312,13,-145,51,1
62,193,970,229,2,-73,45,1
63,171,974,308,3,-104,45,1
64,171,982,248,0,-57,54,1
65,114,949,233,5,-56,71,1
1,55,1194,283,-4,-44,203,1
2,65,1309,300,3,-54,257,1
3,23,1456,215,-14,-62,304,1
4,-331,2021,416,-17,-126,344,1
5,-331,2237,807,10,-185,397,1
6,-151,1709,183,-74,-68,378,1
7,128,1601,635,-86,-247,316,1
8,-588,845,-119,-36,-294,132,1
9,-97,611,396,-162,-44,16,1
10,-510,301,-246,-8,-77,-165,1
11,-126,380,-181,-136,205,-300,1
12,108,598,15,-33,150,-431,1
13,-40,617,-71,-37,104,-521,1
14,24,940,-57,-32,153,-599,1
15,120,1254,-60,-7,123,-670,1
16,231,1854,221,3,187,-736,1
17,749,2107,633,21,265,-713,1
18,2173,2564,961,21,176,-611,1
19,3242,1302,797,-59,107,-291,1
20,2671,1055,547,-15,-35,212,1
21,-2738,1876,735,89,-833,208,1
22,0,901,382,-11,-91,79,1
23,47,1102,302,1,-75,121,1
24,25,1186,336,15,-100,159,1
25,-82,1237,224,25,-81,216,1
26,-48,1475,188,31,-55,276,1
27,-167,1489,155,43,-27,328,1
28,-493,1847,446,37,-140,358,1
29,-690,2160,861,27,-104,447,1
30,-330,2027,383,-28,29,481,1
31,-482,1717,981,-4,-211,360,1
32,-64,742,664,-49,-58,205,1
33,-225,687,506,-8,-96,-20,1
34,-249,38,-127,23,-6,-178,1
35,62,261,20,-118,181,-322,1
36,125,406,141,10,139,-431,1
37,2,443,45,-38,206,-513,1
38,113,846,157,-17,241,-598,1
39,218,1112,158,6,184,-684,1
40,372,1751,497,-2,224,-773,1
41,1001,2635,779,8,202,-784,1
42,2284,2769,974,-1,74,-668,1
43,3922,1547,90,-104,22,-160,1
44,1944,1131,747,-81,194,500,1
45,-2323,1347,-607,145,-768,98,1
46,1206,1657,1889,-364,544,367,1
47,1302,1198,49,-49,-252,338,1
48,237,396,258,-46,121,249,1
49,735,1361,80,37,-238,149,1
50,-30,785,334,-45,-109,84,1
51,120,1020,402,-40,-97,63,1
52,262,985,531,-13,-184,36,1
53,-103,951,290,-24,-134,42,1
54,256,1034,389,-27,-103,48,1
55,28,891,372,-17,-106,63,1
56,71,956,300,-11,-80,97,1
57,169,1177,230,-16,-51,117,1
58,12,1101,298,1,-74,143,1
59,-67,1132,327,7,-49,202,1
60,-37,1314,332,11,-51,262,1
61,-183,1352,200,20,-69,318,1
62,-244,1851,296,12,-148,349,1
63,-611,2176,867,18,-198,422,1
64,-129,1749,169,-31,63,405,1
65,-151,1675,750,-15,-254,317,1
1,135,850,255,-8,251,-610,1
2,445,1246,198,44,68,-697,1
3,623,1605,551,-2,-11,-760,1
4,1208,2167,742,-75,-25,-754,1
5,1807,2620,80,-56,-133,-607,1
6,3253,1502,415,-55,1,-242,1
7,1868,1284,451,-43,6,277,1
8,-2600,2250,-624,179,-1045,24,1
9,474,1431,1135,-328,723,486,1
10,1139,538,249,-70,-12,276,1
11,728,1063,45,-26,79,263,1
12,398,1038,204,29,-235,169,1
13,59,868,382,-27,-41,112,1
14,254,961,388,-52,-32,87,1
15,71,1719,771,-100,-273,336,1
16,-8,2251,1264,-80,-532,334,1
17,-559,1485,554,-120,-380,284,1
18,421,1436,818,-182,-383,248,1
19,-228,632,-218,-110,-510,42,1
20,-254,399,119,-203,-259,-63,1
21,-468,281,-453,-162,82,-146,1
22,-1803,2730,-908,225,-442,181,1
23,1850,1092,488,-58,307,370,1
24,1038,890,534,-24,-265,259,1
25,220,956,644,-16,-131,113,1
26,550,957,452,-7,-12,37,1
27,289,822,444,-1,-49,-13,1
28,107,860,365,-16,-72,-21,1
29,203,846,579,-25,-64,-29,1
30,-32,857,638,7,-75,-14,1
31,110,904,553,6,-22,3,1
32,120,908,498,-2,-54,14,1
33,93,917,548,-33,-99,31,1
34,112,869,666,-57,-139,43,1
35,122,814,809,-94,-220,56,1
36,167,737,834,-130,-330,67,1
37,112,927,752,-162,-360,97,1
38,57,1181,630,-190,-436,138,1
39,20,1831,549,-262,-549,167,1
40,-369,2131,410,-234,-599,169,1
41,120,1567,255,-296,-525,128,1
42,58,1318,215,-304,-590,64,1
43,-7,716,-343,-314,-563,-54,1
44,-735,953,-580,-310,-381,-121,1
45,-564,924,-575,-369,57,-182,1
46,-51,1186,-430,-295,27,-314,1
47,-230,1236,-496,-221,-15,-415,1
48,-8,1242,-553,-145,-47,-497,1
49,44,1183,-345,-111,-56,-553,1
50,-28,1285,-158,-82,-24,-593,1
51,198,1577,-186,-64,111,-598,1
52,1203,1918,231,-14,268,-510,1
53,1938,1646,434,23,202,-342,1
54,2152,1028,681,18,155,-100,1
55,2612,895,596,-35,117,184,1
56,-1436,2245,-1014,180,-587,92,1
57,279,1013,941,-183,574,335,1
58,1205,1238,363,-31,-259,214,1
59,142,975,373,-41,-127,141,1
62,61,875,324,8,-37,60,1
63,285,942,305,1,-44,49,1
64,183,907,334,6,-96,41,1
65,136,925,358,6,-56,53,1
1,44,1167,89,41,-5,174,1
2,-43,1338,70,43,33,233,1
3,-58,1798,360,69,-2,278,1
4,-438,1808,625,100,-44,304,1
5,342,1575,501,95,75,324,1
6,75,1174,478,91,68,300,1
7,270,749,373,55,166,237,1
8,130,544,163,53,96,123,1
9,100,322,145,61,109,9,1
10,-150,101,105,73,131,-98,1
11,261,149,126,-7,240,-191,1
12,249,282,184,59,128,-281,1
13,101,251,106,26,131,-373,1
14,156,585,209,13,132,-459,1
15,328,958,281,1,69,-548,1
16,389,1454,401,-33,10,-629,1
17,498,1930,781,-109,33,-631,1
18,3784,3694,-893,-126,482,-325,1
19,3356,609,2042,-56,116,20,1
20,-124,1837,-887,96,-620,107,1
21,-1013,109,156,80,-60,148,1
24,127,1071,159,33,-17,115,1
25,62,1140,138,40,-9,148,1
26,-30,1218,114,54,15,199,1
27,-70,1504,200,59,25,262,1
28,-269,1908,427,84,-6,316,1
29,-407,1784,544,105,-32,321,1
30,418,1408,339,95,113,315,1
31,269,1005,480,60,147,274,1
32,246,436,85,80,43,144,1
33,234,359,301,39,168,67,1
34,22,75,172,98,145,-27,1
35,43,14,131,36,256,-123,1
36,325,158,239,9,230,-221,1
37,219,200,206,65,128,-315,1
38,97,321,212,14,122,-406,1
39,229,678,334,7,125,-491,1
40,290,1132,464,-14,80,-571,1
41,392,1723,622,-58,127,-610,1
42,1074,2544,732,-102,116,-569,1
43,3299,2229,21,-135,289,-195,1
44,1034,1139,182,-55,109,119,1
45,-412,997,74,-14,-106,104,1
46,207,1279,536,-78,46,151,1
47,48,746,425,1,-96,110,1
48,-61,910,140,-28,52,112,1
49,82,1072,155,-13,-53,100,1
50,-50,882,254,-12,35,88,1
51,152,1048,406,1,-18,75,1
52,-11,911,223,17,-14,63,1
53,99,984,227,14,-8,58,1
54,56,928,222,15,-12,56,1
55,50,937,203,17,-17,61,1
56,64,940,192,15,-16,72,1
57,67,940,191,16,-7,86,1
58,45,971,226,18,-5,105,1
59,101,989,224,20,-1,126,1
60,95,1037,209,26,0,151,1
61,33,1167,151,41,17,188,1
62,-42,1475,332,63,17,243,1
63,-107,1854,302,79,27,285,1
64,-285,1678,234,86,0,315,1
65,95,1448,259,114,-33,278,1
1,188,1260,301,31,-17,220,1
2,180,1540,324,32,-89,237,1
3,-163,1623,100,19,-71,285,1
4,-220,1983,-17,35,-134,327,1
5,-262,1656,443,37,-150,307,1
6,584,1200,281,-12,110,269,1
7,686,894,456,-56,36,260,1
8,116,274,143,27,-134,112,1
9,257,134,56,-42,-44,12,1
10,11,111,27,46,-43,-77,1
11,34,25,-207,21,59,-160,1
12,197,215,-53,15,88,-236,1
13,83,215,11,54,85,-306,1
14,116,376,81,11,158,-368,1
15,274,646,128,28,123,-436,1
16,502,882,40,22,108,-470,1
17,1091,1216,388,0,124,-459,1
18,1246,1295,403,-50,147,-389,1
19,3922,3922,2890,-595,1332,74,1
20,-948,264,-1166,446,-1327,148,1
21,-1277,113,-909,-461,808,254,1
22,318,957,168,23,-29,57,1
23,263,1023,196,25,-33,74,1
24,212,1077,141,26,-43,101,1
25,34,1138,101,25,-44,158,1
26,-56,1311,34,23,-42,239,1
27,-158,1956,216,71,-63,315,1
28,-55,1979,417,77,-81,289,1
29,131,1494,864,64,125,302,1
30,506,1210,573,25,140,313,1
31,128,633,380,151,-105,165,1
32,114,354,521,50,115,78,1
33,11,257,216,169,70,-60,1
34,22,247,150,139,233,-149,1
35,308,400,226,160,229,-230,1
36,101,331,276,176,189,-327,1
37,132,441,343,149,243,-396,1
38,146,735,429,144,239,-468,1
39,293,1114,497,121,285,-526,1
40,571,1456,702,85,383,-532,1
41,962,1683,1088,48,438,-471,1
42,1699,1710,914,-58,463,-312,1
43,2980,1247,842,-114,174,-68,1
44,479,2114,2365,13,-420,152,1
45,-738,150,618,-51,-5,248,1
46,969,1345,258,-118,259,262,1
47,-61,1047,285,37,-174,153,1
48,432,1118,183,-8,39,113,1
49,302,1009,76,35,-78,56,1
50,280,1045,-70,26,-26,25,1
51,139,1025,1,38,-49,12,1
52,130,956,19,37,-18,13,1
53,113,914,17,43,-6,24,1
54,143,905,62,48,19,39,1
55,132,973,-5,55,6,48,1
56,-13,1011,-68,69,50,72,1
57,-43,1119,-47,78,82,118,1
58,-106,1270,23,98,97,170,1
59,-391,1466,83,124,94,238,1
60,-629,2094,473,173,175,301,1
61,39,1725,757,233,278,328,1
62,-134,1520,728,239,376,316,1
63,376,1238,683,228,505,293,1
64,338,1068,911,207,607,223,1
65,226,670,1005,275,433,118,1
1,13,947,319,-13,-70,100,1
2,209,1052,259,-13,-82,77,1
3,136,967,237,-11,-70,65,1
4,118,968,274,1,-82,64,1
5,113,971,191,-3,-52,71,1
6,113,1778,741,-21,-29,325,1
7,338,1333,361,-13,66,317,1
8,112,806,499,91,-134,170,1
9,245,456,187,-2,42,77,1
10,88,233,-30,89,-63,-56,1
11,-132,-10,-21,88,65,-172,1
12,171,101,0,-45,257,-256,1
13,115,321,251,34,204,-332,1
14,129,216,147,28,252,-410,1
15,183,706,407,13,254,-492,1
16,436,972,281,39,126,-575,1
17,705,1375,497,13,61,-633,1
18,1511,1863,738,-50,99,-595,1
19,1790,2302,432,-71,35,-426,1
20,2402,1543,539,-50,116,-93,1
21,-950,2674,-1365,104,-372,119,1
22,70,964,227,6,-42,88,1
23,184,1021,199,4,-47,94,1
24,166,983,185,3,-46,97,1
25,141,1024,225,6,-42,109,1
26,100,1058,201,6,-50,130,1
27,31,1104,156,2,-26,172,1
28,6,1220,118,9,-14,225,1
29,-83,1393,241,18,-19,288,1
30,-440,1889,485,55,-97,341,1
31,-277,1853,318,59,-162,337,1
32,109,1673,832,-10,46,347,1
33,454,1272,345,-50,88,323,1
34,71,772,484,111,-213,159,1
35,254,344,180,-24,-3,89,1
36,0,317,46,78,-74,-44,1
37,-92,7,-121,78,57,-163,1
38,186,165,-119,-32,239,-251,1
39,174,300,73,71,167,-338,1
40,23,288,53,38,228,-414,1
41,194,700,191,59,287,-490,1
42,408,1171,141,106,201,-559,1
43,520,1604,404,103,185,-601,1
44,1446,1943,858,58,276,-549,1
45,1273,1820,964,-31,271,-377,1
46,2582,1307,709,-84,203,-121,1
47,-270,1722,1056,-40,-98,194,1
48,-1162,971,-209,-55,290,351,1
49,1340,1011,-264,-102,200,296,1
50,255,930,230,26,-127,171,1
51,197,1035,304,-47,16,128,1
52,247,1048,192,-16,-73,75,1
53,158,1015,182,-21,-44,47,1
54,189,997,196,-5,-82,22,1
55,125,966,83,0,-78,9,1
56,108,925,119,0,-46,9,1
57,126,907,161,5,-28,12,1
58,117,876,132,9,-15,17,1
59,152,920,106,11,0,21,1
60,173,956,111,13,-3,17,1
61,145,972,120,16,-7,14,1
62,127,999,137,19,-3,15,1
63,121,986,89,24,-12,18,1
64,-15,956,71,30,10,43,1
65,63,1024,98,37,27,74,1
1,48,1160,94,27,-14,190,1
2,48,1384,37,29,19,248,1
3,-104,1812,186,72,-12,295,1
4,-459,1848,285,75,-53,330,1
5,-409,1536,333,81,-67,321,1
6,411,1243,641,49,191,331,1
7,503,1168,541,-21,243,300,1
8,250,715,167,142,-117,169,1
9,130,428,161,19,106,102,1
10,16,245,119,83,77,-4,1
11,-14,87,148,73,157,-95,1
12,189,124,183,26,248,-182,1
13,289,201,279,52,187,-267,1
14,58,243,223,60,147,-357,1
15,129,472,321,14,156,-443,1
16,304,819,412,11,85,-530,1
17,460,1134,528,-26,83,-594,1
18,900,1590,593,-65,129,-588,1
19,2767,3591,-395,-46,367,-349,1
20,3832,1806,1404,66,87,205,1
21,-1582,319,1048,195,-1042,199,1
22,243,959,234,1,-48,53,1
23,222,998,212,2,-52,63,1
24,139,1017,221,3,-57,88,1
25,32,1000,197,-1,-54,140,1
26,-44,1196,251,0,-35,213,1
27,-164,1437,300,9,-52,285,1
28,-257,2125,402,21,-170,304,1
29,71,1505,333,-21,-174,330,1
30,182,1478,656,-86,-34,311,1
31,308,1120,525,-64,-43,243,1
32,253,522,222,60,-273,100,1
33,263,428,-56,-88,-34,10,1
34,70,329,-136,34,-202,-71,1
35,-278,109,-231,2,-19,-178,1
36,39,206,-184,-104,252,-250,1
37,322,407,-60,-14,227,-327,1
38,81,409,-46,-1,204,-416,1
39,269,610,118,8,219,-502,1
40,608,1047,250,18,126,-573,1
41,907,1453,497,18,89,-604,1
42,1498,2260,732,-20,11,-533,1
43,3922,2372,432,-158,518,-130,1
44,-553,1953,513,308,-768,70,1
45,-1551,185,-177,-61,370,252,1
46,615,1014,390,-251,525,187,1
47,492,1301,-315,124,-482,79,1
48,-378,835,355,-84,24,45,1
49,109,980,382,-35,-27,64,1
50,123,998,291,-17,-74,43,1
51,-5,949,275,-6,-83,40,1
52,41,944,338,-9,-55,49,1
53,-39,906,338,5,-73,65,1
54,36,962,292,2,-52,80,1
55,120,965,234,-1,-44,92,1
56,173,963,245,-1,-38,96,1
57,211,989,259,-1,-49,93,1
58,131,1006,252,0,-57,100,1
59,116,1050,206,-2,-58,121,1
60,39,1088,176,-4,-37,168,1
61,12,1228,151,-1,-14,230,1
62,-66,1528,201,4,-47,288,1
63,-586,2070,312,25,-107,345,1
64,-376,1900,183,13,-140,343,1
65,110,1614,978,-60,62,352,1
1,166,926,434,-45,-23,10,1
2,-65,1319,183,-23,-51,256,1
3,-101,1643,107,-40,-54,327,1
4,-399,2332,298,-17,-159,348,1
5,-172,2068,637,-71,-97,387,1
6,121,1365,149,-106,40,319,1
7,149,1366,795,-69,-72,265,1
8,299,302,363,-19,-141,168,1
9,-156,463,110,13,-35,-24,1
10,-107,85,-312,39,50,-154,1
11,174,208,-191,33,124,-251,1
12,125,86,-62,69,65,-353,1
13,65,207,-17,48,120,-427,1
14,232,524,-30,67,96,-514,1
15,327,798,45,83,10,-602,1
16,632,1143,206,54,41,-640,1
17,1110,1702,563,24,35,-644,1
18,2153,2254,545,-26,54,-498,1
19,3316,1787,1214,-76,158,-174,1
20,-503,2691,275,268,-895,70,1
21,-2072,834,-1163,-252,392,447,1
22,93,1062,172,22,-44,109,1
23,79,1122,162,24,-38,143,1
24,-60,1154,112,33,-46,187,1
25,-113,1425,73,45,-19,266,1
26,-622,1874,282,87,-107,323,1
27,-776,2237,486,110,-72,371,1
28,-75,1926,1081,28,178,397,1
29,156,1312,620,45,239,408,1
30,142,777,486,147,59,218,1
31,113,552,332,68,196,105,1
32,82,173,254,195,43,0,1
33,-37,-39,225,189,97,-131,1
34,230,-16,270,69,250,-253,1
35,193,81,492,112,172,-347,1
36,-50,57,377,111,162,-439,1
37,109,486,471,28,247,-524,1
38,473,913,476,58,72,-634,1
39,611,1347,652,-15,116,-710,1
40,1046,2923,297,-5,51,-678,1
41,3922,2603,868,-130,521,-264,1
42,-72,1467,1571,148,-508,101,1
43,-376,2163,-840,-361,539,345,1
44,-93,554,296,46,-440,248,1
45,-33,729,338,-52,126,201,1
46,171,1172,350,2,-135,139,1
47,-141,832,182,-4,-13,146,1
48,245,1043,268,2,-34,136,1
49,121,919,203,8,-32,120,1
50,224,1009,166,5,-33,107,1
51,183,970,170,5,-31,101,1
52,147,986,188,8,-24,110,1
53,212,1014,163,10,-15,118,1
54,221,1023,161,16,-19,124,1
55,238,1046,165,22,-17,134,1
56,150,1078,148,28,-32,154,1
57,-40,1191,125,38,-22,214,1
58,-267,1578,219,54,-20,295,1
59,-511,2121,475,88,-33,359,1
60,301,1527,545,54,73,350,1
61,405,1323,593,7,88,351,1
62,237,939,349,52,30,259,1
63,167,379,233,60,17,120,1
64,-31,424,155,83,84,6,1
65,-34,173,28,101,167,-88,1
1,-45,1080,354,-21,-78,221,1
4,-263,2086,452,-8,-224,357,1
5,-436,2175,698,-24,-263,382,1
6,296,1386,97,-161,6,334,1
7,363,1617,950,-106,-269,255,1
8,343,518,154,-41,-404,149,1
9,-100,621,56,-113,-158,-18,1
10,-128,297,-392,-30,-186,-97,1
11,-90,170,-294,-100,107,-191,1
12,307,306,-93,-71,168,-275,1
13,-9,219,-15,-35,166,-357,1
14,65,424,-34,-33,278,-430,1
15,263,644,-14,2,223,-522,1
16,410,1094,-37,15,107,-607,1
17,629,1407,147,30,30,-656,1
18,1101,1644,237,43,59,-630,1
19,1828,2098,-41,52,132,-427,1
20,3922,3922,1142,-233,674,311,1
21,-2876,303,-277,117,-453,524,1
22,62,741,336,4,-88,-12,1
23,150,796,270,3,-60,8,1
24,252,793,234,-6,-103,21,1
25,132,851,188,-27,-120,41,1
26,396,614,210,-32,-189,43,1
27,-9,925,650,-63,-273,50,1
28,50,1819,753,-103,-283,5,1
29,83,1657,711,-13,-477,-58,1
30,326,733,174,-92,-501,-112,1
31,189,779,150,-115,-511,-108,1
32,286,669,-150,-157,-460,-120,1
33,208,776,-189,-114,-346,-102,1
34,447,786,-210,-127,-227,-71,1
35,490,802,0,-81,-274,-63,1
36,367,805,87,-79,-296,-66,1
37,387,875,-47,-50,-369,-94,1
38,116,845,-76,-26,-429,-129,1
39,-16,838,-33,-25,-385,-148,1
40,37,840,57,-25,-301,-158,1
41,118,876,135,-22,-262,-157,1
42,194,841,232,-15,-283,-163,1
43,228,784,367,-14,-315,-158,1
44,427,785,442,-38,-279,-127,1
45,981,1376,347,-60,-74,20,1
46,-1126,1503,-787,-37,-133,88,1
47,1094,416,660,-229,462,61,1
48,917,1322,217,78,-210,42,1
49,-182,938,215,-29,-99,-15,1
50,285,885,201,-78,33,-7,1
51,367,1004,355,-55,-47,-34,1
52,87,936,371,-6,-140,-36,1
53,96,914,267,-38,-19,-34,1
54,125,956,366,-12,-81,-26,1
55,42,935,344,-8,-74,-13,1
56,55,958,322,-6,-88,6,1
57,2,941,242,-16,-65,35,1
58,85,991,341,-20,-44,65,1
59,215,1027,310,-16,-66,72,1
60,180,1041,262,-14,-72,79,1
61,85,1095,221,-11,-96,97,1
62,0,1136,141,-13,-73,150,1
63,23,1259,71,-14,-45,209,1
64,-10,1400,66,-11,-35,262,1
65,-142,1734,159,-7,-66,293,1
1,143,1010,307,-26,-65,110,1
2,79,1047,326,-30,-73,143,1
3,7,1099,259,-31,-70,200,1
4,-22,1467,292,-35,-32,276,1
5,-59,2081,235,-30,-112,322,1
6,-608,2066,-49,7,-234,337,1
7,196,1535,523,-77,-69,359,1
8,497,1329,167,-99,135,325,1
9,215,974,397,20,-189,224,1
10,134,292,29,38,-108,130,1
11,-48,387,-172,48,34,-13,1
12,17,197,-417,136,60,-95,1
13,210,219,-191,163,188,-177,1
14,200,271,-20,238,163,-249,1
15,88,310,5,268,206,-313,1
16,92,575,133,286,290,-354,1
17,171,906,261,321,419,-376,1
18,208,1523,403,380,574,-355,1
19,302,1933,1022,374,850,-256,1
20,706,1659,2173,253,963,-100,1
21,2139,445,3069,-16,901,15,1
22,113,922,311,-51,40,-17,1
23,110,925,238,-46,40,-9,1
24,108,931,241,-52,58,0,1
25,155,939,269,-51,69,-1,1
26,111,944,263,-51,70,-7,1
27,102,942,256,-56,87,-5,1
28,23,915,289,-58,92,8,1
29,45,1005,334,-60,92,33,1
30,41,1431,-10,-46,105,47,1
31,90,1500,-504,-25,246,75,1
32,22,1539,-665,20,468,114,1
33,270,1006,-509,50,711,178,1
34,906,792,304,46,825,256,1
35,1308,869,574,107,473,231,1
36,1101,717,678,109,189,240,1
37,684,821,267,104,0,246,1
38,299,768,229,75,-2,249,1
39,174,781,92,44,72,242,1
40,132,814,82,26,121,222,1
41,10,752,210,18,115,173,1
42,-44,677,281,6,91,90,1
43,-247,782,369,11,-24,-40,1
44,-1315,987,233,-2,-169,-182,1
45,-1243,956,1772,-69,-25,-317,1
46,889,2703,-781,-47,493,-206,1
47,133,1608,-454,103,-604,-233,1
48,-1097,148,764,-145,170,-91,1
49,847,1455,396,-43,196,-62,1
50,-377,716,400,28,-109,-47,1
51,390,1057,197,-21,99,-26,1
52,39,895,263,-8,-23,-44,1
53,114,929,226,-20,12,-40,1
54,47,927,238,-22,2,-39,1
55,23,916,215,-28,15,-31,1
56,19,925,278,-32,22,-25,1
57,11,923,278,-27,24,-20,1
58,0,933,262,-24,14,-13,1
59,-58,943,291,-14,-2,-1,1
60,1,938,278,-13,1,10,1
61,35,941,270,-16,21,12,1
62,80,970,310,-13,11,0,1
63,63,1044,271,-8,6,-17,1
64,48,1140,120,-11,29,-29,1
65,-45,1147,241,-12,107,-44,1
1,84,181,110,89,22,-347,1
2,106,476,229,59,92,-414,1
3,386,727,247,56,111,-456,1
4,794,1124,395,40,153,-460,1
5,1397,1387,759,20,169,-406,1
6,1585,1298,799,-25,141,-286,1
7,1616,1165,958,-51,103,-141,1
8,599,3395,936,79,-399,114,1
9,-830,-276,208,-17,71,182,1
10,686,1637,306,-308,382,153,1
11,119,970,146,35,-331,94,1
12,76,914,265,-54,60,81,1
13,-29,1125,173,-3,-45,191,1
14,-120,1332,128,-6,-40,266,1
15,-279,1839,198,14,-44,324,1
16,-338,1983,504,18,-140,339,1
17,-175,1665,694,-59,27,352,1
18,463,1340,510,-106,73,326,1
19,-133,802,499,48,-183,188,1
20,125,543,276,-58,-19,65,1
21,-42,426,112,45,-115,-61,1
22,-482,430,890,31,-364,166,1
23,-49,1204,1065,-198,215,254,1
24,770,968,154,-39,70,215,1
25,240,1091,112,-28,-85,120,1
26,-46,871,422,-31,-31,122,1
27,203,1038,298,-10,-32,100,1
28,58,964,258,3,-97,71,1
29,142,993,215,-2,-60,72,1
30,44,934,277,4,-77,74,1
31,134,989,192,1,-51,82,1
32,159,1005,197,0,-37,90,1
33,153,1034,210,2,-45,95,1
34,122,1059,186,5,-44,109,1
35,21,1069,167,8,-51,140,1
36,-69,1154,173,14,-18,203,1
37,11,1346,27,20,0,265,1
38,-364,1594,273,48,-51,312,1
39,-675,1911,607,57,-99,365,1
40,0,2039,549,-2,10,402,1
41,57,1351,478,15,42,372,1
42,-34,1056,572,1,60,255,1
43,156,581,459,-12,-1,121,1
44,63,400,2,29,12,-11,1
45,-226,50,49,90,-36,-122,1
46,41,23,33,-13,265,-235,1
47,169,362,243,0,255,-316,1
48,84,261,72,59,187,-417,1
49,141,683,199,39,221,-510,1
50,457,1009,336,44,125,-607,1
51,700,1422,468,16,111,-667,1
52,1433,2097,695,0,100,-660,1
53,2197,2462,93,-44,69,-453,1
54,3166,1453,698,-85,232,-55,1
55,-1329,2976,-1056,279,-775,110,1
56,-616,483,493,-118,91,273,1
57,526,782,597,-79,90,327,1
58,537,1310,247,-7,-79,212,1
59,-60,941,258,-17,-97,155,1
60,234,983,327,-10,-18,133,1
61,221,963,253,3,-60,92,1
62,132,974,251,5,-77,73,1
63,154,983,316,6,-72,67,1
64,97,950,299,12,-71,73,1
65,150,1004,209,14,-63,81,1
1,-120,1134,239,0,-48,195,1
2,-86,1396,190,1,-50,261,1
3,-350,1721,225,25,-121,319,1
4,-922,2204,388,57,-200,377,1
5,-490,2285,677,-25,47,451,1
6,442,1648,710,-91,96,401,1
9,234,289,311,85,-50,3,1
10,-174,-1,-178,173,-151,-98,1
11,-83,-74,43,39,225,-255,1
12,363,-4,249,-81,260,-338,1
13,235,164,405,90,103,-423,1
14,186,121,226,14,139,-529,1
15,397,600,401,-23,149,-610,1
16,748,975,389,9,61,-677,1
17,1130,1685,608,-9,133,-692,1
18,2268,3064,900,-9,96,-539,1
19,3922,2243,1430,-235,866,-14,1
20,258,1705,-335,195,-543,156,1
21,-895,369,-90,-30,-316,254,1
22,138,1037,207,7,-57,102,1
23,118,1116,215,11,-53,127,1
24,-128,1070,173,19,-69,169,1
25,-110,1362,115,15,-1,268,1
26,-308,1739,202,42,-69,321,1
27,-859,2134,512,78,-139,364,1
28,-313,2201,608,-6,46,431,1
29,67,1429,585,-19,128,395,1
30,-116,1015,538,95,-46,244,1
31,219,683,431,-25,137,113,1
32,130,384,176,103,-7,-10,1
33,-137,7,-78,170,-88,-114,1
34,11,-24,127,48,256,-258,1
35,222,108,387,20,253,-342,1
36,133,105,283,122,152,-447,1
37,173,452,376,40,206,-530,1
38,528,855,481,67,112,-621,1
39,846,1251,640,37,114,-668,1
40,1558,2159,775,-2,185,-621,1
41,2479,2339,231,-58,190,-387,1
42,2763,2408,911,-212,610,225,1
43,74,1025,182,8,-377,195,1
44,-273,397,749,-124,90,282,1
45,959,1470,491,-4,-96,222,1
46,-223,918,189,-30,-74,129,1
47,246,961,302,-28,-7,129,1
48,252,1027,201,0,-107,78,1
49,169,1019,166,-7,-90,62,1
50,176,1022,282,-4,-102,47,1
51,102,959,225,-2,-79,51,1
52,123,993,208,1,-65,62,1
53,65,980,215,7,-54,82,1
54,67,969,183,9,-40,115,1
55,105,1078,136,10,-25,149,1
56,52,1107,78,14,-29,178,1
57,-73,1216,96,17,-2,246,1
58,-215,1541,94,27,-11,321,1
59,-812,2185,389,92,-111,368,1
60,-201,1903,675,34,56,430,1
61,-78,1799,921,61,189,402,1
62,-16,1137,570,0,188,330,1
63,7,595,266,94,-6,155,1
64,62,357,417,19,234,29,1
65,26,65,80,181,-8,-126,1
