572,82,372,25,-161,-84,1,0
484,53,400,19,-82,-36,2,0
527,46,429,-6,-26,20,3,0
458,53,613,-38,-54,38,4,0
510,11,862,-87,78,49,5,0
788,111,1076,-98,171,96,6,0
725,214,1343,-72,157,144,7,0
726,383,1626,3,407,206,8,0
869,620,1755,132,680,214,9,0
1603,416,1668,248,980,220,10,0
3922,2007,-3922,393,-1167,345,11,0
927,291,620,89,-39,80,12,0
848,333,622,61,-49,49,13,0
809,352,626,42,-25,1,14,0
830,327,615,51,9,-34,15,0
885,237,553,82,29,-37,16,0
901,166,500,92,26,-21,17,0
894,135,464,95,28,-1,18,0
886,120,439,77,21,6,19,0
868,124,409,56,19,13,20,0
896,150,387,42,26,26,21,0
1005,164,405,36,35,40,22,0
1089,195,424,29,6,46,23,0
1223,154,508,14,27,42,24,0
1295,95,597,-70,-31,-1,25,0
1037,233,617,-136,-159,-44,26,0
808,348,490,-86,-98,-37,27,0
793,335,308,-4,5,-11,28,0
870,279,222,32,11,-4,29,0
919,227,262,26,-27,-23,30,0
998,168,365,7,-50,-45,31,0
997,132,454,-15,-83,-52,32,0
937,169,473,-28,-69,-33,33,0
879,251,423,-15,-41,-14,34,0
845,284,382,16,-26,-13,35,0
838,272,356,63,-5,-6,36,0
885,206,342,99,25,6,37,0
940,154,349,87,19,9,38,0
934,168,360,61,8,3,39,0
916,208,362,54,8,2,40,0
874,229,349,67,9,3,41,0
870,218,349,79,31,1,42,0
919,193,351,91,55,5,43,0
994,173,358,101,68,19,44,0
1066,157,387,95,70,27,45,0
1107,163,415,78,52,31,46,0
994,235,389,78,4,40,47,0
871,286,349,94,16,39,48,0
853,279,350,123,44,30,49,0
921,214,372,147,61,30,50,0
980,152,389,144,51,39,51,0
986,181,378,116,34,41,52,0
974,231,367,94,28,30,53,0
984,247,379,81,16,14,54,0
972,231,413,64,-4,-3,55,0
939,225,447,54,-17,-15,56,0
924,211,465,56,-7,-17,57,0
929,194,464,64,7,-10,58,0
918,191,464,75,8,2,59,0
886,204,445,92,12,18,60,0
908,201,425,111,38,34,61,0
965,189,404,107,38,40,62,0
973,194,406,83,17,33,63,0
945,212,428,64,3,24,64,0
914,222,451,64,1,25,65,0
908,284,438,-16,-92,84,1,0
913,153,552,-52,-201,76,2,0
879,141,730,-157,-232,53,3,0
624,316,972,-207,-180,14,4,0
585,342,1014,-137,38,26,5,0
856,369,995,-101,224,35,6,0
776,480,1071,-26,301,9,7,0
793,480,1262,103,632,-45,8,0
1273,305,1403,196,836,-90,9,0
3922,1194,-3922,752,-985,278,10,0
449,-1592,351,440,-645,396,11,0
850,293,494,-39,22,3,12,0
934,274,435,-8,36,14,13,0
930,268,408,-2,25,14,14,0
1033,328,198,-70,42,-47,15,0
1034,364,208,-130,11,-95,16,0
941,438,330,-162,-40,-123,17,0
905,387,380,-36,-10,-37,18,0
939,282,455,40,17,13,19,0
996,205,467,47,29,19,20,0
1056,211,427,23,24,12,21,0
1098,272,357,5,-9,0,22,0
958,302,450,22,-46,5,23,0
968,246,497,66,20,20,24,0
1021,156,486,74,17,27,25,0
970,138,449,59,-13,34,26,0
875,210,464,70,-25,27,27,0
825,236,468,98,6,16,28,0
1038,122,456,117,44,-15,31,0
1046,88,503,93,-19,-29,32,0
974,54,543,55,-25,-14,33,0
944,122,528,42,-15,13,34,0
888,193,496,23,-32,6,35,0
839,218,481,17,-24,-7,36,0
852,198,495,24,-13,-13,37,0
856,155,490,25,-6,-9,38,0
861,141,479,13,-3,-4,39,0
848,145,470,5,-5,2,40,0
848,153,465,8,1,20,41,0
911,150,474,6,23,36,42,0
916,189,476,-3,-10,42,43,0
848,236,469,-5,0,42,44,0
942,240,450,7,37,44,45,0
976,244,425,12,10,46,46,0
971,279,402,15,8,44,47,0
988,288,385,15,4,30,48,0
1082,262,399,0,27,8,49,0
1251,211,465,-33,27,-14,50,0
1259,203,536,-83,-43,-40,51,0
940,284,491,-113,-131,-65,52,0
778,320,410,-95,-35,-84,53,0
881,293,340,-37,25,-74,54,0
908,257,317,31,-8,-42,55,0
913,193,297,62,-1,-17,56,0
910,150,313,38,-30,-18,57,0
883,165,358,0,-45,-33,58,0
886,199,389,-5,-41,-38,59,0
901,208,381,13,-18,-29,60,0
939,198,366,33,-5,-15,61,0
976,168,354,40,3,-7,62,0
1024,160,355,36,5,3,63,0
1011,198,350,39,-12,18,64,0
961,227,321,43,-3,22,65,0
876,233,367,-40,12,-17,1,0
904,253,376,-21,5,-5,2,0
942,268,397,8,-5,12,3,0
987,258,466,32,-7,22,4,0
1814,793,27,23,127,24,5,0
1598,920,107,97,-130,-13,6,0
1589,738,266,210,-161,-34,7,0
1568,486,448,208,-333,-74,8,0
1417,318,588,135,-413,-134,9,0
1298,226,704,60,-445,-188,10,0
1055,157,840,-15,-481,-232,11,0
882,203,500,-11,210,213,12,0
1006,495,379,70,269,254,13,0
1271,469,231,150,403,293,14,0
1395,468,92,121,294,269,15,0
1525,495,80,36,345,237,16,0
1632,682,232,-9,229,212,17,0
1323,789,432,36,90,191,18,0
1120,721,480,90,191,139,19,0
1442,520,-32,-35,309,34,20,0
2259,499,-1416,-588,496,-565,21,0
1219,437,1109,-258,-587,-169,22,0
499,442,734,-321,-667,-247,23,0
418,719,662,206,-57,13,24,0
836,132,497,321,397,88,25,0
1107,103,500,237,-100,103,26,0
737,215,514,136,-208,43,27,0
822,214,488,118,33,52,28,0
919,233,496,72,-43,37,29,0
846,253,499,43,-19,21,30,0
936,271,481,23,28,6,31,0
936,284,473,13,-3,-9,32,0
925,285,468,24,12,-12,33,0
917,262,459,38,10,-12,34,0
899,232,442,45,26,-8,35,0
824,222,241,7,114,-2,38,0
1305,49,-270,-70,349,24,39,0
1461,358,212,-83,24,-63,40,0
946,346,371,-47,-392,-42,41,0
779,490,454,82,-73,35,42,0
971,314,441,142,0,41,43,0
882,225,475,121,-121,21,44,0
832,212,465,68,-18,2,45,0
899,216,429,24,11,-12,46,0
916,240,398,-6,16,-24,47,0
938,269,386,-4,15,-25,48,0
906,243,370,7,7,-19,49,0
909,215,325,2,43,-18,50,0
942,206,268,-15,69,-21,51,0
1022,241,228,-38,82,-21,52,0
1061,299,227,-39,22,-17,53,0
1010,344,269,-16,-29,-11,54,0
973,313,330,3,-37,-5,55,0
943,277,373,-1,-52,-7,56,0
905,277,394,-14,-44,-12,57,0
900,293,402,-16,-24,-12,58,0
906,301,392,-11,-7,-9,59,0
921,304,376,-2,6,-7,60,0
936,301,345,5,11,-4,61,0
946,300,320,8,14,-3,62,0
956,304,305,7,9,-3,63,0
957,306,309,6,0,-4,64,0
945,311,324,8,-8,-4,65,0
421,108,266,-57,104,187,1,0
550,198,263,-71,162,250,2,0
769,264,293,-106,216,301,3,0
981,499,405,-139,212,331,4,0
1060,686,520,-74,174,368,5,0
1135,656,633,-5,238,390,6,0
1240,783,758,25,299,393,7,0
1264,976,816,120,305,412,8,0
1234,906,693,282,370,434,9,0
1382,567,670,336,519,385,10,0
3922,1604,-3922,389,1227,259,11,0
876,319,339,148,16,78,12,0
843,297,322,94,38,58,13,0
886,333,295,41,54,37,14,0
900,379,273,28,51,31,15,0
926,393,263,50,59,42,16,0
943,381,258,78,47,55,17,0
942,369,251,95,50,63,18,0
966,339,224,98,66,67,19,0
994,326,208,77,64,65,20,0
1014,345,195,45,54,53,21,0
1017,372,204,23,32,35,22,0
1012,386,231,12,4,17,23,0
983,381,281,13,-16,6,24,0
948,354,323,20,-21,0,25,0
943,303,333,14,-11,-4,26,0
929,282,335,-6,-11,-8,27,0
923,310,345,-17,-12,-6,28,0
908,334,349,-3,-7,2,29,0
905,314,336,11,5,8,30,0
910,304,313,-3,5,0,31,0
909,310,299,-15,8,-12,32,0
930,281,292,-22,11,-22,33,0
953,251,289,-30,13,-30,34,0
993,224,274,-42,21,-31,35,0
1034,232,277,-54,6,-27,36,0
1009,260,302,-61,-29,-22,37,0
948,284,338,-63,-34,-19,38,0
926,299,363,-63,-30,-19,39,0
901,310,367,-54,-24,-17,40,0
900,281,361,-50,-11,-14,41,0
908,280,361,-66,-14,-20,42,0
906,289,368,-74,-12,-23,43,0
915,290,353,-76,-6,-18,44,0
914,314,345,-72,-11,-8,45,0
909,350,353,-59,-9,1,46,0
921,371,361,-41,-4,9,47,0
935,373,373,-31,-2,11,48,0
935,380,389,-27,-6,9,49,0
925,401,390,-25,-2,4,50,0
934,405,373,-21,7,-3,51,0
936,395,360,-9,6,-9,52,0
934,383,349,2,5,-12,53,0
928,349,359,27,4,-8,54,0
922,297,357,42,0,-1,55,0
918,266,364,38,1,-1,56,0
920,258,367,30,4,-3,57,0
934,257,378,24,5,-4,58,0
931,248,384,19,4,-1,59,0
935,259,368,12,6,0,60,0
941,286,358,6,9,0,61,0
943,306,354,8,7,1,62,0
940,319,352,15,5,3,63,0
936,324,351,21,4,3,64,0
938,317,358,27,5,2,65,0
941,278,342,11,6,-1,1,0
944,284,341,11,1,-1,2,0
936,287,342,12,3,-1,3,0
941,282,344,13,3,0,4,0
1844,647,-571,-26,-119,-63,5,0
1648,825,-286,-17,-269,-94,6,0
1595,653,-21,11,-236,-116,7,0
1492,577,207,9,-317,-131,8,0
1343,470,347,26,-307,-132,9,0
1210,355,487,0,-326,-154,10,0
988,323,540,-27,-369,-177,11,0
905,208,320,61,322,162,12,0
1102,333,220,58,363,170,13,0
1334,416,84,50,380,161,14,0
1547,465,-40,27,332,137,15,0
1595,585,-143,-22,231,114,16,0
1487,621,-163,-37,177,84,17,0
1376,684,-113,-53,160,36,18,0
1340,691,-33,34,210,43,19,0
1343,792,-943,127,244,-23,20,0
2562,-473,-1246,-99,847,91,21,0
1614,267,432,-325,-666,-185,22,0
630,749,543,-138,-759,-161,23,0
498,189,406,138,-6,1,24,0
907,108,430,35,137,-5,25,0
810,115,457,-53,-230,-10,26,0
650,276,463,-72,-38,-2,27,0
885,299,410,-40,88,21,28,0
916,353,416,-14,-16,30,29,0
867,365,449,28,17,42,30,0
900,350,446,54,42,46,31,0
891,364,415,67,59,40,32,0
931,359,378,89,96,38,33,0
952,336,365,105,91,36,34,0
894,268,293,105,85,34,35,0
1624,-834,-1761,75,147,130,36,0
1375,615,36,-520,279,-332,37,0
948,346,401,300,209,92,40,0
1032,179,413,250,-47,72,41,0
817,159,396,126,-44,23,42,0
894,217,343,34,69,-7,43,0
917,283,296,6,11,-20,44,0
911,292,273,40,44,-5,45,0
1139,21,-44,35,51,21,46,0
1045,229,166,-13,-47,-10,47,0
915,287,318,24,2,6,48,0
994,330,279,51,46,10,49,0
1000,281,267,64,7,4,50,0
958,220,278,60,0,5,51,0
944,177,293,36,-2,0,52,0
940,165,271,6,3,-3,53,0
973,199,239,-8,7,-2,54,0
969,250,255,-12,-1,-4,55,0
972,281,263,-2,7,-3,56,0
991,274,247,9,5,-3,57,0
979,263,251,15,1,-3,58,0
957,245,259,17,2,-3,59,0
971,245,254,14,7,-4,60,0
972,247,265,13,0,-3,61,0
966,249,262,10,1,-3,62,0
970,253,259,9,0,-5,63,0
968,245,257,10,2,-6,64,0
970,239,259,8,2,-7,65,0
814,286,472,25,88,34,1,0
834,332,481,35,112,41,2,0
887,364,483,65,154,53,3,0
947,353,480,83,170,59,4,0
957,390,488,87,173,54,5,0
1004,490,478,124,210,56,6,0
1075,518,463,226,226,73,7,0
2410,-3705,-3922,409,-141,379,8,0
1742,457,-369,-809,493,-785,9,0
1357,593,940,134,-598,222,10,0
498,1027,641,33,-556,-21,11,0
1232,137,-43,-303,35,-108,12,0
980,427,317,-79,-97,-8,13,0
905,468,363,-49,30,-1,14,0
983,435,329,11,25,-10,15,0
963,340,317,43,6,-11,16,0
953,279,301,57,5,-2,17,0
924,221,289,47,-6,-2,18,0
910,228,303,32,6,0,19,0
939,261,307,27,5,3,20,0
946,277,308,23,3,3,21,0
969,281,297,26,6,4,22,0
974,274,290,29,1,2,23,0
974,254,290,30,6,0,24,0
971,240,295,27,3,0,25,0
957,249,301,19,4,-2,26,0
948,251,305,14,4,-3,27,0
955,262,300,8,5,-3,28,0
958,266,293,5,4,-4,29,0
953,277,293,5,1,-3,30,0
954,280,297,9,4,-2,31,0
955,279,294,14,4,-1,32,0
964,273,293,17,4,0,33,0
959,266,298,18,3,0,34,0
953,262,300,16,5,-1,35,0
956,263,298,13,3,-1,36,0
957,269,298,11,4,-2,37,0
952,273,299,10,2,-2,38,0
954,273,299,10,5,-2,39,0
953,278,296,12,3,-1,40,0
956,282,295,15,5,-1,41,0
959,271,307,17,3,-1,42,0
951,268,302,17,4,0,43,0
942,277,290,18,4,0,44,0
904,110,299,-19,12,-4,45,0
976,101,289,-178,43,-77,46,0
1060,359,285,-195,-12,-69,47,0
929,613,404,-15,-85,-19,48,0
854,548,420,209,-6,57,49,0
887,133,334,248,51,81,50,0
1014,42,228,0,53,-32,51,0
1057,292,213,-108,-7,-58,52,0
990,547,288,-8,-56,-26,53,0
863,328,362,160,-43,41,54,0
876,27,337,44,24,1,55,0
969,164,310,-141,37,-63,56,0
993,486,307,-113,-4,-52,57,0
918,461,357,64,-19,4,58,0
879,108,374,71,14,11,59,0
906,78,353,-84,26,-37,60,0
986,425,327,-111,22,-47,61,0
931,576,360,102,-28,20,62,0
877,202,366,229,33,77,63,0
948,-41,278,26,42,4,64,0
1039,269,204,-141,39,-47,65,0
366,-76,346,-147,-9,-70,1,0
903,578,46,125,78,60,2,0
707,-165,171,364,-109,204,3,0
432,-898,94,-157,-74,75,4,0
1000,-36,-24,-761,377,-23,5,0
1889,1950,79,-297,147,-122,6,0
645,857,570,745,-516,313,7,0
318,-1442,-308,309,-223,244,8,0
664,-464,-138,-720,498,-127,9,0
1818,1312,32,-735,625,-234,10,0
1462,1910,250,497,-522,167,11,0
882,6,121,20,50,-4,12,0
985,96,94,-48,46,-1,13,0
1110,168,3,-88,72,-8,14,0
1099,339,36,-58,-26,-3,15,0
923,350,158,46,-46,15,16,0
904,246,195,105,33,19,17,0
935,179,162,87,55,12,18,0
972,215,108,75,79,9,19,0
1048,187,96,69,85,-1,20,0
1053,168,121,45,51,-13,21,0
1026,176,128,19,45,-18,22,0
1003,213,129,10,33,-12,23,0
993,201,83,8,29,-20,24,0
1043,153,60,-13,26,-33,25,0
1049,138,93,-55,-10,-33,26,0
946,308,260,-70,-21,-30,27,0
851,467,318,32,23,-29,28,0
981,270,142,132,115,-14,29,0
1243,-169,-32,0,74,-7,30,0
1177,58,175,-253,-135,-51,31,0
831,608,526,-209,-209,-40,32,0
605,811,574,134,-90,-1,33,0
764,215,338,343,214,58,34,0
1316,-275,-47,150,241,55,35,0
1282,-68,40,-182,-108,-62,36,0
903,438,444,-215,-155,-61,37,0
674,787,552,110,-99,-1,38,0
746,213,308,360,163,58,39,0
1268,-447,-77,150,247,64,40,0
1265,-131,51,-229,-79,-76,41,0
993,385,349,-252,-138,-57,42,0
751,779,494,52,-119,9,43,0
700,346,383,330,99,65,44,0
1134,-225,6,224,246,55,45,0
1317,-231,-28,-183,-8,-92,46,0
1057,277,266,-297,-141,-76,47,0
782,801,483,-67,-157,-32,48,0
671,513,450,267,51,41,49,0
978,38,185,284,229,61,50,0
1262,-221,-28,0,89,-14,51,0
1137,142,168,-192,-90,-38,52,0
918,648,407,-104,-156,-14,53,0
660,808,475,279,-96,58,54,0
812,233,307,448,231,82,55,0
1256,-339,-8,248,227,75,56,0
1226,-173,1,-171,-19,-75,57,0
1066,191,163,-326,-60,-115,58,0
999,347,327,-272,-104,-101,59,0
874,379,437,-170,-122,-76,60,0
790,390,469,-49,-48,-38,61,0
820,377,440,57,51,-11,62,0
909,303,358,126,106,3,63,0
969,270,292,158,113,7,64,0
992,224,253,174,105,17,65,0
1759,-481,-165,-321,39,-110,1,0
996,405,577,-504,-393,-104,2,0
445,1497,814,-113,-286,-95,3,0
400,688,434,585,158,49,4,0
1196,-587,-290,490,546,104,5,0
1705,-726,-230,-272,-18,-136,6,0
1043,89,324,-498,-318,-66,7,0
593,1261,881,-303,-207,-79,8,0
399,1094,527,438,-70,47,9,0
924,-221,-131,578,487,82,10,0
1810,-1006,-311,-93,277,-8,11,0
1042,148,139,40,78,5,12,0
970,204,160,-28,17,-6,13,0
932,271,188,-40,37,1,14,0
947,292,211,-28,42,12,15,0
957,309,226,-17,43,18,16,0
968,340,223,-2,47,20,17,0
990,345,206,18,50,19,18,0
1001,332,195,32,44,15,19,0
1011,316,193,35,34,10,20,0
1004,299,196,29,22,1,21,0
991,290,209,21,11,-5,22,0
970,296,222,23,5,-6,23,0
968,284,228,29,13,-5,24,0
975,268,228,30,9,-3,25,0
974,269,229,27,7,-3,26,0
973,265,234,24,6,-4,27,0
970,268,241,20,3,-5,28,0
967,275,251,21,2,-5,29,0
967,268,252,23,5,-4,30,0
969,263,248,22,2,-4,31,0
966,264,255,20,3,-4,32,0
964,266,255,22,2,-3,33,0
956,263,255,22,0,-2,34,0
961,262,255,21,7,-2,35,0
972,257,257,20,3,-2,36,0
960,259,258,19,1,0,37,0
953,261,257,18,3,0,38,0
956,265,255,17,5,0,39,0
965,264,255,17,6,1,40,0
962,261,261,16,4,1,41,0
960,272,256,15,5,1,42,0
954,276,256,17,7,2,43,0
966,270,254,18,10,2,44,0
970,270,256,16,5,2,45,0
962,273,257,14,7,2,46,0
962,278,256,14,6,2,47,0
964,281,253,16,8,1,48,0
966,278,255,15,7,0,49,0
964,279,257,15,6,0,50,0
962,280,259,15,6,0,51,0
965,278,255,15,6,-1,52,0
963,276,258,15,6,-2,53,0
961,274,261,17,6,-2,54,0
960,269,258,16,7,-2,55,0
965,272,254,15,7,-2,56,0
967,272,261,15,5,-1,57,0
960,276,255,17,4,-1,58,0
969,269,254,16,9,-2,59,0
976,267,261,16,3,-2,60,0
964,268,262,17,2,-1,61,0
955,270,260,16,4,-1,62,0
961,274,253,18,6,0,63,0
970,267,259,19,4,0,64,0
961,268,264,18,2,0,65,0
915,694,545,-356,-406,-85,1,0
439,1139,598,172,-256,47,2,0
656,99,201,431,300,115,3,0
1569,-669,-252,-5,395,36,4,0
1475,163,232,-458,-272,-159,5,0
713,1245,690,-211,-437,-95,6,0
264,1049,684,527,-87,61,7,0
879,-442,-17,548,560,92,8,0
1933,-1002,-229,-298,281,-155,9,0
1333,282,520,-591,-391,-162,10,0
479,1862,1039,-150,-550,-177,11,0
1175,72,62,159,111,36,12,0
1110,139,143,3,-22,9,13,0
943,486,315,10,-86,26,14,0
800,471,364,159,-21,57,15,0
924,107,237,111,104,21,16,0
1090,4,159,-124,39,-58,17,0
1014,291,217,-245,-58,-80,18,0
981,643,372,-166,-41,-56,19,0
803,906,498,165,-97,22,20,0
701,490,360,464,85,83,21,0
1111,-216,30,378,268,80,22,0
1343,-431,-53,-128,-19,-82,23,0
1040,168,226,-364,-158,-99,24,0
828,923,470,-198,-165,-71,25,0
593,797,505,266,-70,54,26,0
843,109,256,380,282,96,27,0
1351,-379,-6,48,192,28,28,0
1135,257,207,-233,-187,-84,29,0
792,716,350,-90,-166,-31,30,0
756,468,354,154,47,37,31,0
989,91,228,117,97,28,32,0
1082,66,183,-100,-6,-39,33,0
942,476,327,-130,-81,-37,34,0
784,690,404,70,-45,9,35,0
835,356,326,215,108,39,36,0
1047,26,160,124,107,25,37,0
1064,122,132,-67,-1,-36,38,0
973,312,197,-109,-33,-32,39,0
947,357,274,-70,-25,-9,40,0
899,368,316,-32,-36,1,41,0
880,372,319,3,9,3,42,0
948,347,289,33,39,6,43,0
961,326,254,51,27,11,44,0
961,294,233,54,32,11,45,0
968,268,223,39,25,6,46,0
970,274,229,18,18,2,47,0
958,297,245,14,9,3,48,0
952,306,252,18,11,5,49,0
955,294,249,18,14,4,50,0
968,297,254,15,11,3,51,0
961,303,261,17,5,4,52,0
949,305,260,21,7,4,53,0
954,297,256,18,8,2,54,0
960,299,256,15,7,1,55,0
960,297,263,15,4,1,56,0
956,296,262,13,3,1,57,0
960,312,262,11,2,0,58,0
940,320,235,25,2,0,59,0
971,267,163,23,13,-5,60,0
1040,193,126,-29,5,-23,61,0
1028,260,189,-82,-54,-25,62,0
936,375,272,-68,-57,-12,63,0
931,419,323,-18,-26,-3,64,0
960,397,370,32,-2,8,65,0
1114,1250,775,-16,-451,-82,1,0
302,1143,1007,776,-503,233,2,0
108,16,838,1050,98,179,3,0
1162,-1550,-1,409,641,175,4,0
1282,-677,145,-559,255,-326,5,0
1061,31,292,-790,52,-248,6,0
1203,723,493,-689,-125,-208,7,0
1063,1486,837,-98,-465,-52,8,0
338,1294,965,783,-352,270,9,0
439,47,692,1036,438,246,10,0
1665,-1546,275,138,496,167,11,0
802,374,512,270,11,110,12,0
849,250,446,283,62,100,13,0
922,147,358,213,98,54,14,0
970,182,291,118,80,19,15,0
923,311,237,121,80,14,16,0
1043,119,161,141,172,24,17,0
1190,-87,106,-20,73,-19,18,0
1111,45,215,-220,-74,-70,19,0
1047,278,389,-306,-151,-97,20,0
951,542,539,-221,-241,-90,21,0
726,713,616,24,-231,-24,22,0
555,568,519,294,7,51,23,0
887,132,338,379,360,66,24,0
1302,-277,190,142,230,21,25,0
1105,-59,184,-136,-52,-62,26,0
1049,286,324,-230,-40,-69,27,0
957,584,444,-110,-207,-59,28,0
645,620,491,152,-183,15,29,0
690,288,391,332,168,71,30,0
1074,-67,240,279,265,97,31,0
1165,-93,185,41,56,34,32,0
1074,152,216,-132,6,-8,33,0
1037,399,318,-151,-91,-36,34,0
828,539,387,-45,-167,-34,35,0
711,465,358,145,-12,15,36,0
970,151,259,207,198,59,37,0
1170,-33,184,61,66,39,38,0
1060,152,233,-103,-39,0,39,0
1031,393,345,-148,-64,-34,40,0
938,461,432,-102,-125,-54,41,0
816,490,474,-3,-90,-48,42,0
817,386,441,112,32,-23,43,0
922,214,336,144,93,-15,44,0
973,123,260,110,74,-14,45,0
983,119,221,57,55,-11,46,0
987,162,210,20,26,-1,47,0
984,212,249,1,2,7,48,0
955,267,294,1,-9,12,49,0
938,311,316,21,5,16,50,0
964,297,302,44,26,17,51,0
995,255,273,46,28,12,52,0
1000,245,257,34,12,7,53,0
980,244,272,26,3,5,54,0
962,238,286,20,-2,5,55,0
952,238,299,13,1,5,56,0
944,258,302,11,0,6,57,0
953,266,302,16,10,8,58,0
961,265,311,19,1,10,59,0
945,265,316,21,5,11,60,0
953,260,308,18,9,8,61,0
961,260,295,10,10,4,62,0
968,276,301,7,5,3,63,0
953,284,310,10,0,3,64,0
944,277,306,12,6,0,65,0
1980,560,207,-302,-94,-35,1,0
1100,983,704,-216,-632,-122,2,0
485,1142,859,359,-508,-112,3,0
330,-29,512,630,-9,-53,4,0
892,-915,110,255,434,67,5,0
1331,-440,148,-324,365,-73,6,0
1399,147,267,-576,18,-154,7,0
1158,1041,843,-509,-416,-278,8,0
533,1609,1056,357,-568,-86,9,0
113,117,829,918,40,80,10,0
985,-1595,-227,445,575,241,11,0
1057,-1047,-132,368,593,255,12,0
1293,-260,300,-356,79,-178,13,0
882,318,342,-478,-285,-166,14,0
622,1229,539,-29,-200,-12,15,0
663,525,430,498,302,208,16,0
1276,-480,-20,411,516,343,17,0
1306,-69,367,-242,-182,-32,18,0
776,826,319,-320,-327,-107,19,0
666,1024,279,146,52,39,20,0
1168,86,185,257,630,23,21,0
1698,-206,179,-155,72,-189,22,0
1069,71,298,-390,-348,-253,23,0
1051,819,738,-326,-348,-283,24,0
450,1310,844,397,-520,-27,25,0
206,216,658,846,42,78,26,0
1182,-1612,-391,424,662,158,27,0
1433,-633,123,-594,225,-368,28,0
1170,63,527,-781,-296,-302,29,0
969,1461,919,-460,-499,-285,30,0
218,1349,922,696,-511,252,31,0
342,-127,597,981,420,251,32,0
1399,-1178,358,101,654,227,33,0
1270,-62,398,-440,-71,-193,34,0
915,709,415,-500,-194,-250,35,0
712,1246,407,160,-125,12,36,0
794,145,248,483,378,106,37,0
1475,-783,25,28,291,65,38,0
1111,-136,344,-438,-222,-172,39,0
939,667,474,-493,-253,-202,40,0
653,1164,550,132,-280,67,41,0
607,226,355,441,216,138,42,0
1278,-559,99,61,365,95,43,0
1150,43,306,-363,-111,-152,44,0
935,504,406,-409,-139,-174,45,0
899,798,551,-57,-143,-45,46,0
780,580,584,254,-56,67,47,0
777,268,540,370,55,117,48,0
818,145,438,307,95,76,49,0
891,53,318,206,146,32,50,0
997,15,237,67,144,-2,51,0
1015,125,218,-31,75,-12,52,0
998,291,237,-36,39,9,53,0
997,337,271,17,20,35,54,0
983,299,309,47,14,48,55,0
1057,360,236,49,22,41,56,0
1087,342,183,27,-15,15,57,0
956,233,313,40,10,-10,60,0
962,217,300,30,13,-12,61,0
961,217,308,26,6,-9,62,0
946,221,330,21,-1,-7,63,0
945,238,342,13,0,-8,64,0
938,247,355,10,-5,-6,65,0
642,139,575,60,105,82,1,0
756,139,562,75,184,116,2,0
877,159,563,95,235,158,3,0
994,194,589,115,300,183,4,0
1152,244,595,126,362,186,5,0
1282,324,575,141,387,178,6,0
1360,444,542,184,399,160,7,0
3449,-1812,-3922,242,316,306,8,0
1294,-192,-1177,-754,-61,-682,9,0
1165,798,627,-494,36,-286,10,0
705,1094,477,-55,-415,-85,11,0
873,380,493,49,45,1,12,0
904,308,446,92,79,5,13,0
945,274,401,106,92,1,14,0
956,251,377,118,90,3,15,0
963,229,359,125,90,7,16,0
1067,205,232,139,103,27,17,0
1361,-171,-608,199,-15,142,18,0
1038,-246,-286,-86,-87,-107,19,0
1090,-9,220,-162,65,-61,20,0
957,325,390,-153,-114,-40,21,0
778,482,397,-23,-38,-3,22,0
967,408,366,113,141,31,23,0
1073,204,343,126,21,30,24,0
922,195,349,95,-31,36,25,0
932,209,350,57,16,18,26,0
939,178,346,10,-5,-1,27,0
933,227,369,-24,0,-7,28,0
908,289,392,-19,-11,-3,29,0
909,297,393,2,19,-1,30,0
989,285,338,21,22,2,31,0
1064,279,212,45,-7,20,32,0
1007,198,185,33,-62,16,33,0
955,124,131,-15,-31,-3,34,0
975,173,175,-20,9,-10,35,0
984,227,221,0,7,-5,36,0
935,331,227,38,10,-4,37,0
981,333,225,96,68,5,38,0
1034,247,233,118,55,6,39,0
999,201,243,98,31,1,40,0
987,178,263,71,36,6,41,0
1014,182,252,43,10,6,42,0
989,185,288,7,-26,-4,43,0
943,218,340,-19,-42,-10,44,0
913,256,379,-27,-38,-13,45,0
895,270,399,-23,-21,-16,46,0
897,279,399,-11,0,-17,47,0
915,277,396,6,14,-14,48,0
925,263,386,23,21,-8,49,0
931,243,379,30,28,-6,50,0
938,240,373,29,33,-5,51,0
1080,268,182,58,49,22,52,0
1131,133,78,85,-41,47,53,0
997,-12,-31,-31,-54,-9,54,0
1020,104,150,-93,32,-40,55,0
986,267,282,-84,-33,-29,56,0
892,403,346,-14,-17,-22,57,0
924,295,350,67,35,8,58,0
959,216,349,64,22,15,59,0
950,212,336,44,15,27,60,0
960,231,336,30,9,25,61,0
950,239,347,13,1,20,62,0
963,268,368,0,0,12,63,0
947,299,390,-2,-5,7,64,0
938,309,381,5,5,0,65,0
1009,-469,-643,504,289,113,1,0
1194,-644,-587,-260,-88,-121,2,0
932,248,-76,-404,-117,0,3,0
551,1594,494,-115,-150,-152,4,0
655,496,-110,573,118,13,5,0
1374,-1083,-922,339,310,150,6,0
1049,-512,-407,-299,-218,-54,7,0
771,481,87,-370,-56,2,8,0
640,1708,315,120,-116,-155,9,0
740,62,-277,661,249,73,10,0
1512,-1370,-684,19,101,92,11,0
703,1000,156,-324,-82,-71,12,0
661,976,-54,333,-62,-7,13,0
968,-593,-653,381,306,98,14,0
1236,-529,-536,-285,-41,-64,15,0
828,480,-72,-378,-179,22,16,0
621,1497,206,-47,-106,-102,17,0
718,336,-212,453,178,-16,18,0
1271,-910,-681,204,199,49,19,0
1031,-378,-355,-257,-170,-6,20,0
680,700,59,-277,-102,-40,21,0
693,1056,-56,244,-11,-27,22,0
979,-221,-473,406,267,22,23,0
1325,-760,-610,-46,-2,0,24,0
860,151,-200,-289,-161,16,25,0
613,1282,132,-45,-115,-99,26,0
757,357,-212,432,195,10,27,0
1228,-618,-610,245,189,46,28,0
1041,-429,-421,-220,-152,-8,29,0
808,431,-50,-309,-80,11,30,0
714,1173,67,14,-74,-44,31,0
816,272,-277,345,162,-12,32,0
1161,-503,-587,169,132,30,33,0
993,-214,-415,-190,-116,-14,34,0
837,352,-196,-190,-65,11,35,0
810,811,-68,0,-8,-11,36,0
829,283,-302,232,59,-26,37,0
1035,-387,-539,137,87,13,38,0
1044,-236,-421,-158,-58,12,39,0
832,556,-111,-202,-89,13,40,0
692,1077,-103,137,-71,-36,41,0
843,65,-379,356,179,-21,42,0
1167,-631,-585,106,82,18,43,0
948,-207,-352,-232,-121,19,44,0
773,748,-74,-216,-84,-14,45,0
731,760,-169,180,0,0,46,0
966,-72,-408,240,166,-5,47,0
1119,-437,-490,-16,-4,3,48,0
856,102,-289,-183,-104,16,49,0
802,641,-125,-93,-19,0,50,0
818,389,-249,126,29,-1,51,0
967,-165,-434,88,65,12,52,0
1021,-116,-360,-141,-17,12,53,0
824,553,-127,-140,-80,5,54,0
1050,-218,-474,9,9,-5,57,0
895,128,-327,-112,-47,10,58,0
840,486,-205,-50,-13,5,59,0
866,326,-280,76,39,-5,60,0
948,82,-370,63,38,-6,61,0
926,120,-361,4,-1,-5,62,0
899,210,-306,2,7,0,63,0
904,237,-293,18,6,-1,64,0
895,199,-306,34,13,-6,65,0
527,1026,258,243,-72,-4,1,0
776,41,-270,451,289,-40,2,0
1540,-1074,-874,85,198,19,3,0
1203,-585,-391,-401,-238,21,4,0
718,1012,614,-548,-149,-63,5,0
387,1844,618,323,-196,-114,6,0
806,75,-45,832,562,44,7,0
2013,-2081,-1041,93,289,191,8,0
1213,-570,-575,-507,-350,-6,9,0
823,599,347,-590,-174,-54,10,0
425,1912,635,0,-306,-137,11,0
896,561,370,-240,-90,-2,12,0
497,1068,556,96,-99,-56,13,0
787,298,-125,491,384,3,14,0
1475,-1025,-1031,337,305,128,15,0
1431,-617,-783,-261,-127,-47,16,0
968,113,58,-432,-218,-25,17,0
493,1117,729,-254,-197,-93,18,0
413,817,456,272,79,10,19,0
1008,26,-332,409,427,74,20,0
1558,-681,-902,125,121,41,21,0
1224,-347,-507,-305,-194,-21,22,0
855,449,408,-472,-166,-60,23,0
560,1208,644,-126,-184,-89,24,0
592,604,58,386,169,28,25,0
1280,-359,-742,397,383,97,26,0
1543,-624,-702,-158,-87,-66,27,0
930,-33,-45,-364,-245,-35,28,0
806,604,555,-324,-41,-29,29,0
692,937,631,-40,-45,-13,30,0
611,613,219,263,67,-7,31,0
1042,-77,-436,352,278,1,32,0
1365,-596,-921,168,61,41,33,0
1128,-286,-745,-71,-72,32,34,0
1141,149,-298,-185,-11,30,35,0
1009,526,42,-117,-108,24,36,0
855,455,251,-21,-43,31,37,0
857,400,424,-44,-6,17,38,0
719,586,509,-52,-47,-20,39,0
732,545,278,88,62,-27,40,0
976,260,-269,184,133,-32,41,0
1190,-178,-865,213,76,4,42,0
1271,-389,-946,20,13,10,43,0
1179,-6,-527,-131,-76,9,44,0
1013,379,-58,-127,-85,0,45,0
905,429,246,-42,-55,5,46,0
798,387,449,-1,-41,0,47,0
700,348,456,10,-13,-1,48,0
764,339,293,28,57,-7,49,0
882,267,-76,77,71,-12,50,0
1059,158,-563,128,95,-9,51,0
1236,-56,-877,118,55,13,52,0
1246,-114,-715,-21,-25,11,53,0
1046,171,-294,-109,-95,4,54,0
904,421,49,-61,-52,1,55,0
769,232,258,73,34,-9,58,0
900,221,-84,84,69,-13,59,0
999,190,-525,148,51,3,60,0
1177,-15,-803,147,71,27,61,0
1231,-84,-644,-4,-20,18,62,0
1051,240,-235,-113,-83,-4,63,0
926,444,108,-63,-42,-8,64,0
857,404,318,10,-25,-12,65,0
1020,412,-24,374,64,50,1,0
1007,49,-53,476,39,71,2,0
985,-497,-170,289,0,38,3,0
980,-904,-229,-249,-8,-64,4,0
939,-631,36,-845,98,-171,5,0
1071,180,350,-1129,93,-267,6,0
1140,1166,659,-906,-162,-293,7,0
805,2135,687,119,-436,-86,8,0
372,1034,791,1150,1,184,9,0
747,-188,509,1190,524,233,10,0
1664,-1801,-125,56,2,108,11,0
823,412,133,96,87,17,12,0
1023,293,19,124,103,2,13,0
979,105,-33,-17,1,-16,16,0
965,167,-12,-81,12,-18,17,0
991,262,10,-102,7,-17,18,0
998,432,39,-58,0,-11,19,0
951,437,60,72,-12,16,20,0
944,289,58,123,29,15,21,0
980,96,-6,54,31,-4,22,0
1009,137,-29,-46,19,-20,23,0
1021,245,-17,-89,-2,-21,24,0
998,359,24,-69,-17,-13,25,0
948,454,86,39,-22,11,26,0
926,336,86,116,19,15,27,0
988,194,26,96,27,2,28,0
995,132,-13,18,9,-10,29,0
1007,203,-2,-31,2,-9,30,0
967,260,35,-46,-19,-8,31,0
948,339,56,-21,-1,-2,32,0
949,347,70,36,2,8,33,0
964,296,47,56,16,4,34,0
976,254,34,58,11,6,35,0
974,229,20,37,9,2,36,0
984,239,19,5,5,-2,37,0
969,291,39,1,0,-1,38,0
957,292,50,11,6,0,39,0
963,277,46,12,10,-4,40,0
967,272,42,11,9,-6,41,0
973,268,52,12,12,-5,42,0
972,271,62,12,11,-4,43,0
965,278,56,16,14,-3,44,0
979,275,42,19,19,-3,45,0
982,278,37,18,13,-5,46,0
982,289,36,22,10,-6,47,0
978,277,31,32,11,-3,48,0
982,257,27,35,12,0,49,0
975,241,34,22,8,-1,50,0
979,265,49,10,8,-2,51,0
972,283,56,13,3,-1,52,0
964,282,64,15,7,-1,53,0
968,281,76,17,10,-1,54,0
979,278,80,19,12,0,55,0
982,279,69,17,12,0,56,0
982,293,63,18,7,-1,57,0
979,285,60,22,11,0,58,0
984,272,56,21,10,-1,59,0
983,268,48,20,8,0,60,0
979,270,54,19,6,1,61,0
970,275,51,20,6,2,62,0
982,273,58,22,9,3,63,0
972,282,57,23,5,4,64,0
972,284,50,23,9,4,65,0
976,267,88,20,-7,3,1,0
1000,284,45,23,-10,1,2,0
1096,324,-38,29,-50,-15,3,0
250,-246,-141,108,-208,131,4,0
-63,-182,-69,63,-12,200,5,0
-41,-199,355,132,324,292,6,0
891,-156,692,42,1386,152,7,0
1945,-363,796,-103,1328,38,8,0
1576,452,481,-226,481,-290,9,0
1018,711,784,-338,551,-649,10,0
1395,1097,903,-371,835,-906,11,0
795,787,425,309,-402,160,12,0
637,712,334,400,-322,220,13,0
460,412,203,339,-222,171,14,0
497,449,124,315,-38,186,15,0
719,350,-71,302,150,228,16,0
976,380,-255,276,136,182,17,0
802,402,-118,322,29,197,18,0
554,301,173,450,134,245,19,0
840,0,237,486,469,235,20,0
1261,-134,135,449,457,238,21,0
1322,-229,38,397,272,200,22,0
1293,-307,-39,250,199,120,23,0
1204,-101,22,91,103,-41,24,0
1064,-132,223,-35,33,-106,25,0
967,26,302,-89,102,-128,26,0
988,30,309,-122,125,-198,27,0
1025,-260,253,-126,168,-135,28,0
1094,-259,192,-231,160,-126,29,0
1052,-130,281,-339,66,-173,30,0
1012,152,405,-397,16,-240,31,0
1024,219,429,-326,12,-216,32,0
1041,263,463,-288,-43,-225,33,0
929,255,551,-280,-118,-246,34,0
850,351,588,-244,-76,-222,35,0
859,329,573,-152,-27,-166,36,0
832,270,531,-72,-12,-100,37,0
845,264,485,-22,23,-61,38,0
976,338,329,11,3,-59,39,0
1103,397,225,22,-104,-118,40,0
1149,421,318,24,-167,-185,41,0
1051,433,348,108,-266,-136,42,0
949,644,394,239,-260,-84,43,0
888,615,312,408,-199,-10,44,0
664,427,296,467,-200,2,45,0
685,324,126,412,-12,-50,46,0
969,289,-92,381,91,-6,47,0
960,281,-157,306,-61,-28,48,0
746,308,-77,275,-68,-25,49,0
688,222,-36,278,72,22,50,0
811,236,-67,286,151,68,51,0
843,83,-59,267,162,89,52,0
879,93,-47,209,218,93,53,0
993,41,1,190,270,103,54,0
1105,-4,1,120,259,68,55,0
1062,144,60,18,229,-20,56,0
1042,210,128,-103,249,-194,57,0
1073,214,186,-176,243,-249,58,0
1128,336,213,-206,217,-242,59,0
1193,445,115,-125,111,-191,60,0
1165,403,74,-3,-28,-109,61,0
1039,249,178,-53,-150,-162,62,0
898,275,241,-172,-174,-198,63,0
897,449,272,-192,-129,-184,64,0
909,579,249,-133,-152,-153,65,0
984,1715,1116,563,-1,-266,1,0
992,1089,1080,726,-32,-234,2,0
862,602,838,596,-83,-280,3,0
827,787,730,480,-21,-277,4,0
1073,673,940,555,65,-201,5,0
742,454,1576,530,-22,-244,6,0
558,431,2129,452,274,-284,7,0
1032,877,2365,412,759,-406,8,0
2511,1217,1984,596,808,-473,9,0
2433,830,982,677,701,-671,10,0
3529,1,139,907,828,-536,11,0
657,507,-71,-157,-55,137,12,0
687,486,-60,-163,18,156,13,0
700,354,26,-265,45,149,14,0
699,486,157,-371,59,128,15,0
678,573,252,-367,97,127,16,0
736,449,318,-387,185,108,17,0
879,387,406,-479,232,73,18,0
942,508,463,-508,164,50,19,0
1031,642,318,-441,160,75,20,0
1196,769,140,-310,148,91,21,0
1277,709,-26,-181,65,137,22,0
1293,737,-66,-142,5,162,23,0
1247,794,-76,-131,-35,137,24,0
1246,857,-87,-113,-55,99,25,0
1197,823,-40,-64,-133,82,26,0
1144,764,1,5,-178,106,27,0
1216,868,56,118,-232,133,28,0
715,363,212,259,-171,116,31,0
740,274,189,208,-70,69,32,0
752,248,191,110,24,-8,33,0
800,342,227,63,153,-54,34,0
933,444,274,84,291,-85,35,0
1139,440,298,83,376,-219,36,0
1258,316,280,78,317,-299,37,0
1230,137,221,14,242,-315,38,0
1268,118,119,-122,241,-346,39,0
1287,251,67,-189,126,-370,40,0
1164,165,72,-242,20,-351,41,0
1057,192,130,-319,-11,-339,42,0
995,170,212,-350,-38,-315,43,0
928,116,278,-438,-73,-326,44,0
860,179,371,-551,-82,-353,45,0
830,375,407,-541,-114,-333,46,0
831,535,464,-342,-143,-221,47,0
799,369,480,-104,-131,-72,48,0
807,231,500,-13,-137,14,49,0
835,274,514,-10,-154,41,50,0
849,313,522,27,-172,74,51,0
872,332,526,63,-162,105,52,0
964,392,484,95,-155,132,53,0
1041,500,479,167,-207,185,54,0
1036,604,488,247,-242,209,55,0
1041,774,480,376,-247,237,56,0
1018,709,500,514,-228,269,57,0
1077,694,123,379,-191,128,60,0
1045,534,57,405,-208,84,61,0
924,352,-5,371,-226,18,62,0
879,246,-72,347,-166,9,63,0
1002,181,-182,327,-137,9,64,0
832,75,-140,267,-196,-30,65,0
337,1529,1799,485,-761,-162,1,0
109,1273,1394,608,-333,-251,2,0
847,1300,700,583,37,-425,3,0
1011,1097,559,727,-10,-434,4,0
1051,555,529,712,75,-446,5,0
998,426,534,647,58,-380,6,0
608,225,807,707,120,-235,7,0
53,9,1138,731,319,-142,8,0
26,48,1542,645,614,-133,9,0
1215,-499,1446,673,1726,-113,10,0
3058,-1646,1296,299,1605,191,11,0
933,130,231,-384,117,-408,12,0
859,406,316,-600,166,-546,13,0
898,703,430,-609,160,-599,14,0
835,675,435,-578,17,-617,15,0
716,611,504,-517,-92,-591,16,0
691,389,531,-444,-175,-543,17,0
757,186,588,-484,-298,-563,18,0
754,376,760,-385,-456,-486,19,0
794,387,857,-79,-474,-296,20,0
775,260,939,54,-491,-161,21,0
684,391,882,63,-521,-64,22,0
691,629,775,133,-408,52,23,0
909,784,695,202,-288,113,24,0
891,961,687,233,-456,47,25,0
757,1144,552,329,-361,-77,26,0
796,1025,521,467,-286,-103,27,0
780,953,404,514,-198,-176,28,0
745,831,334,541,-144,-227,29,0
705,721,186,529,-71,-259,30,0
614,638,67,543,-11,-237,31,0
468,512,29,533,97,-217,32,0
694,317,-106,517,178,-159,33,0
661,224,-246,455,114,-99,34,0
314,160,-263,414,164,-49,35,0
238,53,-145,313,379,-37,36,0
682,-40,27,235,670,18,37,0
1084,98,178,162,749,-2,38,0
1414,263,71,135,679,-46,39,0
1478,371,18,135,438,-144,40,0
1314,221,11,116,238,-194,41,0
1198,-121,-42,-71,170,-193,42,0
1035,119,118,-386,163,-321,43,0
955,520,246,-524,158,-430,44,0
910,757,364,-481,109,-463,45,0
858,576,350,-400,118,-429,46,0
871,563,395,-439,73,-448,47,0
830,555,378,-436,-89,-443,48,0
805,556,436,-348,-204,-375,49,0
855,499,519,-218,-273,-298,50,0
886,489,597,-75,-385,-197,51,0
807,387,744,15,-456,-64,52,0
791,336,737,16,-404,30,53,0
874,410,667,-22,-368,60,54,0
796,508,597,-35,-393,40,55,0
795,580,448,-25,-299,15,56,0
950,729,330,45,-239,17,57,0
1055,757,299,219,-346,70,58,0
619,480,246,262,-308,80,59,0
871,664,124,234,-165,6,60,0
779,820,115,367,-201,0,61,0
647,698,113,481,-69,-68,62,0
904,631,82,580,-14,-100,63,0
746,435,51,624,19,-97,64,0
748,220,-2,578,94,-88,65,0
1391,496,-532,130,50,-145,1,0
1789,160,-551,163,74,18,2,0
1710,178,-170,-106,-305,-87,3,0
874,442,320,-166,-519,-122,4,0
573,218,858,-50,-111,-48,5,0
456,-105,1604,-130,45,-27,6,0
-176,636,2112,-27,-352,18,7,0
50,928,1822,130,136,18,8,0
1110,670,36,363,745,96,9,0
1697,198,-950,249,92,9,10,0
2457,-1213,-3672,533,-183,44,11,0
1315,-96,-836,57,97,0,12,0
1247,94,-653,-65,-46,-7,13,0
1034,320,-385,-61,-62,15,14,0
941,381,-104,-38,-31,38,15,0
825,434,238,-51,-48,42,16,0
699,560,461,-36,-27,53,17,0
704,598,530,-20,42,52,18,0
808,605,397,6,69,39,19,0
891,536,60,45,68,15,20,0
1047,298,-388,121,105,16,21,0
1308,-90,-622,108,121,65,22,0
1360,-25,-416,-59,-22,46,23,0
1058,241,-84,-122,-139,55,24,0
825,555,251,-102,-92,70,25,0
712,644,432,-9,-42,85,26,0
720,541,449,7,23,57,27,0
832,494,355,-23,56,28,28,0
953,453,148,-29,58,12,29,0
1218,-107,-380,38,55,28,32,0
1147,-100,-314,-65,-65,25,33,0
1057,6,-158,-130,-55,32,34,0
1024,84,-26,-177,-65,39,35,0
947,167,105,-223,-73,40,36,0
905,241,200,-279,-47,22,37,0
931,512,254,-288,-25,-21,38,0
899,708,294,-103,-55,-3,39,0
852,539,264,82,8,27,40,0
930,336,199,127,59,10,41,0
945,315,76,124,31,-27,42,0
1043,194,-111,192,95,-27,43,0
1296,-104,-265,196,110,8,44,0
1301,-250,-235,75,-44,22,45,0
1072,-145,-117,-83,-109,-1,46,0
993,59,3,-147,-55,-3,47,0
992,225,57,-134,-56,-2,48,0
932,304,117,-52,-56,19,49,0
877,247,151,-1,-27,25,50,0
867,185,141,-6,4,12,51,0
944,161,111,-29,33,7,52,0
1012,144,114,-48,30,24,53,0
975,232,136,-87,-5,4,54,0
933,372,35,-31,13,-5,55,0
1043,242,-169,113,81,35,56,0
1202,-41,-291,121,53,65,57,0
1073,-77,-213,-12,-80,44,58,0
926,96,-16,-116,-62,19,59,0
938,211,103,-142,-30,7,60,0
925,294,197,-123,-32,1,61,0
917,314,244,-82,-4,1,62,0
896,342,275,-42,-2,-1,63,0
874,317,288,14,19,11,64,0
891,248,238,43,41,23,65,0
924,232,168,49,116,-25,1,0
1011,279,155,0,164,-24,2,0
1183,420,48,8,138,-30,3,0
1470,393,-39,71,-31,-73,4,0
1431,-293,-32,-77,-293,-83,5,0
993,-486,377,-564,-445,-191,6,0
510,356,1297,-788,-269,-269,7,0
-284,1630,1700,-150,-384,-292,8,0
359,1039,937,730,190,28,9,0
966,312,249,-1,27,42,12,0
922,403,308,-35,23,28,13,0
903,443,344,-11,31,26,14,0
903,417,353,30,46,32,15,0
914,355,343,50,60,37,16,0
930,326,318,37,63,32,17,0
960,341,301,20,56,22,18,0
969,361,301,15,29,13,19,0
975,378,277,21,10,6,20,0
1038,390,260,30,-35,-15,21,0
932,311,304,16,-73,-19,22,0
879,318,331,-2,-23,-9,23,0
894,355,328,-3,5,-6,24,0
925,381,310,17,25,3,25,0
965,369,283,37,26,11,26,0
946,344,281,36,6,8,27,0
927,326,299,26,12,4,28,0
935,333,313,21,14,4,29,0
941,356,306,27,11,7,30,0
960,392,309,47,-3,5,31,0
930,371,330,72,-14,10,32,0
917,358,348,93,-5,16,33,0
916,367,346,116,-1,23,34,0
913,355,344,139,7,28,35,0
917,343,331,152,15,29,36,0
928,322,315,155,21,28,37,0
940,308,279,149,21,29,38,0
960,297,238,136,19,26,39,0
955,282,218,119,11,25,40,0
955,266,211,101,11,23,41,0
963,256,204,82,13,20,42,0
969,254,194,61,9,17,43,0
962,253,196,43,7,13,44,0
956,251,205,29,9,10,45,0
963,263,211,18,13,6,46,0
971,276,219,15,7,3,47,0
949,291,219,14,2,1,48,0
970,314,211,16,4,0,49,0
950,311,224,20,-13,-2,50,0
924,305,237,17,-1,0,51,0
934,306,248,13,8,-1,52,0
953,300,248,14,12,-1,53,0
970,290,251,19,12,0,54,0
976,284,240,22,10,4,55,0
969,294,217,22,6,4,56,0
960,312,200,22,8,2,57,0
964,310,200,22,13,1,58,0
967,307,208,22,13,1,59,0
969,306,219,23,15,2,60,0
959,302,228,26,17,4,61,0
964,300,237,33,19,6,62,0
963,296,240,39,19,8,63,0
964,289,244,43,20,10,64,0
965,285,243,43,18,11,65,0
-454,196,-354,-64,31,-35,1,0
-546,430,-228,-66,18,-40,2,0
-520,401,-159,-21,66,-31,3,0
-484,258,-76,-34,63,-29,4,0
-490,110,85,-100,83,-13,5,0
-405,98,242,-172,151,16,6,0
-275,-136,360,-228,204,53,7,0
-137,-26,426,-230,288,125,8,0
-133,-87,274,-93,250,321,9,0
29,3922,-2554,248,-388,-498,10,0
-1436,-928,-337,130,-478,393,11,0
-305,692,-430,37,10,-11,12,0
-293,671,-442,22,18,-7,13,0
-285,666,-419,14,13,-6,14,0
-285,688,-393,20,11,-4,15,0
-292,670,-374,37,14,-1,16,0
-328,556,-373,60,29,15,17,0
-298,544,-467,49,64,47,18,0
-272,613,-536,27,90,63,19,0
-216,735,-583,-2,54,62,20,0
-256,788,-576,-8,53,59,21,0
-260,796,-536,29,42,42,22,0
-259,724,-544,53,66,42,23,0
-182,713,-572,36,61,37,24,0
-194,791,-567,20,26,35,25,0
-175,833,-552,31,38,22,26,0
-147,800,-549,43,21,7,27,0
-137,740,-546,31,8,-2,28,0
-142,694,-503,14,-6,-1,29,0
-181,657,-435,10,-13,6,30,0
-216,696,-401,30,2,20,31,0
-169,730,-465,49,42,25,32,0
-123,750,-530,43,32,23,33,0
-134,801,-563,25,30,17,34,0
-130,789,-573,13,33,9,35,0
-149,784,-581,2,34,2,36,0
-139,790,-592,1,47,-6,37,0
-123,769,-605,13,47,-16,38,0
-117,717,-604,21,41,-21,39,0
-119,686,-600,20,40,-20,40,0
-100,691,-609,24,38,-17,41,0
-98,707,-607,26,24,-13,42,0
-97,714,-605,28,24,-12,43,0
-98,733,-594,32,15,-11,44,0
-94,729,-589,41,19,-15,45,0
-83,710,-588,40,18,-19,46,0
-64,687,-591,32,17,-17,47,0
-80,693,-564,28,6,-13,48,0
-93,693,-568,31,15,-12,49,0
-63,683,-587,30,20,-12,50,0
-65,675,-581,25,6,-11,51,0
-84,688,-576,22,10,-8,52,0
-70,682,-591,22,13,-5,53,0
-58,682,-596,18,8,-6,54,0
-67,659,-573,12,0,-4,55,0
-103,669,-556,7,0,0,56,0
-98,698,-565,9,11,0,57,0
-99,702,-569,14,9,-2,58,0
-93,683,-570,17,11,-5,59,0
-104,672,-578,19,8,-3,60,0
-84,671,-603,16,19,-1,61,0
-57,674,-629,9,10,0,62,0
-71,668,-608,0,2,0,63,0
-93,672,-582,0,2,2,64,0
-83,672,-595,4,13,4,65,0
-158,537,-442,43,-147,-145,1,0
-232,371,-244,30,-157,-134,2,0
-294,202,-74,29,-131,-108,3,0
-319,70,96,20,-87,-70,4,0
-358,39,218,-1,-38,-20,5,0
-301,-7,299,-25,55,18,6,0
-227,-107,399,-74,94,49,7,0
-215,-8,493,-77,145,117,8,0
-118,61,391,-66,269,191,9,0
101,337,-31,-94,340,225,10,0
196,3922,-3922,-3,-48,48,11,0
-345,588,-492,17,34,-6,12,0
-321,561,-572,4,23,-2,13,0
-303,661,-640,66,46,11,16,0
-312,567,-686,33,5,6,17,0
-336,628,-650,1,2,15,18,0
-333,653,-610,18,-2,15,19,0
-320,622,-592,29,2,13,20,0
-311,590,-576,27,0,15,21,0
-293,580,-555,21,2,18,22,0
-297,570,-517,19,-2,24,23,0
-304,589,-498,16,3,34,24,0
-304,634,-499,11,5,38,25,0
-324,691,-520,12,9,34,26,0
-309,708,-555,17,20,27,27,0
-305,706,-575,13,11,21,28,0
-307,731,-591,9,11,16,29,0
-290,735,-604,8,7,8,30,0
-300,704,-588,12,0,2,31,0
-299,658,-571,12,0,0,32,0
-303,653,-555,8,-5,0,33,0
-322,676,-545,12,-5,-3,34,0
-295,681,-562,19,7,-7,35,0
-280,660,-565,22,-3,-10,36,0
-273,626,-549,20,0,-10,37,0
-293,604,-502,15,-10,-7,38,0
-332,655,-508,20,-2,-3,39,0
-305,737,-588,28,12,-7,40,0
-265,770,-663,29,4,-17,41,0
-275,749,-653,26,-17,-25,42,0
-275,721,-626,31,-11,-27,43,0
-240,621,-595,29,-13,-27,44,0
-268,552,-528,22,-32,-20,45,0
-293,535,-487,20,-17,-11,46,0
-293,535,-476,20,-13,-4,47,0
-312,568,-509,19,0,4,48,0
-304,602,-544,18,3,10,49,0
-324,627,-560,12,0,12,50,0
-344,660,-569,11,6,11,51,0
-331,666,-587,12,10,7,52,0
-341,653,-583,13,4,1,53,0
-350,625,-568,15,4,0,54,0
-342,623,-567,16,4,0,55,0
-329,629,-577,20,4,0,56,0
-325,625,-579,20,-1,0,57,0
-330,630,-568,19,-6,1,58,0
-332,632,-568,21,-5,3,59,0
-328,627,-567,20,-7,4,60,0
-332,630,-555,18,-7,6,61,0
-332,640,-551,18,-7,6,62,0
-344,633,-539,20,-8,5,63,0
-342,630,-540,20,-1,4,64,0
-345,627,-536,18,-3,4,65,0
-493,1141,-601,28,-17,-53,1,0
-479,1466,-670,-8,-21,-60,2,0
-390,1569,-563,13,-40,-125,3,0
-396,1170,-212,105,-101,-208,4,0
-278,495,81,132,-25,-219,5,0
-87,-122,467,106,18,-164,6,0
-113,-781,985,61,40,-59,7,0
-133,-1219,1185,24,133,63,8,0
228,-1045,561,-63,363,257,9,0
688,613,-551,-262,340,350,10,0
322,2600,-1134,-249,-161,245,11,0
-327,883,-310,26,18,-17,12,0
-299,761,-314,18,8,-16,13,0
-312,735,-289,12,-5,-5,14,0
-302,767,-285,10,1,3,15,0
-302,805,-284,11,-3,8,16,0
-308,808,-302,12,0,11,17,0
-314,840,-304,9,-6,11,18,0
-337,864,-288,13,-8,12,19,0
-329,871,-282,17,0,6,20,0
-336,852,-263,18,-10,3,21,0
-340,844,-254,17,-5,1,22,0
-325,848,-253,17,-4,0,23,0
-328,840,-236,18,-4,0,24,0
-318,834,-224,17,1,-1,25,0
-316,805,-210,19,0,-1,26,0
-307,813,-229,18,10,2,27,0
-292,840,-247,14,7,1,28,0
-306,836,-247,15,2,0,29,0
-301,826,-252,16,10,0,30,0
-299,841,-261,11,5,2,31,0
-312,861,-259,12,6,2,32,0
-307,854,-271,14,8,1,33,0
-312,851,-272,12,3,0,34,0
-324,839,-272,12,5,0,35,0
-316,844,-275,14,8,-1,36,0
-313,833,-283,16,6,-2,37,0
-315,825,-272,15,5,-1,38,0
-313,843,-271,16,7,0,39,0
-304,840,-273,17,7,0,40,0
-310,831,-264,17,6,0,41,0
-307,828,-261,18,8,0,42,0
-307,848,-265,17,7,1,43,0
-299,862,-274,17,10,0,44,0
-303,845,-262,17,4,-3,45,0
-304,837,-263,16,8,-3,46,0
-301,837,-269,14,7,-1,47,0
-299,854,-270,14,7,-2,48,0
-299,836,-263,13,6,-3,49,0
-310,824,-254,13,5,-2,50,0
-302,831,-255,14,10,-1,51,0
-302,844,-273,14,7,-1,52,0
-297,858,-277,14,8,-2,53,0
-300,849,-274,14,5,-2,54,0
-303,837,-276,15,5,-2,55,0
-297,828,-277,15,5,-1,56,0
-298,821,-271,17,2,0,57,0
-306,820,-266,15,3,0,58,0
-304,834,-261,16,2,2,59,0
-294,851,-267,16,4,1,60,0
-299,860,-266,16,0,0,61,0
-305,848,-264,16,2,0,62,0
-300,856,-269,15,2,0,63,0
-302,848,-268,16,1,-1,64,0
-307,837,-266,16,1,-1,65,0
305,-402,136,61,279,285,1,0
582,-457,134,-19,408,396,2,0
1037,-282,83,-183,514,550,3,0
1700,254,122,-376,543,582,4,0
2214,681,469,-508,339,560,5,0
2411,884,810,-562,79,604,6,0
2608,1140,1128,-619,141,610,7,0
2886,1601,1298,-614,88,556,8,0
2593,2254,1203,-389,-313,624,9,0
1759,2110,1226,-337,-467,659,10,0
718,1661,847,-268,-603,33,11,0
1032,183,325,115,27,-157,12,0
1027,51,323,115,34,-133,13,0
1048,20,326,96,31,-85,14,0
1033,77,346,66,-2,-64,15,0
983,118,373,48,-10,-75,16,0
980,117,374,52,17,-72,17,0
972,127,362,66,14,-49,18,0
956,178,359,80,30,-26,19,0
966,200,342,90,38,-16,20,0
954,203,322,87,28,-13,21,0
936,178,298,89,24,-2,22,0
929,170,277,80,20,16,23,0
941,230,240,45,9,14,24,0
1015,322,209,18,-24,-14,25,0
948,333,254,25,-79,-8,26,0
872,342,296,36,-31,18,27,0
903,367,285,36,12,20,28,0
945,384,256,36,21,10,29,0
984,382,222,45,27,8,30,0
978,360,229,55,10,8,31,0
954,331,235,51,8,1,32,0
967,330,231,40,4,-6,33,0
971,343,224,35,-17,-15,34,0
939,329,249,36,-26,-12,35,0
925,324,259,32,-10,-6,36,0
918,328,265,20,-5,-8,37,0
913,342,264,17,4,-7,38,0
934,346,252,28,15,-2,39,0
941,322,244,29,11,0,40,0
941,318,248,19,11,1,41,0
934,328,242,13,8,3,42,0
933,330,231,15,10,6,43,0
947,318,236,9,16,7,44,0
959,322,233,4,15,10,45,0
948,341,231,2,10,12,46,0
935,362,223,6,7,11,47,0
933,365,220,17,7,12,48,0
934,356,224,22,6,13,49,0
925,359,238,21,4,13,50,0
928,368,232,27,5,12,51,0
956,366,230,39,3,9,52,0
972,332,247,44,-6,5,53,0
947,297,267,31,-13,2,54,0
921,307,260,22,-4,2,55,0
933,303,250,27,12,4,56,0
962,278,226,23,14,2,57,0
962,280,222,11,7,0,58,0
981,296,234,3,17,2,59,0
1005,311,240,3,14,6,60,0
988,319,231,10,1,9,61,0
978,305,231,20,13,14,62,0
977,274,223,26,15,16,63,0
969,242,214,25,14,18,64,0
967,225,220,13,19,14,65,0
1296,1180,221,88,73,-126,1,0
1411,1156,292,136,-2,-199,2,0
1370,1041,359,154,-71,-252,3,0
1328,1023,382,165,-89,-299,4,0
1284,913,397,194,-87,-315,5,0
1227,786,376,146,-94,-343,6,0
1170,874,387,91,-92,-370,7,0
1193,1030,431,96,-65,-367,8,0
1146,1128,502,150,-101,-366,9,0
942,992,487,224,-148,-386,10,0
775,735,425,243,-122,-403,11,0
-352,265,-146,20,45,83,12,0
-219,107,-130,5,78,128,13,0
-134,83,-74,-38,24,179,14,0
-67,72,-15,-41,45,242,15,0
138,129,23,-50,129,335,16,0
331,335,40,-65,128,398,17,0
467,585,19,-58,106,437,18,0
560,558,35,-49,91,424,19,0
725,667,95,-99,164,452,20,0
953,824,123,-185,238,493,21,0
1113,1532,200,-157,-152,240,24,0
954,1334,160,-30,33,258,25,0
1157,1153,95,14,157,264,26,0
1142,950,109,-21,-3,194,27,0
973,854,162,-60,-21,145,28,0
961,822,181,-60,23,124,29,0
957,731,199,-33,15,120,30,0
949,623,224,-18,25,128,31,0
957,567,251,-22,27,131,32,0
955,551,286,-31,27,123,33,0
964,556,307,-34,36,111,34,0
985,560,333,-25,45,93,35,0
993,554,354,-10,37,69,36,0
970,540,366,12,24,45,37,0
934,510,362,40,29,24,38,0
929,448,359,64,39,9,39,0
953,378,335,71,46,0,40,0
948,337,330,71,33,-1,41,0
935,318,348,64,23,-8,42,0
957,299,305,100,37,21,43,0
966,216,320,137,21,43,44,0
935,153,330,124,1,42,45,0
929,136,334,94,17,33,46,0
958,137,322,68,25,26,47,0
982,166,328,42,22,16,48,0
973,208,350,28,13,9,49,0
968,241,365,26,14,7,50,0
959,255,368,32,11,7,51,0
955,239,360,40,10,7,52,0
954,215,360,41,9,8,53,0
953,213,350,22,5,2,56,0
955,220,348,21,3,2,57,0
955,218,352,20,4,0,58,0
958,213,359,16,5,-1,59,0
962,219,356,12,0,-3,60,0
940,229,359,11,-4,-3,61,0
933,237,356,11,0,-4,62,0
940,246,350,11,2,-4,63,0
936,257,355,11,0,-5,64,0
931,273,358,15,1,-4,65,0
278,-131,453,-132,-39,323,1,0
415,-95,488,-119,75,429,2,0
715,-77,486,-123,224,507,3,0
1375,-64,555,-241,475,597,4,0
2316,301,919,-643,558,531,5,0
2706,1701,1251,-812,44,393,6,0
2506,2427,931,-422,-3,638,7,0
2911,2215,755,-113,174,653,8,0
2363,1749,729,-141,-301,527,9,0
1405,1725,707,-332,-461,281,10,0
643,1544,609,-355,-346,-107,11,0
929,399,424,98,50,-53,12,0
947,356,400,118,47,-57,13,0
935,302,397,129,35,-56,14,0
928,255,388,122,40,-53,15,0
918,243,364,108,35,-50,16,0
908,230,343,93,37,-46,17,0
909,231,324,81,38,-37,18,0
904,240,314,76,39,-24,19,0
902,243,296,77,43,-7,20,0
927,247,270,76,41,4,21,0
934,251,248,74,35,18,22,0
946,232,248,55,26,24,23,0
936,250,259,19,15,22,24,0
943,320,259,0,11,23,25,0
961,380,242,-8,5,19,26,0
956,410,254,-20,-3,7,27,0
944,434,266,-15,-4,11,28,0
931,436,285,5,-1,20,29,0
932,404,300,21,5,21,30,0
940,365,294,31,6,26,31,0
927,341,302,26,-1,26,32,0
913,330,311,18,-2,27,33,0
922,348,308,15,0,24,34,0
932,342,313,10,-1,20,35,0
937,327,323,-1,-8,11,36,0
926,252,327,-38,-9,0,37,0
879,5,344,-166,-15,-21,38,0
940,91,372,-466,31,-154,39,0
973,376,458,-507,-34,-165,40,0
902,606,515,-442,-86,-175,41,0
844,689,527,-188,-75,-95,42,0
825,502,550,43,-18,-3,43,0
849,485,551,160,-10,37,44,0
817,555,563,332,0,101,45,0
828,410,532,454,54,144,46,0
845,104,460,413,66,132,47,0
901,-243,331,142,66,55,48,0
967,-259,313,-338,64,-121,49,0
966,326,462,-570,0,-222,50,0
929,772,501,-435,-100,-194,51,0
801,823,541,-29,-105,-30,52,0
813,614,568,236,30,63,53,0
830,558,628,457,1,151,54,0
760,354,613,556,48,182,55,0
842,148,481,491,124,152,56,0
956,13,329,307,110,77,57,0
992,23,251,86,73,0,58,0
989,160,236,-66,42,-41,59,0
1003,284,263,-136,19,-62,60,0
978,377,315,-111,-23,-51,61,0
899,407,387,-54,-35,-30,62,0
879,408,400,14,5,-2,63,0
916,365,377,71,25,18,64,0
943,349,347,96,25,23,65,0
1100,-53,230,151,89,-5,1,0
1021,-169,285,-81,59,-159,2,0
719,-3,459,-564,41,-619,3,0
321,-240,949,-1075,125,-1088,4,0
57,-43,1242,-1715,360,-1514,5,0
961,1200,394,-1697,764,-1347,6,0
1992,1084,-822,-394,96,-780,7,0
1944,251,773,533,-573,-310,8,0
1849,-481,1825,572,-806,127,9,0
1564,640,2629,260,-1212,230,10,0
824,1715,2167,379,-1386,365,11,0
1467,523,138,-445,183,-355,12,0
1413,560,160,-130,-125,-164,13,0
1282,415,564,78,-252,-56,14,0
1159,237,691,183,-412,-18,15,0
845,31,743,101,-476,-70,16,0
575,-20,651,-43,-316,-130,17,0
516,119,585,-135,-17,-126,18,0
786,286,469,-135,216,-108,19,0
1189,385,143,22,224,1,20,0
1287,340,56,309,5,171,21,0
913,-81,215,11,25,-1,24,0
1023,93,180,-73,37,-22,25,0
991,204,206,-99,14,-36,26,0
969,270,276,-84,14,-39,27,0
943,268,332,-62,10,-30,28,0
930,299,345,-57,18,-22,29,0
949,330,344,-39,27,-11,30,0
961,344,360,-16,18,-4,31,0
944,340,374,4,4,7,32,0
914,334,385,31,6,24,33,0
915,307,384,34,13,18,34,0
943,295,359,22,13,5,35,0
958,312,338,18,1,1,36,0
953,320,331,23,-7,2,37,0
942,293,328,31,-4,5,38,0
948,265,318,35,0,8,39,0
958,249,302,35,1,8,40,0
960,241,299,32,3,6,41,0
965,227,298,27,3,3,42,0
961,225,301,20,4,0,43,0
957,227,316,12,4,-4,44,0
954,245,313,10,5,-6,45,0
962,248,323,10,9,-8,46,0
964,246,331,7,4,-9,47,0
948,265,342,4,-1,-8,48,0
938,284,336,6,0,-6,49,0
941,294,326,11,1,-5,50,0
941,284,326,16,1,-2,51,0
949,278,325,16,1,-1,52,0
948,284,320,15,-1,0,53,0
946,282,318,19,4,0,54,0
960,271,312,23,3,1,55,0
954,260,307,22,1,1,56,0
952,261,309,19,4,0,57,0
953,261,308,19,3,0,58,0
948,263,312,19,4,0,59,0
952,263,318,19,4,0,60,0
953,269,318,18,4,0,61,0
951,275,322,18,3,0,62,0
951,279,318,21,2,0,63,0
949,277,316,23,4,1,64,0
959,268,317,22,5,1,65,0
1004,-429,472,-304,-223,67,1,0
1020,-79,442,-411,-110,42,2,0
1191,-7,579,-379,-105,101,3,0
1133,99,622,-424,-168,25,4,0
1087,401,864,-290,-153,89,5,0
956,136,1366,-210,-89,110,6,0
374,494,1619,-207,-103,92,7,0
143,735,1747,-12,95,109,8,0
550,672,2204,47,906,59,9,0
1597,576,2395,-18,1743,63,10,0
3922,-1535,-3922,-746,-1015,-546,11,0
792,166,685,17,22,-7,12,0
797,71,679,45,-11,7,13,0
758,27,700,40,5,9,14,0
813,65,697,8,4,-5,17,0
820,84,678,11,2,-3,18,0
820,84,672,20,-4,4,19,0
816,87,690,29,-7,14,20,0
808,60,692,34,-3,16,21,0
800,66,686,26,-7,15,22,0
811,58,686,31,-8,20,23,0
834,76,683,29,-1,17,24,0
836,99,691,34,3,18,25,0
833,103,687,39,6,17,26,0
821,96,678,49,11,19,27,0
829,111,695,54,14,18,28,0
826,127,690,55,5,9,29,0
817,169,695,56,2,-3,30,0
809,197,700,66,-1,-12,31,0
753,188,695,41,-21,-37,32,0
718,148,678,57,-14,-43,33,0
791,48,605,59,16,-39,34,0
868,14,571,26,-11,-51,35,0
892,115,571,0,-13,-55,36,0
937,126,559,29,-23,-29,37,0
964,186,552,50,-33,-1,38,0
915,181,543,87,-40,45,39,0
868,115,545,63,-46,70,40,0
817,199,730,42,-59,61,41,0
861,138,579,93,-33,96,42,0
925,139,587,95,-26,120,43,0
953,150,616,106,-54,110,44,0
952,134,609,101,-62,75,45,0
913,65,560,72,-58,59,46,0
901,40,591,26,-28,59,47,0
911,185,562,35,-10,36,48,0
943,265,475,95,1,16,49,0
905,154,485,128,-27,22,50,0
913,154,439,108,-4,14,51,0
894,278,405,103,-38,3,52,0
876,263,410,166,-24,30,53,0
963,196,428,168,-14,34,54,0
967,212,446,160,-54,40,55,0
951,207,458,151,-43,44,56,0
948,236,467,98,-24,22,57,0
929,357,499,33,-3,-22,58,0
918,426,524,69,-34,-42,59,0
889,342,550,198,2,11,60,0
947,351,529,294,24,29,61,0
958,377,567,383,-20,25,62,0
936,314,590,464,-7,29,63,0
921,179,617,463,6,25,64,0
910,146,540,428,41,12,65,0
1020,267,387,-128,-101,-91,1,0
985,257,411,-136,-101,-104,2,0
944,246,418,-129,-101,-104,3,0
1659,98,611,-136,478,-68,4,0
2592,451,56,-98,366,-31,5,0
2234,597,-84,-34,-383,-98,6,0
1078,382,194,-155,-478,-87,7,0
886,460,303,-144,116,80,8,0
1028,724,26,-35,177,189,9,0
316,760,-20,259,-257,314,10,0
-503,817,-194,545,-104,170,11,0
615,206,169,522,207,20,12,0
428,-298,-42,482,41,19,13,0
173,-302,-133,226,-88,-4,14,0
98,122,-70,130,57,3,15,0
249,149,-51,165,99,-5,16,0
470,49,27,157,68,-17,17,0
1026,-99,273,102,311,-14,18,0
2256,-281,1210,-43,800,37,19,0
3033,-11,1721,-245,44,-142,20,0
1383,216,1113,-137,-540,-108,21,0
1275,314,652,0,344,-70,22,0
2354,-76,75,130,827,26,23,0
2275,-311,-503,190,-391,-10,24,0
569,-397,-373,-28,-644,-84,25,0
-1,-110,-212,-138,-421,0,26,0
-268,338,-15,-38,-288,73,27,0
-280,541,56,258,22,143,28,0
136,221,-69,362,274,134,29,0
545,40,-9,308,161,140,30,0
1047,-78,322,173,238,153,31,0
1893,-133,902,0,487,221,32,0
2264,181,1382,-253,-92,177,33,0
1588,657,1575,-363,-347,166,34,0
1368,893,1391,-309,-250,-6,35,0
773,738,947,-145,-346,-174,36,0
505,379,583,-31,-58,-261,37,0
485,227,337,58,129,-261,38,0
453,-5,137,150,131,-187,39,0
383,-224,-30,136,139,-94,40,0
430,-201,-70,53,191,-22,41,0
711,-133,-18,0,206,-9,42,0
1388,-92,356,-43,444,17,43,0
1419,198,686,-154,22,-69,46,0
1534,288,242,-105,35,-123,47,0
1150,234,-8,-35,-80,-141,48,0
900,-5,-159,76,-20,-72,49,0
860,-65,-200,42,-25,-21,50,0
730,141,61,3,-96,2,51,0
679,184,206,55,-65,34,52,0
901,79,207,56,16,45,53,0
1203,95,292,19,-4,44,54,0
1367,150,286,-49,-99,34,55,0
929,299,496,-85,-239,58,56,0
693,400,530,-66,-132,74,57,0
730,502,411,2,29,30,58,0
1061,339,48,112,92,17,59,0
1136,207,-43,64,-4,2,60,0
957,108,140,12,-61,-21,61,0
981,123,211,3,41,-27,62,0
1131,65,115,38,25,8,63,0
1017,92,126,47,-69,-6,64,0
870,171,235,71,-71,-32,65,0
995,81,169,102,78,14,1,0
1015,94,157,58,67,23,2,0
1018,117,148,13,42,26,3,0
996,138,177,-24,4,31,4,0
970,191,215,-52,-29,30,5,0
915,207,270,-71,-61,21,6,0
876,237,315,-84,-54,17,7,0
2834,-124,1755,-427,187,-32,8,0
2588,350,1729,-510,49,73,9,0
1797,965,1057,-285,-257,86,10,0
1046,967,511,46,-283,85,11,0
553,-69,228,92,193,-135,12,0
1674,-436,842,109,783,5,13,0
3315,-473,1934,-303,730,272,14,0
3118,700,2260,-604,-316,447,15,0
1683,2036,1483,-550,-562,3,16,0
919,1543,633,-240,-386,-245,17,0
834,1235,426,137,350,-134,18,0
1064,574,132,320,281,-170,19,0
917,7,-268,577,-26,32,20,0
606,-352,-339,571,-296,138,21,0
516,-394,-183,152,-467,-134,22,0
147,-199,372,165,-444,-219,23,0
165,-362,448,88,8,-180,24,0
1761,319,453,-145,492,241,27,0
1910,600,369,-106,203,215,28,0
1560,579,405,-38,-75,136,29,0
1194,425,480,60,-208,109,30,0
937,346,491,61,-246,40,31,0
657,252,428,32,-225,11,32,0
519,287,359,11,-44,9,33,0
671,312,247,5,137,1,34,0
802,309,195,15,83,-6,35,0
843,292,215,31,73,0,36,0
999,253,271,30,86,8,37,0
1077,241,352,2,20,0,38,0
1073,250,431,-33,4,-19,39,0
1116,279,484,-49,14,-31,40,0
1415,127,134,21,28,-8,41,0
1613,-411,-36,-197,-48,41,42,0
923,404,479,-115,-272,-18,43,0
614,342,448,-4,-60,24,44,0
779,415,282,132,152,70,45,0
824,297,192,223,51,48,46,0
800,181,234,275,65,30,47,0
841,76,226,253,60,24,48,0
854,42,205,155,64,11,49,0
1142,40,292,30,192,-3,50,0
1644,7,440,-96,232,-25,51,0
1602,94,535,-249,-161,-80,52,0
966,294,544,-360,-354,-129,53,0
659,525,516,-306,-226,-168,54,0
644,523,407,-127,-1,-171,55,0
876,366,301,56,187,-102,56,0
1039,220,173,143,141,-37,57,0
984,145,145,158,11,-23,58,0
865,87,175,133,-23,-30,59,0
820,58,211,89,0,-26,60,0
890,99,236,50,54,-12,61,0
1021,180,251,32,75,-6,62,0
1101,225,276,43,57,-1,63,0
1096,234,296,68,21,7,64,0
1015,216,300,81,4,9,65,0
416,355,15,428,-183,60,1,0
144,35,-184,262,-158,-103,2,0
40,-106,-236,168,-45,-82,3,0
-104,-39,-225,170,-183,-61,4,0
-372,-72,-67,245,-211,-56,5,0
-478,-149,-52,232,-20,-32,6,0
234,121,-114,-15,22,-35,9,0
574,79,168,-18,46,-55,10,0
1709,-195,921,-36,792,23,11,0
4,145,-83,124,-96,61,12,0
201,184,76,70,11,29,13,0
908,101,478,78,367,38,14,0
2161,-177,1327,-35,974,141,15,0
3450,-57,2198,-230,40,88,16,0
1796,648,1340,-213,-457,250,17,0
736,1140,780,-145,-597,25,18,0
494,933,389,172,-198,-126,19,0
575,362,259,345,402,-191,20,0
770,-138,95,369,264,-177,21,0
673,-551,-24,159,-97,-180,22,0
599,-437,83,-59,10,-107,23,0
930,-84,294,-135,204,-11,24,0
1111,214,422,-71,-12,99,25,0
884,329,427,-13,-133,166,26,0
968,383,434,9,63,157,27,0
1430,495,306,40,134,102,28,0
1568,261,238,21,33,57,29,0
1338,286,233,-123,-39,-45,30,0
1039,364,298,-90,-131,-74,31,0
750,315,378,-6,-124,-99,32,0
715,210,326,74,21,-74,33,0
801,152,254,126,48,-32,34,0
777,178,172,121,3,-16,35,0
715,231,203,127,-12,-23,36,0
752,121,282,138,60,-17,37,0
1065,19,422,114,165,12,38,0
1399,2,501,76,163,83,39,0
1486,61,514,-3,40,145,40,0
1238,276,453,-115,-116,138,41,0
975,523,434,-173,-159,58,42,0
777,622,437,-132,-136,-54,43,0
721,494,429,-54,-46,-143,44,0
794,305,425,5,23,-163,45,0
847,167,416,33,31,-143,46,0
834,97,402,48,30,-102,47,0
772,72,371,64,29,-41,48,0
817,59,363,73,90,24,49,0
989,72,384,68,123,79,50,0
1108,107,399,50,97,124,51,0
1075,208,406,21,29,148,52,0
940,354,406,8,-5,142,53,0
866,479,424,48,21,120,54,0
876,504,416,136,75,100,55,0
957,398,374,207,112,91,56,0
1035,306,349,226,100,80,57,0
1042,244,336,218,63,68,58,0
1007,214,310,191,32,57,59,0
947,224,268,159,12,49,60,0
947,233,255,120,7,33,61,0
967,247,273,75,-17,7,62,0
1026,268,319,46,-18,-10,63,0
1184,244,410,26,-5,-15,64,0
1262,200,501,-30,-64,-40,65,0
736,121,375,-112,-101,49,1,0
703,200,260,-72,-106,101,2,0
621,226,170,-44,-152,125,3,0
538,236,108,-47,-176,113,4,0
666,70,328,-104,-57,30,5,0
1704,-297,1220,-182,469,-56,6,0
3457,-601,2325,-404,491,-48,7,0
2771,121,2288,-637,-212,161,8,0
1902,1533,1627,-563,-298,213,9,0
959,1824,577,-146,-514,170,10,0
134,1526,225,134,-499,223,11,0
3516,173,2971,-145,-351,-119,12,0
1807,57,2046,-161,-254,-198,13,0
1351,501,1119,-65,-251,-186,14,0
798,461,340,265,-137,53,15,0
499,-408,-263,320,-94,164,16,0
21,-318,-337,-66,-277,-63,17,0
-257,42,-861,-158,-276,-33,18,0
-545,537,-315,-35,-180,14,19,0
-342,185,-64,147,156,99,20,0
78,197,30,132,157,90,21,0
222,237,137,72,-91,26,22,0
656,302,319,85,194,-25,23,0
1997,116,1227,101,1105,51,24,0
3922,272,2831,-140,400,-48,25,0
1723,516,1482,-15,-746,27,26,0
802,515,1026,-163,-424,-241,27,0
840,689,606,89,124,-112,28,0
893,189,320,329,211,39,29,0
627,-135,66,298,-147,32,30,0
274,-161,-50,159,-238,-30,31,0
117,-108,-32,65,-36,-32,32,0
434,-78,104,35,129,-6,33,0
866,8,378,20,202,49,34,0
1337,155,573,31,234,175,35,0
1480,240,637,-24,-52,208,36,0
1101,445,728,-132,-215,57,37,0
1088,546,755,-161,16,-77,38,0
1214,676,697,-62,52,-65,39,0
1022,699,560,92,-2,-25,40,0
890,474,348,204,15,-42,41,0
1173,-445,-675,331,-74,172,42,0
871,-418,-114,71,-220,-163,43,0
700,-162,398,78,-112,-93,44,0
705,-37,482,-52,-23,-106,45,0
756,146,402,-134,58,-39,46,0
1001,435,360,-31,187,43,47,0
1207,434,303,50,79,63,48,0
1056,351,411,56,-58,41,49,0
939,357,459,37,-13,24,50,0
958,350,410,25,7,-1,51,0
987,300,332,34,17,-12,52,0
1000,118,182,52,-9,9,53,0
953,25,166,-5,-39,-10,54,0
841,117,301,-33,-40,-31,55,0
846,229,323,-36,9,-22,56,0
944,346,291,-6,26,-5,57,0
1018,357,285,38,17,2,58,0
1023,262,335,47,2,6,59,0
998,243,360,25,0,0,60,0
996,241,347,8,8,-4,61,0
989,225,333,3,8,-2,62,0
972,215,321,-4,0,-2,63,0
924,221,304,-6,-6,2,64,0
899,225,294,0,-3,5,65,0
-23,364,1038,-54,-172,-171,1,0
433,250,951,148,534,-42,2,0
1361,23,954,270,959,57,3,0
2049,-118,1032,207,517,70,4,0
1800,-67,929,110,80,122,5,0
1499,290,837,33,-40,153,6,0
1142,506,666,39,-154,103,7,0
832,472,478,62,-97,-39,8,0
2926,-723,-2312,1720,840,-1,11,0
1437,318,666,582,283,518,12,0
1422,387,625,636,309,706,13,0
1621,507,362,495,243,688,14,0
1712,696,186,274,-4,361,15,0
1480,476,315,57,-277,-124,16,0
1311,87,569,-163,-329,-540,17,0
1220,-101,741,-326,-305,-795,18,0
1133,-49,780,-368,-191,-805,19,0
1226,105,758,-246,4,-633,20,0
1316,25,627,-16,47,-468,21,0
1218,-167,512,153,16,-284,22,0
1085,-216,428,210,12,-119,23,0
1024,-146,391,227,15,-3,24,0
990,-105,358,205,-5,38,25,0
950,-115,301,146,-1,49,26,0
919,-101,242,59,-8,56,27,0
838,-19,175,-18,-25,64,28,0
797,2,116,-78,-20,70,29,0
837,-28,147,-179,-22,42,30,0
798,-34,252,-299,-80,13,31,0
716,85,323,-424,-65,30,32,0
893,362,406,-481,52,23,33,0
1219,397,579,-384,-24,-28,34,0
1311,338,788,-171,-180,81,35,0
1220,471,903,36,-192,341,36,0
1047,626,814,214,-109,564,37,0
980,758,665,306,28,548,38,0
997,888,523,360,82,385,39,0
1001,703,422,408,76,160,40,0
1010,373,398,380,30,-3,41,0
962,157,360,290,-8,-72,42,0
946,49,322,164,13,-94,43,0
988,77,289,38,21,-109,44,0
1019,158,292,-43,-2,-133,45,0
1352,117,490,-86,108,-141,46,0
1369,103,499,-159,-167,-151,47,0
740,176,499,-218,-349,-152,48,0
578,345,448,-242,-180,-174,49,0
979,-378,-140,-219,-290,-177,50,0
844,-247,170,39,-157,20,51,0
967,7,393,98,160,20,52,0
1112,5,506,-28,193,38,53,0
1029,272,479,-77,94,16,54,0
1076,310,396,-18,205,9,55,0
1187,113,278,-29,175,22,56,0
1099,152,199,-148,58,-11,57,0
1002,310,194,-269,33,-77,58,0
973,360,253,-348,-15,-178,59,0
967,316,411,-448,-49,-320,60,0
912,283,545,-462,-103,-375,61,0
1053,158,758,-427,19,-362,62,0
1100,121,759,-409,-59,-340,63,0
614,292,631,-348,-228,-253,64,0
427,511,565,-132,-69,-148,65,0
-286,118,-724,95,-107,-50,1,0
-320,287,-491,103,-81,-43,2,0
-275,296,-366,124,-22,-45,3,0
-216,252,-280,91,9,-45,4,0
-176,281,-81,33,35,-54,5,0
-176,235,73,17,77,-68,6,0
-83,156,79,1,162,-64,7,0
38,201,-53,-14,213,-48,8,0
103,232,-236,-46,269,-57,9,0
184,389,-568,-78,334,-58,10,0
2407,-3579,-3922,301,30,562,11,0
-147,377,-808,10,-9,-26,12,0
-99,363,-811,11,23,-31,13,0
-126,359,-779,2,-12,-41,14,0
-150,386,-746,-1,8,-55,15,0
-138,357,-733,-3,2,-70,16,0
-161,313,-733,-20,2,-79,17,0
-147,351,-763,-36,14,-83,18,0
-150,386,-756,-40,10,-83,19,0
-152,438,-731,-37,18,-85,20,0
-130,402,-753,-37,24,-91,21,0
-154,404,-736,-39,10,-95,22,0
-195,382,-719,-40,33,-91,23,0
-158,385,-769,-56,54,-85,24,0
-171,451,-813,-51,21,-86,25,0
-273,480,-827,-23,-9,-84,26,0
-305,411,-845,-2,37,-78,27,0
-238,393,-870,-1,76,-84,28,0
-105,424,-884,17,48,-79,31,0
-102,392,-852,26,29,-71,32,0
-98,372,-815,25,27,-61,33,0
-87,360,-787,24,17,-48,34,0
-84,353,-776,23,15,-34,35,0
-88,355,-763,16,6,-22,36,0
-103,362,-751,15,0,-9,37,0
-107,348,-773,10,10,3,38,0
-90,367,-792,5,3,13,39,0
-112,377,-792,7,-10,21,40,0
-131,384,-781,10,-9,28,41,0
-142,371,-773,10,-11,34,42,0
-155,377,-764,5,-13,40,43,0
-167,384,-746,0,-21,44,44,0
-210,392,-731,-8,-24,48,45,0
-231,445,-738,-18,-4,50,46,0
-210,506,-759,-17,4,44,47,0
-200,532,-760,-8,-4,29,48,0
-234,526,-721,-4,-14,15,49,0
-259,541,-706,-4,0,1,50,0
-257,540,-698,3,13,-10,51,0
-248,512,-713,8,18,-19,52,0
-228,498,-741,6,26,-23,53,0
-197,506,-765,8,22,-28,54,0
-185,487,-744,14,13,-34,55,0
-184,452,-729,14,10,-34,56,0
-174,465,-737,11,13,-30,57,0
-148,459,-773,15,22,-25,58,0
-110,487,-806,11,20,-19,59,0
-109,518,-802,20,-4,-16,60,0
-140,498,-770,30,-19,-17,61,0
-186,482,-695,37,-24,-16,62,0
-195,442,-704,44,-3,-13,63,0
-162,411,-732,41,5,-7,64,0
-161,457,-753,33,-7,-3,65,0
630,758,1526,46,-85,147,1,0
493,928,1954,-100,-92,66,2,0
540,1134,1936,-88,49,8,3,0
804,523,1450,-78,213,-63,4,0
1171,198,774,-263,228,-130,5,0
1327,707,34,-209,102,-81,6,0
1484,408,-371,-26,277,-38,7,0
1538,200,-527,-129,184,-12,8,0
1416,795,-832,-172,19,-30,9,0
1107,783,-1049,-38,-10,3,10,0
-210,-291,-3922,32,-807,0,11,0
974,416,162,55,-36,-14,12,0
909,355,130,66,-18,-18,13,0
918,348,79,59,4,-14,14,0
889,378,33,48,2,-20,15,0
866,365,11,61,22,-18,16,0
882,315,-23,54,39,-13,17,0
882,329,-48,36,34,-9,18,0
866,340,-42,27,46,-5,19,0
807,286,9,23,63,10,20,0
842,323,-51,6,126,18,21,0
1055,455,-209,34,169,-10,22,0
1085,341,-244,71,42,-15,23,0
929,214,-178,55,8,5,24,0
941,253,-153,9,35,9,25,0
940,373,-138,12,3,15,26,0
927,404,-123,39,21,15,27,0
933,356,-112,44,16,8,28,0
931,344,-114,36,18,5,29,0
938,336,-108,30,18,8,30,0
924,334,-82,22,13,11,31,0
927,344,-51,14,19,10,32,0
947,360,-29,16,15,8,33,0
946,328,-2,16,8,7,34,0
948,352,22,5,6,4,35,0
929,376,22,2,2,-4,36,0
936,360,6,12,27,-11,37,0
953,338,-12,19,19,-14,38,0
936,311,-32,26,28,-14,39,0
975,286,-73,30,40,-8,40,0
981,272,-91,23,11,-4,41,0
943,280,-71,12,4,0,42,0
943,315,-56,8,8,3,43,0
949,331,-43,15,4,4,44,0
936,331,-27,19,4,6,45,0
951,337,-22,19,8,6,46,0
951,349,-16,20,4,7,47,0
947,358,3,20,5,6,48,0
950,364,12,23,8,4,49,0
952,366,18,21,8,2,50,0
948,376,21,15,8,-7,51,0
938,349,21,17,8,-11,52,0
944,329,21,17,15,-10,53,0
946,324,15,18,15,-8,54,0
934,333,10,21,18,-7,55,0
936,322,0,27,21,-4,56,0
950,323,-16,28,25,-3,57,0
967,332,-28,25,17,-1,58,0
967,345,-29,21,12,-4,59,0
957,352,-14,20,7,-7,60,0
962,334,-6,23,10,-6,61,0
962,336,-6,19,7,-6,62,0
958,356,-5,16,6,-10,63,0
950,330,-5,22,5,-10,64,0
951,307,-3,18,7,-8,65,0
750,423,780,-28,-31,60,1,0
790,457,660,12,79,56,2,0
883,457,527,27,171,40,3,0
1005,481,379,38,240,24,4,0
1084,519,198,52,254,4,5,0
1075,529,-24,61,253,-6,6,0
1092,557,-257,55,272,-23,7,0
1078,592,-512,49,211,-20,8,0
-948,-511,-3922,74,-817,0,9,0
1411,692,-1069,-662,1426,-316,10,0
1971,1943,-95,97,-204,590,11,0
794,380,169,59,4,3,12,0
849,451,137,35,-10,7,13,0
814,507,103,33,-5,2,14,0
822,490,60,36,17,0,15,0
830,477,24,29,19,0,16,0
835,499,-25,19,28,-2,17,0
834,507,-51,19,26,-6,18,0
848,481,-76,19,40,-4,19,0
864,488,-92,15,34,0,20,0
863,525,-112,13,35,-1,21,0
854,520,-140,22,33,-4,22,0
851,479,-149,28,40,-5,23,0
849,452,-152,21,34,-2,24,0
852,473,-157,21,35,2,25,0
880,471,-161,24,32,8,26,0
862,468,-124,17,9,12,27,0
864,479,-88,8,15,14,28,0
858,525,-56,4,4,12,29,0
845,519,-31,9,15,5,30,0
882,466,-9,4,22,3,31,0
892,457,21,-6,12,5,32,0
885,462,59,-16,13,5,33,0
894,482,82,-18,20,6,34,0
877,492,76,-12,22,4,35,0
881,475,49,-8,37,3,36,0
865,486,12,-2,31,6,37,0
869,517,-25,12,48,8,38,0
896,467,-45,25,41,12,39,0
869,454,-37,12,27,12,40,0
877,473,-22,8,33,15,41,0
862,497,-6,6,16,13,42,0
873,508,2,12,34,12,43,0
896,489,19,15,23,12,44,0
867,505,34,24,20,14,45,0
918,501,40,44,43,21,46,0
1025,461,32,44,55,33,47,0
951,408,87,3,-22,33,48,0
827,346,168,-59,11,40,49,0
882,389,187,-98,101,60,50,0
995,483,154,-101,132,64,51,0
1092,564,125,-72,104,41,52,0
1092,551,113,-34,14,21,53,0
975,541,147,-11,-69,-21,54,0
895,494,281,22,-54,-31,55,0
1244,379,303,34,171,-8,56,0
1328,289,196,-30,-46,-18,57,0
830,330,267,-148,-242,-65,58,0
710,493,241,-138,-12,-69,59,0
794,478,111,-35,5,-31,60,0
703,436,54,8,-40,-29,61,0
734,363,32,6,21,-37,62,0
822,340,43,0,4,-32,63,0
850,336,85,0,-10,-19,64,0
910,349,105,4,1,-3,65,0
1220,614,341,-64,-22,78,1,0
1047,786,376,-122,-146,9,2,0
804,889,422,-116,-206,-100,3,0
664,813,444,-41,-139,-200,4,0
761,573,451,37,37,-233,5,0
981,387,459,38,95,-239,6,0
1124,346,496,-24,84,-277,7,0
1245,410,592,-81,89,-333,8,0
1390,444,755,-119,140,-414,9,0
1649,514,893,-110,218,-512,10,0
3922,-2747,-1448,381,-391,459,11,0
775,228,457,52,-46,21,12,0
729,127,460,21,-28,12,13,0
742,131,395,-48,84,-32,14,0
869,157,294,-79,188,-54,15,0
1058,108,233,-102,234,-45,16,0
1106,138,203,-129,124,-39,17,0
1014,144,145,-122,62,-13,18,0
965,485,194,-524,-254,-341,21,0
737,437,501,-507,-195,-206,22,0
867,565,490,-231,-26,114,23,0
937,694,505,-52,-103,202,24,0
719,773,554,125,-97,238,25,0
788,612,533,411,149,348,26,0
1024,385,523,489,167,412,27,0
1033,415,523,424,53,358,28,0
1014,464,449,369,80,288,29,0
1080,508,401,313,67,158,30,0
1028,437,384,268,-15,22,31,0
974,301,401,219,-32,-56,32,0
973,205,439,173,-36,-88,33,0
984,146,465,125,-33,-92,34,0
997,151,465,85,-24,-72,35,0
1000,217,450,60,-29,-45,36,0
987,293,440,48,-44,-39,37,0
947,322,460,37,-62,-59,38,0
902,317,489,28,-60,-85,39,0
886,291,519,30,-49,-104,40,0
873,247,527,32,-34,-112,41,0
862,217,523,37,-20,-106,42,0
848,194,514,48,-4,-87,43,0
853,171,517,60,18,-61,44,0
872,144,500,66,33,-30,45,0
829,156,472,62,28,0,46,0
825,200,449,57,58,15,47,0
873,224,435,66,72,27,48,0
915,232,416,81,81,46,49,0
961,238,402,93,81,61,50,0
977,233,384,89,73,62,51,0
978,217,346,76,69,53,52,0
1016,176,327,44,67,44,53,0
1033,154,317,-7,40,30,54,0
983,189,319,-46,9,23,55,0
924,265,296,-41,15,38,56,0
996,268,323,0,65,69,57,0
1281,175,423,6,132,103,58,0
1301,200,425,-29,-19,120,59,0
914,353,351,-55,-109,119,60,0
763,488,308,-32,-17,95,61,0
842,443,265,20,51,64,62,0
971,336,268,48,44,61,63,0
1007,288,292,41,0,60,64,0
977,284,318,7,-21,33,65,0
553,-245,316,-34,104,117,1,0
675,-121,362,-112,118,149,2,0
757,-4,466,-128,93,199,3,0
836,39,596,-114,103,275,4,0
1015,54,788,-133,182,351,5,0
1231,123,1012,-203,228,424,6,0
1412,278,1362,-353,279,436,7,0
1507,985,1738,-475,362,348,8,0
1558,1527,1796,-254,303,381,9,0
1482,1275,1541,41,388,510,10,0
741,413,657,-61,-113,9,13,0
712,472,630,-3,-23,15,14,0
812,464,575,78,54,35,15,0
882,413,517,129,54,41,16,0
894,358,502,154,45,39,17,0
897,298,489,150,38,29,18,0
887,243,478,123,26,17,19,0
866,236,465,83,24,9,20,0
858,272,469,57,33,5,21,0
869,320,460,60,44,12,22,0
880,357,450,88,55,30,23,0
1057,326,508,123,160,61,24,0
1290,299,549,124,158,93,25,0
1144,433,392,106,-3,107,26,0
778,646,239,142,-77,84,27,0
690,674,168,264,72,68,28,0
995,411,200,372,273,71,29,0
1300,133,238,348,152,96,30,0
1213,107,268,233,-92,65,31,0
1111,160,341,84,-93,-19,32,0
1127,240,439,-14,-128,-102,33,0
1133,287,535,-48,-123,-156,34,0
1155,285,579,-51,-128,-181,35,0
1087,259,594,-53,-151,-212,36,0
1031,205,588,-51,-142,-243,37,0
937,132,557,-39,-155,-243,38,0
805,82,507,-12,-158,-200,39,0
680,49,473,21,-128,-127,40,0
616,26,452,51,-62,-47,41,0
635,-8,434,55,8,15,42,0
720,10,410,30,57,58,43,0
806,70,393,2,76,91,44,0
856,101,379,-31,80,102,45,0
899,90,394,-72,63,91,46,0
934,67,455,-97,54,107,47,0
948,87,483,-97,55,165,48,0
985,194,451,-98,85,217,49,0
939,152,541,-129,107,183,50,0
1227,296,475,-184,136,119,51,0
1285,325,493,-137,88,194,52,0
1277,398,621,-122,39,180,53,0
1124,449,555,-141,-44,130,54,0
922,539,522,-118,-33,84,55,0
896,561,471,-49,48,59,56,0
961,495,417,19,73,47,57,0
946,434,354,54,55,34,58,0
941,406,308,69,66,13,59,0
982,370,275,73,65,-10,60,0
1009,331,257,61,30,-39,61,0
1023,280,284,29,-7,-75,62,0
1020,281,354,-1,-49,-106,63,0
977,288,420,3,-80,-113,64,0
942,280,470,29,-81,-93,65,0
3449,-29,-48,103,1175,260,1,0
1239,-80,426,248,-1116,133,2,0
232,-29,767,-78,-446,-95,3,0
837,407,632,-17,580,-71,4,0
1706,420,445,131,-35,33,5,0
1056,169,826,143,-694,63,6,0
337,51,1001,26,-604,12,7,0
136,133,1031,-88,-85,-39,8,0
-95,372,1552,-49,223,38,9,0
517,141,2017,76,963,171,10,0
3922,-401,-1476,203,1743,71,11,0
1003,347,471,5,41,-12,12,0
1010,338,468,13,-22,-24,13,0
986,275,483,10,-33,-39,14,0
927,231,506,-7,-67,-55,15,0
864,211,516,-22,-55,-61,16,0
856,187,494,-28,-34,-53,17,0
857,164,459,-34,-23,-36,18,0
928,128,451,-49,13,-19,19,0
1078,115,519,-84,27,0,20,0
1059,248,553,-94,-50,28,21,0
830,399,477,-51,-101,61,22,0
730,473,386,37,0,84,23,0
889,372,302,111,119,104,24,0
1030,274,266,121,63,110,25,0
1031,245,287,79,-2,90,26,0
979,283,338,23,-44,50,27,0
910,328,400,-11,-58,17,28,0
906,369,458,-6,-30,3,29,0
962,381,507,11,-7,-6,30,0
981,400,507,42,-10,-10,31,0
934,374,461,71,-2,-23,32,0
935,346,389,85,22,-48,33,0
939,307,349,102,9,-63,34,0
947,205,355,115,0,-69,35,0
898,144,406,109,-33,-61,36,0
802,137,423,94,-31,-53,37,0
763,188,396,99,8,-28,38,0
757,224,365,136,30,7,39,0
763,200,374,177,65,39,40,0
855,158,398,188,110,56,41,0
996,142,439,181,143,73,42,0
1025,223,389,184,88,99,43,0
906,294,322,199,68,103,44,0
926,294,275,212,112,89,45,0
1009,223,298,192,76,63,46,0
986,153,402,123,41,20,47,0
980,189,449,71,28,0,48,0
920,245,452,61,9,2,49,0
876,280,447,77,21,11,50,0
869,269,457,102,20,20,51,0
855,246,475,122,22,32,52,0
867,234,481,135,29,46,53,0
900,227,478,138,32,55,54,0
934,220,487,127,23,58,55,0
945,216,515,103,8,52,56,0
935,223,543,76,0,47,57,0
941,239,566,49,0,40,58,0
928,270,587,29,-5,33,59,0
891,312,588,26,-8,30,60,0
858,356,594,47,4,34,61,0
856,378,599,87,33,42,62,0
885,382,589,137,54,58,63,0
904,361,563,177,62,69,64,0
930,337,535,180,69,56,65,0
1263,803,-272,-264,-9,-949,1,0
1530,101,107,21,-355,-799,2,0
1916,-187,777,196,-567,-609,3,0
1837,-87,1597,388,-933,-268,4,0
1250,716,1896,432,-1208,-93,5,0
450,968,1533,709,-1157,194,6,0
91,1261,1236,799,-634,-1,7,0
189,1528,1263,1131,-94,-188,8,0
613,1241,1489,1394,424,-212,9,0
758,613,1730,1572,441,-100,10,0
111,-585,1273,1489,287,105,11,0
704,194,836,214,-54,135,12,0
749,208,765,153,-33,57,13,0
753,177,759,112,-17,25,14,0
764,233,740,110,17,50,15,0
791,285,704,159,19,89,16,0
795,238,710,178,-14,99,17,0
776,254,756,162,-22,78,18,0
733,250,751,174,-11,72,19,0
747,224,721,175,4,64,20,0
738,205,755,183,-15,69,21,0
686,209,779,210,-10,97,22,0
697,-40,726,285,46,203,23,0
818,-55,676,261,66,237,24,0
826,-79,658,175,5,190,25,0
833,69,646,99,20,98,26,0
892,142,661,89,39,58,27,0
948,70,594,75,46,78,28,0
994,173,585,65,25,61,29,0
920,123,592,64,-36,51,30,0
876,125,569,26,-36,25,31,0
820,163,578,8,-47,9,32,0
807,169,588,32,-25,11,33,0
891,143,587,40,8,6,34,0
968,151,578,22,-9,-10,35,0
935,193,633,0,-49,-22,36,0
866,250,649,35,-28,5,37,0
894,303,611,76,-6,3,38,0
845,203,599,145,-30,26,39,0
872,83,603,177,1,45,40,0
970,-9,576,127,-4,32,41,0
1012,-68,515,23,-29,-8,42,0
1031,111,487,-145,-16,-114,43,0
973,264,555,-151,-113,-139,44,0
913,310,539,-111,-87,-127,45,0
940,301,543,-69,-106,-113,46,0
879,292,558,-35,-138,-103,47,0
850,262,574,-13,-133,-103,48,0
759,166,592,-15,-82,-83,51,0
752,152,594,-23,-47,-64,52,0
766,159,596,-24,-16,-37,53,0
762,202,580,-10,6,4,54,0
782,268,562,20,47,48,55,0
835,308,516,66,80,78,56,0
891,320,452,101,115,100,57,0
994,311,422,113,138,109,58,0
1064,305,391,87,93,81,59,0
1013,319,380,49,38,32,60,0
1005,291,379,22,39,-9,61,0
996,245,370,1,13,-31,62,0
949,242,349,-1,6,-27,63,0
955,210,323,3,16,-11,64,0
964,171,309,-8,5,1,65,0
935,184,-702,332,-131,-136,1,0
1102,308,-672,282,-147,25,2,0
518,80,-442,120,-488,93,3,0
419,887,-463,22,-231,10,4,0
736,1026,-400,206,90,92,5,0
597,919,-321,174,-119,-17,6,0
54,890,-31,206,-80,-48,7,0
-236,579,36,263,105,-9,8,0
122,486,281,216,774,-43,9,0
1283,527,797,233,1595,-6,10,0
2462,389,924,197,1464,-142,11,0
477,526,494,63,67,-7,12,0
585,507,414,89,139,43,13,0
646,539,415,94,70,63,14,0
571,538,407,105,44,88,15,0
567,536,358,112,50,114,16,0
579,509,327,119,15,135,17,0
579,459,321,144,-25,174,18,0
589,388,340,162,-49,210,19,0
614,293,376,154,-44,229,20,0
696,172,426,108,0,233,21,0
821,121,498,23,31,227,22,0
1023,83,614,-75,114,215,23,0
1205,161,668,-175,131,227,24,0
1218,397,643,-194,89,291,25,0
1281,636,548,-151,113,303,26,0
1314,697,513,-95,48,257,27,0
1178,686,551,-76,-56,191,28,0
1001,721,603,-45,-67,121,29,0
913,622,623,18,-25,42,30,0
892,451,622,71,19,0,31,0
922,347,582,111,52,15,32,0
922,278,520,121,49,45,33,0
955,269,491,90,59,48,34,0
961,328,481,43,12,25,35,0
881,412,479,9,-16,-15,36,0
857,460,505,4,-7,-48,37,0
845,447,532,21,-5,-69,38,0
885,400,548,47,9,-70,39,0
897,351,562,71,-8,-59,40,0
872,330,577,91,-18,-41,41,0
866,300,588,96,-15,-34,42,0
873,293,583,90,-12,-39,43,0
886,299,586,88,-12,-43,44,0
897,293,588,93,-14,-44,45,0
890,271,576,95,-25,-48,46,0
858,249,571,91,-27,-55,47,0
847,221,559,86,-21,-61,48,0
857,165,558,79,-14,-55,49,0
868,127,541,57,-14,-43,50,0
866,153,506,34,-8,-27,51,0
868,195,451,24,0,-8,52,0
876,239,418,22,11,9,53,0
1106,155,538,12,106,24,54,0
1398,24,615,-63,49,23,55,0
865,193,454,-153,-281,28,56,0
466,466,348,-155,-179,36,57,0
547,428,278,-55,64,30,58,0
870,236,281,-30,100,47,59,0
947,266,394,-43,-35,91,60,0
920,328,490,-46,-22,114,61,0
953,382,547,-61,-10,100,62,0
954,513,560,-40,9,87,63,0
973,586,536,29,48,91,64,0
993,569,442,93,67,77,65,0
909,305,1296,-445,-321,-535,1,0
681,399,1386,-370,-289,-544,2,0
517,628,1434,-212,-141,-428,3,0
633,944,1626,128,260,-225,4,0
1157,727,1657,436,666,-116,5,0
1862,440,1706,497,622,-149,6,0
1785,364,1553,529,449,-235,7,0
1723,384,1321,575,475,-239,8,0
1643,33,1046,650,480,-229,9,0
2042,-899,514,438,450,-442,10,0
2104,-1625,-412,-144,132,-745,11,0
1380,497,1816,-357,-475,243,12,0
1059,661,1726,-330,-428,182,13,0
870,742,1522,-297,-319,125,14,0
758,898,1297,-230,-231,74,15,0
665,792,1045,-89,-136,18,16,0
698,487,876,-32,-53,-11,17,0
665,363,801,-46,-90,-7,18,0
537,386,749,-61,-87,0,19,0
483,455,694,-34,-11,15,20,0
574,480,594,16,96,39,21,0
723,480,489,51,151,51,22,0
827,464,411,60,165,35,23,0
951,414,339,49,175,-11,24,0
1031,371,316,7,157,-63,25,0
1034,398,298,-11,145,-78,26,0
1097,410,286,8,181,-68,27,0
1162,358,258,25,162,-64,28,0
1106,285,240,23,111,-60,29,0
1036,250,257,13,96,-46,30,0
965,274,321,30,78,-11,31,0
934,308,355,86,110,41,32,0
1007,261,337,132,149,76,33,0
1069,234,317,131,130,78,34,0
1071,264,330,120,104,68,35,0
1087,258,391,121,73,53,36,0
1031,236,457,120,21,44,37,0
965,249,503,122,16,41,38,0
955,254,526,132,19,36,39,0
945,231,548,140,20,28,40,0
1017,169,562,131,43,19,41,0
975,138,543,97,-15,5,42,0
914,130,533,51,-5,-10,43,0
864,150,533,11,-26,-29,44,0
809,178,522,0,-10,-30,45,0
813,211,522,17,12,-1,46,0
856,210,513,37,34,18,47,0
921,186,499,33,35,18,48,0
950,186,488,21,13,20,49,0
913,174,488,1,-16,18,50,0
821,176,492,-26,-35,9,51,0
765,220,505,-38,-23,12,52,0
774,260,514,-17,1,33,53,0
831,262,515,11,28,60,54,0
923,243,525,24,41,77,55,0
1022,237,551,15,42,83,56,0
1050,262,546,-8,8,76,57,0
990,324,541,-36,-16,53,58,0
942,404,556,-45,-16,23,59,0
911,460,551,-22,-9,0,60,0
875,460,518,15,2,-19,61,0
857,396,485,39,9,-48,62,0
806,331,452,45,1,-72,63,0
768,307,426,53,20,-79,64,0
786,268,425,64,32,-78,65,0
822,125,532,31,-44,-94,1,0
789,93,520,0,-41,-80,2,0
766,104,518,-35,-30,-66,3,0
783,164,528,-53,-11,-40,4,0
1734,869,187,-110,-45,-311,5,0
1515,881,307,-35,-274,-268,6,0
1257,787,467,30,-365,-220,7,0
995,691,618,60,-406,-199,8,0
737,698,811,83,-400,-217,9,0
464,598,898,166,-365,-194,10,0
286,282,863,188,-237,-152,11,0
2539,831,-852,131,499,48,12,0
2775,861,-1078,23,138,-88,13,0
1951,543,-488,69,-273,13,14,0
1516,732,-137,3,-205,-35,15,0
1373,642,165,15,-273,-37,16,0
1026,633,462,27,-366,-33,17,0
821,574,643,56,-294,-25,18,0
743,506,705,75,-253,-14,19,0
668,455,743,61,-237,-7,20,0
559,471,822,30,-220,-17,21,0
436,474,940,37,-187,-25,22,0
380,359,1059,46,-106,-16,23,0
350,330,1095,26,-50,-8,24,0
386,363,1003,38,49,3,25,0
517,279,807,63,137,23,26,0
643,197,559,56,169,44,27,0
764,169,332,12,197,55,28,0
866,312,169,0,226,77,29,0
1119,366,-31,24,273,97,30,0
1270,336,-128,10,184,108,31,0
1303,423,-155,-37,130,88,32,0
1323,581,-213,-29,105,81,33,0
1424,526,-237,1,115,81,34,0
1468,470,-147,-2,42,73,35,0
1358,463,16,-11,-27,66,36,0
1247,478,144,-11,-55,59,37,0
1106,479,244,-1,-94,49,38,0
971,455,323,19,-103,39,39,0
886,379,379,34,-97,28,40,0
829,320,435,29,-78,20,41,0
808,308,452,17,-59,15,42,0
795,330,466,13,-42,15,43,0
793,337,470,26,-16,19,44,0
792,321,443,35,6,23,45,0
829,320,411,37,48,18,46,0
897,324,354,41,64,13,47,0
930,302,319,41,52,7,48,0
936,305,301,37,49,6,49,0
947,315,293,40,54,6,50,0
940,304,292,42,60,2,51,0
955,298,297,40,79,-2,52,0
998,313,274,45,85,-4,53,0
1035,298,255,60,60,-5,54,0
1022,245,248,59,20,-3,55,0
983,225,257,41,7,-2,56,0
969,229,271,23,9,-1,57,0
963,233,299,11,3,2,58,0
958,257,327,5,4,10,59,0
953,274,352,5,-2,17,60,0
930,288,366,7,-5,19,61,0
921,305,368,11,1,20,62,0
916,309,364,20,11,20,63,0
937,292,349,21,21,18,64,0
951,290,347,17,17,12,65,0
1094,1666,1480,627,-992,455,1,0
914,1598,899,861,-711,268,2,0
1278,1229,711,822,-463,-91,3,0
555,796,1217,872,-605,3,4,0
-111,660,998,709,-506,-85,5,0
159,581,289,395,154,-342,6,0
501,590,332,461,682,-116,7,0
534,-62,379,444,493,52,8,0
756,-602,556,184,804,108,9,0
1578,-38,928,-340,1401,-177,10,0
2172,1001,889,-405,1075,-616,11,0
800,396,630,42,-23,128,12,0
788,483,638,30,-70,107,13,0
757,482,639,30,-38,90,14,0
795,482,642,12,-30,67,15,0
765,523,640,0,-46,40,16,0
736,535,630,17,-19,21,17,0
778,477,598,23,28,6,18,0
824,472,555,26,21,-2,19,0
836,449,526,43,29,-2,20,0
869,403,505,51,33,-5,21,0
877,377,496,49,18,-11,22,0
871,360,493,50,13,-12,23,0
868,334,488,51,10,-12,24,0
862,309,484,53,10,-6,25,0
867,290,474,50,9,-2,26,0
866,299,470,54,2,8,27,0
863,301,471,74,0,31,28,0
867,250,463,74,2,38,29,0
876,239,466,42,2,26,30,0
890,282,469,24,7,22,31,0
894,297,471,25,0,26,32,0
887,295,477,21,0,25,33,0
893,291,482,18,0,25,34,0
879,294,484,14,-7,25,35,0
875,302,484,11,-3,25,36,0
879,308,484,13,-1,26,37,0
886,306,481,13,-3,25,38,0
888,304,483,11,-1,22,39,0
886,308,486,4,-7,15,40,0
878,324,488,4,-5,10,41,0
883,315,494,10,0,8,42,0
884,306,488,10,-1,6,43,0
879,310,491,9,3,3,44,0
883,314,480,11,5,0,45,0
892,306,473,14,8,-1,46,0
884,298,473,15,4,-1,47,0
875,306,467,16,11,-1,48,0
881,302,462,18,17,0,49,0
872,300,461,24,10,2,50,0
869,304,466,30,19,5,51,0
875,314,463,37,18,7,52,0
873,296,462,50,20,14,53,0
889,289,465,44,22,9,54,0
895,304,474,41,12,4,55,0
886,314,488,53,7,8,56,0
876,313,499,75,3,18,57,0
865,306,498,97,-1,31,58,0
845,278,492,111,7,36,59,0
860,238,481,107,26,31,60,0
879,201,465,81,32,19,61,0
892,192,452,40,39,-1,62,0
926,219,445,-2,41,-24,63,0
941,288,455,-15,29,-28,64,0
930,349,479,-2,14,-20,65,0
474,36,794,9,113,-33,1,0
507,51,820,-20,163,1,2,0
614,135,853,-16,223,49,3,0
753,168,922,78,293,116,4,0
872,257,921,226,380,239,5,0
1001,312,1068,502,548,413,6,0
1384,49,1108,714,746,516,7,0
1842,-568,788,594,525,384,8,0
1576,-349,611,272,225,121,9,0
1413,150,551,108,331,-31,10,0
3922,-2336,-3922,196,403,396,11,0
921,250,519,-139,-8,-30,12,0
902,342,582,-169,-48,-57,13,0
817,398,625,-150,-40,-64,14,0
815,404,646,-105,1,-59,15,0
799,386,649,-55,20,-51,16,0
808,359,630,-5,76,-36,17,0
866,297,547,45,103,-7,18,0
1149,-1248,-751,-218,-122,105,19,0
1575,438,-154,-455,453,-296,20,0
1214,119,691,-175,-337,-117,21,0
544,622,806,-192,-415,-70,22,0
512,802,680,142,68,98,23,0
929,457,586,298,337,119,24,0
1106,117,435,214,39,58,25,0
954,155,308,92,-3,10,26,0
1002,240,350,89,40,13,27,0
887,205,454,110,-52,29,28,0
859,191,478,99,-3,37,29,0
882,183,474,68,-11,26,30,0
903,187,450,37,20,10,31,0
974,201,404,24,25,2,32,0
982,200,382,31,2,4,33,0
949,180,404,31,-4,4,34,0
928,199,430,23,2,0,35,0
917,213,435,19,9,-1,36,0
935,221,412,13,14,-4,37,0
942,234,411,10,6,-6,38,0
925,235,420,10,0,-6,39,0
917,242,427,11,2,-5,40,0
924,241,416,16,4,-2,41,0
934,241,406,23,4,0,42,0
941,240,402,31,5,3,43,0
941,232,410,35,2,4,44,0
928,219,403,32,-1,1,45,0
909,217,396,25,-3,-3,46,0
898,219,393,16,-6,-11,47,0
895,221,392,9,1,-17,48,0
904,223,396,8,8,-18,49,0
911,235,411,9,12,-17,50,0
922,243,420,2,19,-22,51,0
937,264,420,-4,19,-27,52,0
951,278,432,-4,14,-26,53,0
984,251,432,0,21,-24,54,0
1056,216,410,3,27,-14,55,0
1069,184,407,13,22,1,56,0
977,182,421,13,3,8,57,0
861,225,419,18,-1,13,58,0
815,296,440,31,10,13,59,0
808,349,442,55,23,8,60,0
862,304,457,87,46,20,61,0
917,248,459,86,33,27,62,0
904,221,471,68,9,25,63,0
893,206,504,37,13,25,64,0
887,247,529,21,14,39,65,0
711,266,669,-43,75,-12,1,0
759,231,657,-24,126,-13,2,0
865,178,648,0,184,-10,3,0
981,157,620,12,202,-10,4,0
1046,142,593,4,208,-23,5,0
1081,140,597,4,232,-27,6,0
1140,194,614,4,280,-38,7,0
1213,288,616,29,310,-42,8,0
3922,-3170,-3491,-781,762,27,9,0
1278,-65,754,-227,-1408,-307,10,0
-410,632,1717,-314,-1181,-229,11,0
927,156,420,33,-176,-31,12,0
847,164,462,76,-60,3,13,0
888,144,447,89,-58,24,14,0
853,131,442,66,-56,18,15,0
823,200,373,66,-4,20,18,0
840,203,325,55,12,17,19,0
879,219,266,49,39,15,20,0
920,237,219,40,40,12,21,0
922,264,194,38,34,5,22,0
922,254,179,44,44,3,23,0
970,234,156,46,58,0,24,0
995,226,150,39,42,0,25,0
984,269,156,38,43,-7,26,0
1012,253,140,48,53,-13,27,0
1025,214,134,52,42,-12,28,0
1011,182,154,43,34,-15,29,0
1006,213,162,36,41,-16,30,0
1032,229,170,47,43,-15,31,0
1037,209,163,62,41,-17,32,0
1063,128,144,61,45,-18,33,0
1065,117,123,52,28,-9,34,0
1038,122,113,46,18,-2,35,0
1042,106,116,40,25,0,36,0
1058,108,132,31,16,7,37,0
1038,151,151,23,2,13,38,0
1025,183,167,20,5,18,39,0
1005,211,180,19,-5,18,40,0
968,229,207,24,-5,20,41,0
915,210,276,45,10,32,44,0
937,203,266,30,32,23,45,0
971,248,257,27,29,23,46,0
974,270,261,37,15,26,47,0
954,262,267,37,10,18,48,0
955,263,268,30,24,2,49,0
973,256,264,34,25,-5,50,0
975,233,262,42,27,-7,51,0
979,202,254,45,28,-8,52,0
984,182,248,42,29,-12,53,0
988,167,246,41,27,-12,54,0
987,149,260,44,25,-6,55,0
982,150,266,44,27,1,56,0
976,171,275,45,30,4,57,0
982,167,275,51,36,7,58,0
975,151,280,54,36,13,59,0
975,163,294,53,45,18,60,0
1004,172,282,52,57,18,61,0
1028,156,283,46,45,11,62,0
1011,152,297,38,26,7,63,0
982,158,314,33,22,2,64,0
985,157,328,34,28,0,65,0
789,204,622,23,86,58,1,0
832,210,617,8,97,81,2,0
848,277,638,15,104,108,3,0
873,324,658,45,140,108,4,0
918,342,681,78,182,85,5,0
966,334,683,117,218,81,6,0
543,425,150,172,191,68,7,0
3922,-2265,-3385,-359,1590,115,8,0
2054,168,1028,-431,-916,-621,9,0
360,528,1123,-485,-1144,-238,10,0
49,1241,856,183,-334,-69,11,0
828,355,592,17,41,0,12,0
865,333,568,33,59,-6,13,0
901,307,544,42,66,-10,14,0
897,209,524,16,56,-28,15,0
909,169,485,-61,64,-70,16,0
928,225,437,-91,67,-76,17,0
1184,-130,-153,-168,52,-62,18,0
1354,111,208,-89,119,-45,19,0
947,191,596,-113,-250,-42,20,0
659,596,693,-49,-126,-11,21,0
767,477,622,131,94,52,22,0
926,270,563,154,60,41,23,0
891,209,539,117,5,21,24,0
883,230,521,84,30,9,25,0
895,222,498,66,15,2,26,0
888,202,492,42,8,-2,27,0
877,208,514,13,-9,-9,28,0
842,244,547,-5,-10,-14,29,0
841,284,565,0,5,-10,30,0
858,288,564,18,8,-1,31,0
861,280,554,30,14,1,32,0
867,258,532,35,21,0,33,0
914,201,447,27,37,-3,34,0
1018,183,362,17,40,1,35,0
973,211,448,3,-30,-4,36,0
866,285,537,4,-18,0,37,0
867,300,544,25,4,8,38,0
861,271,542,30,2,6,39,0
867,262,527,25,10,3,40,0
869,269,529,22,4,1,41,0
868,267,525,20,8,1,42,0
871,273,523,21,6,2,43,0
860,269,517,24,9,2,44,0
891,253,494,25,19,1,45,0
916,246,483,23,12,1,46,0
915,249,481,23,5,2,47,0
894,257,503,22,0,1,48,0
877,265,519,24,3,1,49,0
877,264,522,25,7,0,50,0
883,254,523,25,6,0,51,0
878,249,525,23,5,0,52,0
874,250,528,20,5,-2,53,0
879,247,521,18,7,-2,54,0
881,251,520,17,8,-2,55,0
888,249,511,16,6,-3,56,0
890,248,512,14,5,-4,57,0
891,246,509,13,5,-4,58,0
890,251,511,12,2,-4,59,0
878,264,519,11,2,-5,60,0
888,260,522,10,5,-5,61,0
882,260,531,11,1,-4,62,0
873,259,527,12,2,-2,63,0
877,268,522,11,6,-2,64,0
886,275,523,15,7,0,65,0
902,143,434,35,-131,-22,1,0
983,334,392,163,-175,47,2,0
949,246,395,396,-313,146,3,0
936,-940,145,-77,-460,-110,4,0
196,-1224,1098,-1254,-118,-422,5,0
348,302,1387,-1743,624,-550,6,0
1144,1302,1002,-715,-28,-464,7,0
777,2403,1050,923,-827,175,8,0
-48,987,1602,1743,-82,379,9,0
110,-911,1908,1686,753,477,10,0
969,-2090,-170,-249,-330,-254,11,0
903,273,212,57,27,21,12,0
943,275,179,18,35,3,13,0
976,286,138,6,68,-4,14,0
1027,275,127,20,52,-3,15,0
998,234,143,23,9,-3,16,0
969,230,178,10,9,-4,17,0
980,255,211,1,17,-3,18,0
982,274,218,4,23,-2,19,0
981,274,214,15,26,0,20,0
969,266,195,22,21,-1,21,0
975,252,190,23,31,-3,22,0
997,240,182,18,32,-3,23,0
995,246,171,14,21,-2,24,0
988,251,170,11,17,-1,25,0
999,253,179,10,10,-2,26,0
993,250,198,6,-1,-2,27,0
983,259,203,4,0,-2,28,0
978,263,203,-2,-3,-4,29,0
974,270,212,-4,0,-6,30,0
973,272,221,-10,-6,-9,31,0
969,287,231,-10,-9,-10,32,0
961,278,243,-4,-11,-7,33,0
952,283,254,-3,-11,-10,34,0
953,282,271,-1,-7,-10,35,0
956,272,271,2,-4,-10,36,0
972,285,241,15,-1,-4,37,0
989,286,208,35,-11,3,38,0
979,269,186,39,-28,3,39,0
995,270,101,28,-16,-19,40,0
1023,172,6,-5,-14,-49,41,0
1063,-297,-118,-195,-42,-107,42,0
995,-336,66,-520,-103,-237,43,0
1073,-173,280,-604,-125,-273,44,0
1202,-92,534,-565,-157,-258,45,0
1120,53,663,-423,-247,-77,46,0
886,297,573,-101,-243,159,47,0
765,359,562,116,-108,243,48,0
831,246,481,226,59,268,49,0
990,222,445,217,104,247,50,0
1041,268,412,176,107,232,51,0
1097,316,370,141,147,224,52,0
1121,365,319,108,128,201,53,0
1078,424,276,84,114,173,54,0
1075,440,222,77,133,147,55,0
1101,436,190,50,122,108,56,0
1074,483,158,30,90,65,57,0
1056,461,130,32,88,28,58,0
1080,428,121,6,67,-17,59,0
1104,503,78,20,13,-44,60,0
1191,554,12,86,-87,-81,61,0
1046,317,168,-23,-108,-141,64,0
1102,388,221,-67,-116,-175,65,0
